sl_ticks,tp_ticks,rr,max_holding_bars,direction,nc,trades_per_day,wr_used_mid_bracket,wr_bracket_width,pass_rate_15d,blow_rate,avg_days_to_pass,combines_por_ano,costo_esperado_por_combine
50,20,0.4,130,always_short,50,1,0.7184,0.0089,0.8093,0.1908,3.71,54.99,60.55
50,20,0.4,100,always_short,50,1,0.7184,0.0089,0.8093,0.1908,3.71,54.99,60.55
50,20,0.4,66,always_short,50,1,0.7181,0.0089,0.8091,0.1909,3.71,54.96,60.56
50,20,0.4,45,always_short,50,1,0.7147,0.0089,0.804,0.196,3.72,54.51,60.95
50,20,0.4,100,alternate,50,1,0.713,0.0087,0.8021,0.1979,3.72,54.32,61.09
50,20,0.4,130,alternate,50,1,0.7129,0.0087,0.802,0.198,3.72,54.31,61.1
50,20,0.4,66,alternate,50,1,0.7129,0.0087,0.8016,0.1984,3.72,54.28,61.13
50,20,0.4,45,alternate,50,1,0.7106,0.0087,0.7991,0.2009,3.73,54.03,61.32
50,20,0.4,66,always_long,50,1,0.7076,0.0085,0.7959,0.2041,3.74,53.67,61.57
50,20,0.4,100,always_long,50,1,0.7076,0.0085,0.7959,0.2041,3.74,53.67,61.57
50,20,0.4,130,always_long,50,1,0.7074,0.0085,0.7953,0.2047,3.74,53.63,61.62
50,20,0.4,45,always_long,50,1,0.7065,0.0085,0.7945,0.2055,3.74,53.56,61.67
50,20,0.4,30,always_short,50,1,0.7059,0.0089,0.7939,0.2061,3.74,53.51,61.72
50,20,0.4,30,alternate,50,1,0.7029,0.0087,0.7884,0.2116,3.75,53.04,62.15
50,20,0.4,30,always_long,50,1,0.6999,0.0084,0.7835,0.2165,3.75,52.67,62.54
50,10,0.2,100,always_short,50,2,0.8333,0.0143,0.778,0.222,3.76,52.2,62.98
50,10,0.2,130,always_short,50,2,0.8333,0.0143,0.778,0.222,3.76,52.2,62.98
50,10,0.2,66,always_short,50,2,0.8332,0.0143,0.7779,0.2221,3.76,52.18,62.99
50,10,0.2,45,always_short,50,2,0.8322,0.0143,0.7748,0.2253,3.76,51.97,63.25
50,10,0.2,66,alternate,50,2,0.8292,0.0154,0.768,0.232,3.77,51.37,63.8
50,10,0.2,100,alternate,50,2,0.8292,0.0155,0.768,0.232,3.77,51.37,63.8
50,10,0.2,130,alternate,50,2,0.8292,0.0155,0.768,0.232,3.77,51.37,63.8
50,10,0.2,45,alternate,50,2,0.8286,0.0154,0.7669,0.2331,3.77,51.24,63.9
50,10,0.2,30,always_short,50,2,0.828,0.0143,0.765,0.235,3.77,51.09,64.05
50,10,0.2,30,alternate,50,2,0.8257,0.0154,0.7585,0.2415,3.78,50.51,64.6
50,10,0.2,100,always_long,50,2,0.8251,0.0166,0.7576,0.2424,3.79,50.44,64.68
50,10,0.2,66,always_long,50,2,0.8251,0.0166,0.7576,0.2424,3.79,50.44,64.68
50,10,0.2,45,always_long,50,2,0.825,0.0166,0.7575,0.2425,3.79,50.43,64.69
50,10,0.2,130,always_long,50,2,0.8251,0.0166,0.7575,0.2425,3.79,50.43,64.69
50,25,0.5,100,always_short,50,1,0.6726,0.0075,0.7764,0.2236,3.9,50.22,63.11
50,25,0.5,130,always_short,50,1,0.6726,0.0075,0.7764,0.2236,3.9,50.22,63.11
50,25,0.5,66,always_short,50,1,0.672,0.0075,0.7756,0.2244,3.9,50.15,63.17
50,10,0.2,30,always_long,50,2,0.8235,0.0165,0.7538,0.2462,3.79,50.13,65.01
50,25,0.5,45,always_short,50,1,0.6672,0.0075,0.7686,0.2314,3.91,49.55,63.75
50,25,0.5,100,alternate,50,1,0.6652,0.0071,0.7655,0.2345,3.91,49.28,64.01
50,25,0.5,130,alternate,50,1,0.6652,0.0071,0.7655,0.2345,3.91,49.27,64.01
50,25,0.5,100,always_short,40,1,0.6726,0.0075,0.7429,0.2571,3.8,49.26,65.96
50,25,0.5,130,always_short,40,1,0.6726,0.0075,0.7429,0.2571,3.8,49.26,65.96
50,25,0.5,66,alternate,50,1,0.6649,0.0071,0.7652,0.2347,3.92,49.25,64.03
50,25,0.5,66,always_short,40,1,0.672,0.0075,0.7418,0.2582,3.8,49.17,66.06
40,20,0.5,130,always_short,50,1,0.6709,0.0141,0.74,0.26,3.8,49.04,66.22
40,20,0.5,100,always_short,50,1,0.6708,0.0141,0.74,0.26,3.8,49.04,66.22
40,20,0.5,66,always_short,50,1,0.6708,0.0141,0.7396,0.2604,3.8,49.01,66.25
50,25,0.5,45,alternate,50,1,0.6613,0.0071,0.7606,0.2394,3.92,48.9,64.42
40,20,0.5,45,always_short,50,1,0.6692,0.0141,0.7375,0.2625,3.81,48.83,66.44
50,25,0.5,45,always_short,40,1,0.6672,0.0075,0.7336,0.2664,3.81,48.53,66.79
50,25,0.5,100,always_long,50,1,0.6579,0.0068,0.7556,0.2444,3.93,48.48,64.85
50,25,0.5,66,always_long,50,1,0.6578,0.0068,0.7555,0.2445,3.93,48.47,64.86
50,25,0.5,130,always_long,50,1,0.6577,0.0068,0.7554,0.2446,3.93,48.47,64.87
40,20,0.5,130,alternate,50,1,0.6653,0.0139,0.7298,0.2702,3.81,48.24,67.15
40,20,0.5,100,alternate,50,1,0.6653,0.0139,0.7298,0.2702,3.81,48.24,67.15
40,20,0.5,66,alternate,50,1,0.6653,0.0139,0.7298,0.2702,3.81,48.24,67.15
50,25,0.5,100,alternate,40,1,0.6652,0.0071,0.7296,0.2704,3.81,48.23,67.16
50,25,0.5,130,alternate,40,1,0.6652,0.0071,0.7296,0.2704,3.81,48.23,67.16
50,25,0.5,66,alternate,40,1,0.6649,0.0071,0.7292,0.2707,3.81,48.2,67.19
50,25,0.5,45,always_long,50,1,0.6554,0.0068,0.7524,0.2476,3.93,48.19,65.13
40,20,0.5,45,alternate,50,1,0.6642,0.0139,0.7281,0.2719,3.81,48.13,67.3
50,25,0.5,30,always_short,50,1,0.6549,0.0075,0.7515,0.2485,3.94,48.1,65.2
40,20,0.5,30,always_short,50,1,0.6638,0.0141,0.7275,0.2725,3.81,48.09,67.35
50,25,0.5,45,alternate,40,1,0.6613,0.0071,0.7244,0.2756,3.82,47.84,67.64
40,20,0.5,100,always_long,50,1,0.6597,0.0137,0.7229,0.2771,3.82,47.7,67.78
40,20,0.5,66,always_long,50,1,0.6598,0.0137,0.7229,0.2771,3.82,47.7,67.78
40,20,0.5,130,always_long,50,1,0.6597,0.0137,0.7228,0.2772,3.82,47.69,67.8
40,20,0.5,30,alternate,50,1,0.6595,0.0137,0.7221,0.2779,3.82,47.64,67.86
40,20,0.5,45,always_long,50,1,0.6593,0.0137,0.722,0.278,3.82,47.62,67.87
50,25,0.5,100,always_long,40,1,0.6579,0.0068,0.72,0.28,3.82,47.44,68.06
50,25,0.5,66,always_long,40,1,0.6578,0.0068,0.7199,0.2801,3.82,47.43,68.07
50,25,0.5,30,alternate,50,1,0.6495,0.0071,0.7441,0.2559,3.95,47.43,65.85
50,25,0.5,130,always_long,40,1,0.6577,0.0068,0.7198,0.2802,3.82,47.42,68.08
50,25,0.5,45,always_long,40,1,0.6554,0.0068,0.7165,0.2835,3.83,47.13,68.39
50,12,0.24,130,always_short,50,2,0.8084,0.0125,0.717,0.283,3.84,47.09,68.34
50,12,0.24,130,always_short,40,2,0.8084,0.0125,0.717,0.283,3.84,47.09,68.34
40,20,0.5,30,always_long,50,1,0.6551,0.0134,0.7159,0.2841,3.83,47.08,68.45
50,12,0.24,100,always_short,50,2,0.8083,0.0125,0.7169,0.2831,3.84,47.07,68.35
50,12,0.24,100,always_short,40,2,0.8083,0.0125,0.7169,0.2831,3.84,47.07,68.35
50,12,0.24,66,always_short,50,2,0.8083,0.0125,0.7169,0.2831,3.84,47.07,68.35
50,12,0.24,66,always_short,40,2,0.8083,0.0125,0.7169,0.2831,3.84,47.07,68.35
50,25,0.5,30,always_short,40,1,0.6549,0.0075,0.7151,0.2849,3.83,47.03,68.52
50,25,0.5,30,always_long,50,1,0.6441,0.0068,0.7369,0.2631,3.97,46.83,66.5
50,12,0.24,45,always_short,50,2,0.8069,0.0125,0.713,0.287,3.84,46.78,68.72
50,12,0.24,45,always_short,40,2,0.8069,0.0125,0.713,0.287,3.84,46.78,68.72
50,25,0.5,30,alternate,40,1,0.6495,0.0071,0.7065,0.2935,3.84,46.31,69.36
50,12,0.24,100,alternate,50,2,0.8034,0.0134,0.705,0.295,3.85,46.11,69.5
50,12,0.24,100,alternate,40,2,0.8034,0.0134,0.705,0.295,3.85,46.11,69.5
50,12,0.24,130,alternate,40,2,0.8034,0.0134,0.7049,0.2951,3.85,46.1,69.52
50,12,0.24,66,alternate,40,2,0.8034,0.0134,0.7049,0.2951,3.85,46.1,69.52
50,12,0.24,130,alternate,50,2,0.8034,0.0134,0.7049,0.2951,3.85,46.1,69.52
50,12,0.24,66,alternate,50,2,0.8034,0.0134,0.7049,0.2951,3.85,46.1,69.52
50,12,0.24,45,alternate,40,2,0.8026,0.0134,0.7025,0.2975,3.85,45.92,69.75
50,12,0.24,45,alternate,50,2,0.8026,0.0134,0.7025,0.2975,3.85,45.92,69.75
50,12,0.24,30,always_short,50,2,0.8021,0.0125,0.7015,0.2985,3.86,45.84,69.85
50,12,0.24,30,always_short,40,2,0.8021,0.0125,0.7015,0.2985,3.86,45.84,69.85
50,25,0.5,30,always_long,40,1,0.6441,0.0068,0.6991,0.3009,3.86,45.7,70.09
50,12,0.24,30,alternate,50,2,0.7992,0.0133,0.693,0.307,3.87,45.18,70.71
50,12,0.24,30,alternate,40,2,0.7992,0.0133,0.693,0.307,3.87,45.18,70.71
40,10,0.25,130,always_short,50,2,0.7988,0.024,0.692,0.308,3.87,45.08,70.81
40,10,0.25,100,always_short,50,2,0.7988,0.024,0.6919,0.3081,3.87,45.08,70.82
40,10,0.25,66,always_short,50,2,0.7987,0.024,0.6919,0.3081,3.87,45.07,70.82
50,12,0.24,100,always_long,50,2,0.7985,0.0143,0.6917,0.3083,3.87,45.06,70.83
50,12,0.24,66,always_long,50,2,0.7985,0.0143,0.6917,0.3083,3.87,45.06,70.83
40,10,0.25,45,always_short,50,2,0.7986,0.024,0.6917,0.3083,3.87,45.06,70.83
50,12,0.24,100,always_long,40,2,0.7985,0.0143,0.6917,0.3083,3.87,45.06,70.83
50,12,0.24,66,always_long,40,2,0.7985,0.0143,0.6917,0.3083,3.87,45.06,70.83
50,12,0.24,130,always_long,40,2,0.7984,0.0144,0.6915,0.3085,3.87,45.03,70.86
50,12,0.24,130,always_long,50,2,0.7984,0.0144,0.6915,0.3085,3.87,45.03,70.86
50,12,0.24,45,always_long,50,2,0.7984,0.0143,0.6913,0.3088,3.87,45.02,70.89
50,12,0.24,45,always_long,40,2,0.7984,0.0143,0.6913,0.3088,3.87,45.02,70.89
50,12,0.24,30,always_long,40,2,0.7963,0.0142,0.6846,0.3154,3.88,44.5,71.57
50,12,0.24,30,always_long,50,2,0.7963,0.0142,0.6846,0.3154,3.88,44.5,71.57
40,10,0.25,30,always_short,50,2,0.7957,0.024,0.6833,0.3167,3.88,44.37,71.72
40,10,0.25,100,alternate,50,2,0.7945,0.0251,0.6801,0.3199,3.88,44.16,72.05
40,10,0.25,66,alternate,50,2,0.7945,0.025,0.6801,0.3199,3.88,44.16,72.05
40,10,0.25,130,alternate,50,2,0.7945,0.0251,0.6801,0.3199,3.88,44.16,72.05
40,10,0.25,45,alternate,50,2,0.7944,0.025,0.68,0.32,3.88,44.15,72.06
50,15,0.3,130,always_short,50,1,0.773,0.0109,0.8289,0.1711,4.77,43.78,59.12
50,15,0.3,100,always_short,50,1,0.773,0.0109,0.8287,0.1713,4.77,43.77,59.13
50,15,0.3,66,always_short,50,1,0.7729,0.0109,0.8285,0.1715,4.77,43.75,59.14
40,10,0.25,30,alternate,50,2,0.7926,0.025,0.6736,0.3264,3.89,43.69,72.74
50,15,0.3,45,always_short,50,1,0.7708,0.0109,0.8255,0.1745,4.78,43.55,59.36
50,15,0.3,100,alternate,50,1,0.7673,0.0113,0.8196,0.1804,4.78,43.17,59.78
50,15,0.3,66,alternate,50,1,0.7673,0.0113,0.8195,0.1805,4.78,43.17,59.79
50,15,0.3,130,alternate,50,1,0.7673,0.0113,0.8195,0.1805,4.78,43.17,59.79
40,10,0.25,66,always_long,50,2,0.7903,0.0261,0.6666,0.3334,3.89,43.16,73.5
40,10,0.25,100,always_long,50,2,0.7902,0.0261,0.6666,0.3334,3.89,43.15,73.5
40,10,0.25,130,always_long,50,2,0.7902,0.0261,0.6664,0.3336,3.89,43.14,73.53
40,10,0.25,45,always_long,50,2,0.7902,0.0261,0.6663,0.3337,3.89,43.13,73.55
50,15,0.3,45,alternate,50,1,0.766,0.0112,0.8177,0.1822,4.79,43.06,59.92
40,10,0.25,30,always_long,50,2,0.7894,0.026,0.6641,0.3359,3.89,42.99,73.78
50,15,0.3,30,always_short,50,1,0.7646,0.0109,0.8166,0.1834,4.79,42.98,60.0
50,15,0.3,100,always_long,50,1,0.7617,0.0116,0.811,0.189,4.8,42.62,60.42
50,15,0.3,66,always_long,50,1,0.7617,0.0116,0.811,0.189,4.8,42.62,60.42
50,15,0.3,130,always_long,50,1,0.7616,0.0116,0.8109,0.1891,4.8,42.61,60.43
50,15,0.3,30,alternate,50,1,0.7613,0.0112,0.8106,0.1894,4.8,42.59,60.45
50,15,0.3,45,always_long,50,1,0.7612,0.0116,0.8106,0.1894,4.8,42.59,60.45
50,15,0.3,30,always_long,50,1,0.7579,0.0116,0.8047,0.1953,4.81,42.2,60.89
50,15,0.3,130,always_short,50,2,0.773,0.0109,0.6605,0.3395,4.07,40.94,74.19
50,15,0.3,100,always_short,50,2,0.773,0.0109,0.6605,0.3395,4.07,40.93,74.19
50,15,0.3,66,always_short,50,2,0.7729,0.0109,0.6599,0.3401,4.07,40.89,74.26
50,8,0.16,130,always_short,50,2,0.8619,0.0171,0.7815,0.2185,4.84,40.71,62.7
50,8,0.16,66,always_short,50,2,0.8618,0.0171,0.7811,0.2189,4.84,40.69,62.73
50,8,0.16,100,always_short,50,2,0.8618,0.0171,0.781,0.219,4.84,40.68,62.74
50,8,0.16,45,always_short,50,2,0.8611,0.0171,0.7791,0.2209,4.84,40.55,62.89
50,15,0.3,45,always_short,50,2,0.7708,0.0109,0.6555,0.3445,4.08,40.51,74.75
50,8,0.16,66,alternate,50,2,0.8579,0.0177,0.7699,0.2301,4.86,39.96,63.65
50,8,0.16,100,alternate,50,2,0.8578,0.0178,0.7698,0.2303,4.86,39.95,63.66
50,8,0.16,30,always_short,50,2,0.8578,0.0171,0.7698,0.2303,4.86,39.95,63.66
50,8,0.16,130,alternate,50,2,0.8578,0.0178,0.7698,0.2303,4.86,39.95,63.66
50,8,0.16,45,alternate,50,2,0.8576,0.0177,0.7692,0.2308,4.86,39.92,63.7
50,15,0.3,130,alternate,50,2,0.7673,0.0113,0.6465,0.3535,4.09,39.88,75.79
50,15,0.3,100,alternate,50,2,0.7673,0.0113,0.6466,0.3534,4.09,39.88,75.78
50,15,0.3,66,alternate,50,2,0.7673,0.0113,0.6465,0.3535,4.09,39.88,75.79
50,15,0.3,45,alternate,50,2,0.766,0.0112,0.6441,0.3559,4.09,39.68,76.07
50,15,0.3,130,always_short,40,2,0.773,0.0109,0.6185,0.3815,3.93,39.62,79.22
50,15,0.3,130,always_short,30,2,0.773,0.0109,0.6185,0.3815,3.93,39.62,79.22
50,15,0.3,100,always_short,40,2,0.773,0.0109,0.6184,0.3816,3.93,39.61,79.24
50,15,0.3,100,always_short,30,2,0.773,0.0109,0.6184,0.3816,3.93,39.61,79.24
50,15,0.3,66,always_short,30,2,0.7729,0.0109,0.6176,0.3824,3.93,39.56,79.34
50,15,0.3,66,always_short,40,2,0.7729,0.0109,0.6176,0.3824,3.93,39.56,79.34
50,8,0.16,30,alternate,50,2,0.8553,0.0177,0.763,0.237,4.87,39.52,64.22
50,15,0.3,30,always_short,50,2,0.7646,0.0109,0.6406,0.3594,4.09,39.44,76.49
50,8,0.16,45,always_long,50,2,0.854,0.0184,0.7591,0.2409,4.87,39.28,64.55
50,8,0.16,66,always_long,50,2,0.854,0.0184,0.7591,0.2409,4.87,39.28,64.55
50,8,0.16,100,always_long,50,2,0.8539,0.0184,0.759,0.241,4.87,39.27,64.56
50,8,0.16,130,always_long,50,2,0.8538,0.0184,0.759,0.241,4.87,39.26,64.56
40,15,0.375,130,always_short,50,1,0.73,0.0174,0.7584,0.2416,4.87,39.22,64.61
40,15,0.375,100,always_short,50,1,0.73,0.0174,0.7584,0.2416,4.87,39.22,64.61
40,15,0.375,66,always_short,50,1,0.7299,0.0173,0.7584,0.2416,4.87,39.21,64.61
50,15,0.3,45,always_short,30,2,0.7708,0.0109,0.6125,0.3875,3.94,39.15,80.0
50,15,0.3,45,always_short,40,2,0.7708,0.0109,0.6125,0.3875,3.94,39.15,80.0
40,15,0.375,45,always_short,50,1,0.7291,0.0173,0.757,0.243,4.88,39.13,64.73
50,8,0.16,30,always_long,50,2,0.8529,0.0183,0.7568,0.2432,4.88,39.11,64.75
40,12,0.3,100,always_short,40,2,0.7702,0.021,0.611,0.389,3.94,39.05,80.2
40,12,0.3,100,always_short,50,2,0.7702,0.021,0.611,0.389,3.94,39.05,80.2
40,12,0.3,130,always_short,40,2,0.7702,0.021,0.611,0.389,3.94,39.05,80.2
40,12,0.3,130,always_short,50,2,0.7702,0.021,0.611,0.389,3.94,39.05,80.2
40,12,0.3,66,always_short,40,2,0.77,0.021,0.6104,0.3896,3.94,39.01,80.28
40,12,0.3,66,always_short,50,2,0.77,0.021,0.6104,0.3896,3.94,39.01,80.28
40,12,0.3,45,always_short,40,2,0.7698,0.021,0.6099,0.3901,3.94,38.98,80.34
40,12,0.3,45,always_short,50,2,0.7698,0.021,0.6099,0.3901,3.94,38.98,80.34
50,15,0.3,100,always_long,50,2,0.7617,0.0116,0.632,0.368,4.1,38.85,77.53
50,15,0.3,66,always_long,50,2,0.7617,0.0116,0.6319,0.3681,4.1,38.83,77.55
50,15,0.3,130,always_long,50,2,0.7616,0.0116,0.6318,0.3683,4.1,38.82,77.56
50,15,0.3,30,alternate,50,2,0.7613,0.0112,0.6312,0.3688,4.1,38.77,77.62
50,15,0.3,45,always_long,50,2,0.7612,0.0116,0.6311,0.3689,4.1,38.76,77.64
40,15,0.375,30,always_short,50,1,0.7253,0.0173,0.752,0.248,4.89,38.75,65.16
40,15,0.375,66,alternate,50,1,0.7246,0.0181,0.7508,0.2492,4.89,38.67,65.27
40,15,0.375,130,alternate,50,1,0.7247,0.0182,0.7508,0.2492,4.89,38.67,65.27
40,15,0.375,100,alternate,50,1,0.7247,0.0182,0.7508,0.2492,4.89,38.67,65.27
40,15,0.375,45,alternate,50,1,0.7241,0.0181,0.75,0.25,4.9,38.6,65.33
50,15,0.3,100,alternate,40,2,0.7673,0.0113,0.603,0.397,3.95,38.49,81.26
50,15,0.3,66,alternate,40,2,0.7673,0.0113,0.603,0.397,3.95,38.49,81.26
50,15,0.3,130,alternate,40,2,0.7673,0.0113,0.603,0.397,3.95,38.49,81.26
50,15,0.3,130,alternate,30,2,0.7673,0.0113,0.603,0.397,3.95,38.49,81.26
50,15,0.3,66,alternate,30,2,0.7673,0.0113,0.603,0.397,3.95,38.49,81.26
50,15,0.3,100,alternate,30,2,0.7673,0.0113,0.603,0.397,3.95,38.49,81.26
40,12,0.3,30,always_short,50,2,0.7667,0.0209,0.6024,0.3976,3.95,38.43,81.34
40,12,0.3,30,always_short,40,2,0.7667,0.0209,0.6024,0.3976,3.95,38.43,81.34
50,15,0.3,45,alternate,30,2,0.766,0.0112,0.6008,0.3992,3.95,38.3,81.56
50,15,0.3,45,alternate,40,2,0.766,0.0112,0.6008,0.3992,3.95,38.3,81.56
40,15,0.375,30,alternate,50,1,0.7214,0.0181,0.7449,0.2551,4.9,38.28,65.78
50,15,0.3,30,always_long,50,2,0.7579,0.0116,0.6231,0.3769,4.11,38.19,78.64
40,12,0.3,100,alternate,40,2,0.7653,0.022,0.5989,0.4011,3.95,38.17,81.82
40,12,0.3,100,alternate,50,2,0.7653,0.022,0.5989,0.4011,3.95,38.17,81.82
40,12,0.3,130,alternate,40,2,0.7653,0.022,0.5989,0.4011,3.95,38.17,81.82
40,12,0.3,130,alternate,50,2,0.7653,0.022,0.5989,0.4011,3.95,38.17,81.82
40,12,0.3,66,alternate,40,2,0.7653,0.022,0.5986,0.4014,3.95,38.16,81.85
40,12,0.3,66,alternate,50,2,0.7653,0.022,0.5986,0.4014,3.95,38.16,81.85
40,12,0.3,45,alternate,50,2,0.7651,0.022,0.5981,0.4019,3.95,38.13,81.92
40,12,0.3,45,alternate,40,2,0.7651,0.022,0.5981,0.4019,3.95,38.13,81.92
50,15,0.3,30,always_short,40,2,0.7646,0.0109,0.5976,0.4024,3.96,38.07,81.99
50,15,0.3,30,always_short,30,2,0.7646,0.0109,0.5976,0.4024,3.96,38.07,81.99
40,15,0.375,66,always_long,50,1,0.7194,0.0189,0.74,0.26,4.91,37.99,66.22
40,15,0.375,130,always_long,50,1,0.7193,0.019,0.74,0.26,4.91,37.99,66.22
40,15,0.375,100,always_long,50,1,0.7194,0.019,0.74,0.26,4.91,37.99,66.22
40,15,0.375,45,always_long,50,1,0.7191,0.0189,0.7391,0.2609,4.91,37.94,66.29
50,20,0.4,130,always_short,40,1,0.7184,0.0089,0.7386,0.2614,4.91,37.91,66.34
50,20,0.4,100,always_short,40,1,0.7184,0.0089,0.7386,0.2614,4.91,37.91,66.34
50,20,0.4,66,always_short,40,1,0.7181,0.0089,0.7382,0.2617,4.91,37.89,66.37
40,15,0.375,30,always_long,50,1,0.7175,0.0188,0.7375,0.2625,4.91,37.83,66.44
40,12,0.3,30,alternate,50,2,0.7631,0.0219,0.5924,0.4076,3.96,37.73,82.72
40,12,0.3,30,alternate,40,2,0.7631,0.0219,0.5924,0.4076,3.96,37.73,82.72
50,20,0.4,45,always_short,40,1,0.7147,0.0089,0.7318,0.2682,4.92,37.49,66.96
50,15,0.3,100,always_long,40,2,0.7617,0.0116,0.5886,0.4114,3.96,37.47,83.24
50,15,0.3,100,always_long,30,2,0.7617,0.0116,0.5886,0.4114,3.96,37.47,83.24
50,15,0.3,66,always_long,40,2,0.7617,0.0116,0.5884,0.4116,3.96,37.44,83.28
50,15,0.3,66,always_long,30,2,0.7617,0.0116,0.5884,0.4116,3.96,37.44,83.28
50,15,0.3,130,always_long,30,2,0.7616,0.0116,0.5883,0.4118,3.96,37.43,83.3
50,15,0.3,130,always_long,40,2,0.7616,0.0116,0.5883,0.4118,3.96,37.43,83.3
50,15,0.3,30,alternate,40,2,0.7613,0.0112,0.5873,0.4128,3.96,37.36,83.44
50,15,0.3,30,alternate,30,2,0.7613,0.0112,0.5873,0.4128,3.96,37.36,83.44
50,15,0.3,45,always_long,30,2,0.7612,0.0116,0.5871,0.4129,3.96,37.35,83.46
50,15,0.3,45,always_long,40,2,0.7612,0.0116,0.5871,0.4129,3.96,37.35,83.46
50,20,0.4,100,alternate,40,1,0.713,0.0087,0.7288,0.2712,4.92,37.31,67.24
50,20,0.4,130,alternate,40,1,0.7129,0.0087,0.7285,0.2715,4.92,37.29,67.26
50,20,0.4,66,alternate,40,1,0.7129,0.0087,0.7282,0.2717,4.92,37.28,67.28
40,12,0.3,100,always_long,50,2,0.7604,0.023,0.5856,0.4144,3.96,37.24,83.67
40,12,0.3,100,always_long,40,2,0.7604,0.023,0.5856,0.4144,3.96,37.24,83.67
40,12,0.3,66,always_long,50,2,0.7605,0.023,0.5856,0.4144,3.96,37.24,83.67
40,12,0.3,66,always_long,40,2,0.7605,0.023,0.5856,0.4144,3.96,37.24,83.67
40,12,0.3,130,always_long,40,2,0.7604,0.023,0.5855,0.4145,3.96,37.23,83.69
40,12,0.3,130,always_long,50,2,0.7604,0.023,0.5855,0.4145,3.96,37.23,83.69
40,12,0.3,45,always_long,40,2,0.7604,0.0229,0.5854,0.4146,3.96,37.22,83.71
40,12,0.3,45,always_long,50,2,0.7604,0.0229,0.5854,0.4146,3.96,37.22,83.71
50,20,0.4,45,alternate,40,1,0.7106,0.0087,0.7241,0.2759,4.93,37.04,67.67
40,12,0.3,30,always_long,40,2,0.7594,0.0229,0.5826,0.4174,3.97,37.03,84.1
40,12,0.3,30,always_long,50,2,0.7594,0.0229,0.5826,0.4174,3.97,37.03,84.1
50,12,0.24,130,always_short,50,1,0.8084,0.0125,0.8568,0.1432,5.84,37.0,57.19
50,12,0.24,66,always_short,50,1,0.8083,0.0125,0.8565,0.1435,5.84,36.99,57.21
50,12,0.24,100,always_short,50,1,0.8083,0.0125,0.8565,0.1435,5.84,36.99,57.21
50,12,0.24,45,always_short,50,1,0.8069,0.0125,0.8544,0.1456,5.84,36.87,57.35
50,15,0.3,30,always_long,30,2,0.7579,0.0116,0.5787,0.4213,3.97,36.77,84.67
50,15,0.3,30,always_long,40,2,0.7579,0.0116,0.5787,0.4213,3.97,36.77,84.67
50,20,0.4,66,always_long,40,1,0.7076,0.0085,0.7177,0.2823,4.94,36.64,68.27
50,20,0.4,100,always_long,40,1,0.7076,0.0085,0.7177,0.2823,4.94,36.64,68.27
50,20,0.4,130,always_long,40,1,0.7074,0.0085,0.7173,0.2828,4.94,36.62,68.32
50,12,0.24,100,alternate,50,1,0.8034,0.0134,0.8488,0.1512,5.85,36.56,57.73
50,12,0.24,130,alternate,50,1,0.8034,0.0134,0.8486,0.1514,5.85,36.55,57.74
50,12,0.24,66,alternate,50,1,0.8034,0.0134,0.8488,0.1512,5.85,36.55,57.73
50,20,0.4,45,always_long,40,1,0.7065,0.0085,0.716,0.284,4.94,36.53,68.44
50,12,0.24,45,alternate,50,1,0.8026,0.0134,0.8474,0.1526,5.85,36.48,57.83
50,20,0.4,30,always_short,40,1,0.7059,0.0089,0.7149,0.2851,4.94,36.47,68.54
50,12,0.24,30,always_short,50,1,0.8021,0.0125,0.8465,0.1535,5.86,36.43,57.89
50,20,0.4,30,alternate,40,1,0.7029,0.0087,0.7094,0.2906,4.95,36.13,69.07
50,12,0.24,30,alternate,50,1,0.7992,0.0133,0.8413,0.1588,5.87,36.12,58.25
50,12,0.24,100,always_long,50,1,0.7985,0.0143,0.8405,0.1595,5.87,36.07,58.3
50,12,0.24,66,always_long,50,1,0.7985,0.0143,0.8405,0.1595,5.87,36.07,58.3
50,12,0.24,130,always_long,50,1,0.7984,0.0144,0.8401,0.1599,5.87,36.06,58.32
50,12,0.24,45,always_long,50,1,0.7984,0.0143,0.8401,0.1599,5.87,36.05,58.32
30,12,0.4,130,always_short,40,2,0.7153,0.0387,0.6524,0.3476,4.57,35.99,75.11
30,12,0.4,100,always_short,40,2,0.7152,0.0387,0.6521,0.3479,4.57,35.98,75.14
30,12,0.4,66,always_short,40,2,0.7151,0.0386,0.652,0.348,4.57,35.96,75.15
30,12,0.4,45,always_short,40,2,0.715,0.0386,0.6518,0.3483,4.57,35.94,75.18
50,12,0.24,30,always_long,50,1,0.7963,0.0142,0.8374,0.1626,5.88,35.87,58.52
50,20,0.4,30,always_long,40,1,0.6999,0.0084,0.7036,0.2964,4.96,35.78,69.64
30,12,0.4,30,always_short,40,2,0.7135,0.0386,0.6478,0.3523,4.58,35.67,75.65
50,10,0.2,100,always_short,40,2,0.8333,0.0143,0.6983,0.3018,4.96,35.46,70.18
50,10,0.2,130,always_short,40,2,0.8333,0.0143,0.6983,0.3018,4.96,35.46,70.18
50,10,0.2,66,always_short,40,2,0.8332,0.0143,0.6981,0.3019,4.96,35.45,70.19
50,10,0.2,45,always_short,40,2,0.8322,0.0143,0.6951,0.3049,4.97,35.28,70.49
30,10,0.333,130,always_short,50,2,0.7487,0.0453,0.5541,0.4459,3.99,35.0,88.43
30,10,0.333,100,always_short,50,2,0.7487,0.0453,0.5539,0.4461,3.99,34.99,88.47
30,12,0.4,100,alternate,40,2,0.7093,0.0388,0.6371,0.3629,4.59,34.97,76.91
30,12,0.4,66,alternate,40,2,0.7092,0.0387,0.6371,0.3629,4.59,34.97,76.91
30,12,0.4,130,alternate,40,2,0.7093,0.0388,0.6371,0.3629,4.59,34.97,76.91
30,12,0.4,45,alternate,40,2,0.7091,0.0387,0.637,0.363,4.59,34.96,76.92
30,10,0.333,66,always_short,50,2,0.7486,0.0453,0.5534,0.4466,3.99,34.95,88.55
30,10,0.333,45,always_short,50,2,0.7485,0.0453,0.553,0.447,3.99,34.93,88.61
50,6,0.12,66,always_short,50,2,0.8892,0.0193,0.8107,0.1893,5.87,34.8,60.44
30,12,0.4,30,alternate,40,2,0.7081,0.0387,0.635,0.365,4.6,34.8,77.17
50,6,0.12,130,always_short,50,2,0.8892,0.0193,0.8107,0.1893,5.87,34.8,60.44
50,6,0.12,100,always_short,50,2,0.8892,0.0193,0.8106,0.1894,5.87,34.79,60.45
40,8,0.2,100,always_short,50,2,0.8296,0.0286,0.687,0.313,4.98,34.79,71.32
40,8,0.2,45,always_short,50,2,0.8295,0.0286,0.687,0.313,4.98,34.79,71.32
40,8,0.2,130,always_short,50,2,0.8296,0.0287,0.687,0.313,4.98,34.79,71.32
40,8,0.2,66,always_short,50,2,0.8295,0.0286,0.687,0.313,4.98,34.79,71.32
50,10,0.2,100,alternate,40,2,0.8292,0.0155,0.6859,0.3141,4.98,34.73,71.44
50,6,0.12,45,always_short,50,2,0.8889,0.0193,0.8094,0.1906,5.87,34.73,60.54
50,10,0.2,130,alternate,40,2,0.8292,0.0155,0.6859,0.3141,4.98,34.73,71.44
50,10,0.2,66,alternate,40,2,0.8292,0.0154,0.6857,0.3142,4.98,34.72,71.45
30,10,0.333,30,always_short,50,2,0.7471,0.0453,0.5496,0.4504,3.99,34.68,89.15
50,10,0.2,45,alternate,40,2,0.8286,0.0154,0.6847,0.3152,4.98,34.64,71.56
50,10,0.2,30,always_short,40,2,0.828,0.0143,0.6824,0.3176,4.99,34.49,71.81
40,8,0.2,30,always_short,50,2,0.8273,0.0286,0.68,0.32,4.99,34.36,72.06
50,6,0.12,30,always_short,50,2,0.8863,0.0193,0.8023,0.1978,5.89,34.33,61.08
50,6,0.12,66,alternate,50,2,0.886,0.0205,0.8015,0.1985,5.89,34.28,61.14
50,6,0.12,130,alternate,50,2,0.886,0.0205,0.8014,0.1986,5.89,34.28,61.14
50,6,0.12,100,alternate,50,2,0.886,0.0205,0.8013,0.1988,5.89,34.27,61.15
50,6,0.12,45,alternate,50,2,0.8859,0.0204,0.8006,0.1994,5.89,34.24,61.2
50,20,0.4,130,always_short,50,2,0.7184,0.0089,0.6102,0.3897,4.5,34.18,80.29
50,20,0.4,100,always_short,50,2,0.7184,0.0089,0.6101,0.3899,4.5,34.17,80.31
40,8,0.2,45,alternate,50,2,0.8263,0.0293,0.6763,0.3237,4.99,34.14,72.46
40,8,0.2,66,alternate,50,2,0.8263,0.0293,0.6763,0.3237,4.99,34.14,72.46
40,8,0.2,130,alternate,50,2,0.8263,0.0293,0.6763,0.3237,4.99,34.14,72.46
40,8,0.2,100,alternate,50,2,0.8263,0.0293,0.6761,0.3239,4.99,34.13,72.47
50,20,0.4,66,always_short,50,2,0.7181,0.0089,0.6096,0.3904,4.5,34.13,80.38
50,10,0.2,30,alternate,40,2,0.8257,0.0154,0.675,0.325,4.99,34.06,72.59
30,12,0.4,100,always_long,40,2,0.7034,0.0388,0.6222,0.3777,4.61,34.03,78.75
30,12,0.4,130,always_long,40,2,0.7034,0.0389,0.622,0.378,4.61,34.01,78.78
30,12,0.4,66,always_long,40,2,0.7034,0.0388,0.6219,0.3781,4.61,34.01,78.79
30,12,0.4,45,always_long,40,2,0.7033,0.0388,0.6219,0.3781,4.61,34.0,78.79
50,6,0.12,30,alternate,50,2,0.8843,0.0204,0.796,0.204,5.9,33.98,61.56
50,10,0.2,100,always_long,40,2,0.8251,0.0166,0.6739,0.3261,5.0,33.98,72.71
50,10,0.2,66,always_long,40,2,0.8251,0.0166,0.6739,0.3261,5.0,33.98,72.71
40,8,0.2,30,alternate,50,2,0.8249,0.0293,0.6734,0.3266,5.0,33.96,72.77
50,10,0.2,130,always_long,40,2,0.8251,0.0166,0.6735,0.3265,5.0,33.96,72.75
50,10,0.2,45,always_long,40,2,0.825,0.0166,0.6735,0.3265,5.0,33.96,72.75
30,10,0.333,130,alternate,50,2,0.743,0.0453,0.5399,0.4601,4.01,33.96,90.76
30,10,0.333,100,alternate,50,2,0.743,0.0453,0.5397,0.4602,4.01,33.95,90.78
30,10,0.333,66,alternate,50,2,0.7429,0.0453,0.5396,0.4604,4.01,33.95,90.8
30,10,0.333,45,alternate,50,2,0.7429,0.0452,0.5395,0.4605,4.01,33.93,90.82
30,12,0.4,30,always_long,40,2,0.7026,0.0387,0.6201,0.3799,4.61,33.88,79.02
30,10,0.333,30,alternate,50,2,0.7419,0.0452,0.5371,0.4629,4.01,33.78,91.23
50,6,0.12,66,always_long,50,2,0.8828,0.0216,0.7915,0.2085,5.91,33.77,61.91
50,6,0.12,45,always_long,50,2,0.8828,0.0216,0.7916,0.2084,5.91,33.77,61.9
50,6,0.12,100,always_long,50,2,0.8828,0.0216,0.7914,0.2086,5.91,33.76,61.92
50,6,0.12,130,always_long,50,2,0.8827,0.0216,0.7913,0.2087,5.91,33.75,61.93
50,10,0.2,30,always_long,40,2,0.8235,0.0165,0.67,0.33,5.0,33.74,73.13
40,8,0.2,66,always_long,50,2,0.8231,0.03,0.669,0.331,5.01,33.68,73.24
40,8,0.2,45,always_long,50,2,0.8231,0.03,0.669,0.331,5.01,33.68,73.24
50,6,0.12,30,always_long,50,2,0.8822,0.0215,0.79,0.21,5.91,33.68,62.03
40,8,0.2,130,always_long,50,2,0.823,0.03,0.6686,0.3314,5.01,33.65,73.28
40,8,0.2,100,always_long,50,2,0.823,0.03,0.6686,0.3314,5.01,33.65,73.28
50,15,0.3,130,always_short,40,1,0.773,0.0109,0.7953,0.2047,5.97,33.58,61.62
50,15,0.3,100,always_short,40,1,0.773,0.0109,0.7951,0.2049,5.97,33.57,61.63
50,15,0.3,66,always_short,40,1,0.7729,0.0109,0.7949,0.2051,5.97,33.56,61.64
50,20,0.4,45,always_short,50,2,0.7147,0.0089,0.601,0.399,4.51,33.55,81.53
40,8,0.2,30,always_long,50,2,0.8224,0.0299,0.6664,0.3336,5.01,33.51,73.53
50,15,0.3,45,always_short,40,1,0.7708,0.0109,0.7914,0.2086,5.98,33.38,61.92
40,15,0.375,100,always_short,50,2,0.73,0.0174,0.5583,0.4417,4.22,33.37,87.77
40,15,0.375,130,always_short,50,2,0.73,0.0174,0.5583,0.4417,4.22,33.37,87.77
40,15,0.375,66,always_short,50,2,0.7299,0.0173,0.5577,0.4422,4.22,33.34,87.85
40,12,0.3,130,always_short,50,1,0.7702,0.021,0.79,0.21,5.98,33.32,62.03
50,20,0.4,100,alternate,50,2,0.713,0.0087,0.5976,0.4024,4.52,33.32,81.99
40,12,0.3,100,always_short,50,1,0.7702,0.021,0.79,0.21,5.98,33.32,62.03
40,12,0.3,66,always_short,50,1,0.77,0.021,0.7899,0.2101,5.98,33.3,62.04
50,20,0.4,130,alternate,50,2,0.7129,0.0087,0.597,0.403,4.52,33.29,82.08
40,12,0.3,45,always_short,50,1,0.7698,0.021,0.7894,0.2106,5.98,33.28,62.07
50,20,0.4,66,alternate,50,2,0.7129,0.0087,0.5966,0.4034,4.52,33.26,82.13
40,15,0.375,45,always_short,50,2,0.7291,0.0173,0.5557,0.4442,4.22,33.2,88.17
50,15,0.3,100,alternate,40,1,0.7673,0.0113,0.7845,0.2155,5.98,33.04,62.46
50,15,0.3,66,alternate,40,1,0.7673,0.0113,0.7844,0.2156,5.98,33.03,62.47
50,15,0.3,130,alternate,40,1,0.7673,0.0113,0.7844,0.2156,5.98,33.03,62.47
40,12,0.3,30,always_short,50,1,0.7667,0.0209,0.7837,0.2162,5.99,33.0,62.52
30,10,0.333,130,always_long,50,2,0.7373,0.0453,0.526,0.474,4.02,32.98,93.16
30,10,0.333,100,always_long,50,2,0.7373,0.0453,0.526,0.474,4.02,32.98,93.16
30,10,0.333,66,always_long,50,2,0.7372,0.0452,0.5256,0.4744,4.02,32.96,93.22
30,10,0.333,45,always_long,50,2,0.7372,0.0452,0.5256,0.4744,4.02,32.96,93.22
50,15,0.3,45,alternate,40,1,0.766,0.0112,0.7826,0.2174,5.99,32.94,62.61
50,20,0.4,45,alternate,50,2,0.7106,0.0087,0.5913,0.4088,4.53,32.92,82.88
40,12,0.3,130,alternate,50,1,0.7653,0.022,0.7817,0.2182,5.99,32.89,62.68
40,12,0.3,100,alternate,50,1,0.7653,0.022,0.7817,0.2182,5.99,32.89,62.68
40,12,0.3,66,alternate,50,1,0.7653,0.022,0.7816,0.2184,5.99,32.88,62.69
40,12,0.3,45,alternate,50,1,0.7651,0.022,0.7811,0.2189,5.99,32.86,62.73
50,15,0.3,30,always_short,40,1,0.7646,0.0109,0.7806,0.2194,5.99,32.83,62.77
30,10,0.333,30,always_long,50,2,0.7366,0.0451,0.5241,0.4759,4.02,32.83,93.49
50,25,0.5,130,always_short,30,1,0.6726,0.0075,0.6539,0.3461,5.02,32.79,74.94
50,25,0.5,100,always_short,30,1,0.6726,0.0075,0.6536,0.3464,5.02,32.78,74.97
50,25,0.5,66,always_short,30,1,0.672,0.0075,0.6522,0.3478,5.03,32.71,75.12
40,12,0.3,30,alternate,50,1,0.7631,0.0219,0.7769,0.2231,6.0,32.65,63.07
40,20,0.5,130,always_short,40,1,0.6709,0.0141,0.6496,0.3504,5.03,32.57,75.43
40,20,0.5,100,always_short,40,1,0.6708,0.0141,0.6496,0.3504,5.03,32.57,75.43
40,20,0.5,66,always_short,40,1,0.6708,0.0141,0.6492,0.3508,5.03,32.55,75.47
50,15,0.3,66,always_long,40,1,0.7617,0.0116,0.7748,0.2253,6.0,32.54,63.25
50,15,0.3,100,always_long,40,1,0.7617,0.0116,0.7748,0.2253,6.0,32.54,63.25
50,15,0.3,130,always_long,40,1,0.7616,0.0116,0.7746,0.2254,6.0,32.53,63.26
50,15,0.3,45,always_long,40,1,0.7612,0.0116,0.7744,0.2256,6.0,32.51,63.28
40,15,0.375,30,always_short,50,2,0.7253,0.0173,0.5461,0.4539,4.23,32.51,89.72
50,15,0.3,30,alternate,40,1,0.7613,0.0112,0.7744,0.2256,6.0,32.51,63.28
30,15,0.5,100,always_short,50,1,0.6699,0.0317,0.6479,0.3521,5.03,32.48,75.63
30,15,0.5,130,always_short,50,1,0.6699,0.0317,0.6479,0.3521,5.03,32.48,75.63
30,15,0.5,66,always_short,50,1,0.6698,0.0316,0.6476,0.3524,5.03,32.46,75.66
30,15,0.5,45,always_short,50,1,0.6697,0.0316,0.6474,0.3526,5.03,32.45,75.69
40,12,0.3,66,always_long,50,1,0.7605,0.023,0.7726,0.2274,6.0,32.44,63.42
40,12,0.3,100,always_long,50,1,0.7604,0.023,0.7724,0.2276,6.0,32.43,63.44
40,12,0.3,130,always_long,50,1,0.7604,0.023,0.7724,0.2276,6.0,32.43,63.44
40,12,0.3,45,always_long,50,1,0.7604,0.0229,0.7722,0.2278,6.0,32.42,63.45
40,20,0.5,45,always_short,40,1,0.6692,0.0141,0.6464,0.3536,5.03,32.39,75.81
40,15,0.375,66,alternate,50,2,0.7246,0.0181,0.544,0.456,4.23,32.38,90.07
40,15,0.375,100,alternate,50,2,0.7247,0.0182,0.544,0.456,4.23,32.38,90.07
40,15,0.375,130,alternate,50,2,0.7247,0.0182,0.544,0.456,4.23,32.38,90.07
50,20,0.4,100,always_long,50,2,0.7076,0.0085,0.5821,0.4179,4.54,32.33,84.17
50,20,0.4,66,always_long,50,2,0.7076,0.0085,0.5821,0.4179,4.54,32.33,84.17
50,20,0.4,130,always_long,50,2,0.7074,0.0085,0.5817,0.4183,4.54,32.3,84.23
40,12,0.3,30,always_long,50,1,0.7594,0.0229,0.7698,0.2303,6.01,32.3,63.66
40,15,0.375,45,alternate,50,2,0.7241,0.0181,0.542,0.458,4.24,32.24,90.41
30,15,0.5,30,always_short,50,1,0.6678,0.0316,0.6428,0.3573,5.03,32.2,76.23
50,15,0.3,30,always_long,40,1,0.7579,0.0116,0.7672,0.2328,6.01,32.18,63.86
50,20,0.4,45,always_long,50,2,0.7065,0.0085,0.579,0.421,4.54,32.15,84.63
50,25,0.5,45,always_short,30,1,0.6672,0.0075,0.6418,0.3583,5.03,32.14,76.35
50,20,0.4,30,always_short,50,2,0.7059,0.0089,0.5784,0.4216,4.54,32.1,84.72
40,20,0.5,130,alternate,40,1,0.6653,0.0139,0.638,0.362,5.03,31.93,76.8
40,20,0.5,66,alternate,40,1,0.6653,0.0139,0.6379,0.3621,5.03,31.93,76.82
40,20,0.5,100,alternate,40,1,0.6653,0.0139,0.638,0.362,5.03,31.93,76.8
50,25,0.5,100,alternate,30,1,0.6652,0.0071,0.6378,0.3623,5.03,31.92,76.83
50,25,0.5,130,alternate,30,1,0.6652,0.0071,0.6375,0.3625,5.03,31.91,76.86
50,25,0.5,66,alternate,30,1,0.6649,0.0071,0.6372,0.3628,5.03,31.9,76.89
40,20,0.5,45,alternate,40,1,0.6642,0.0139,0.6365,0.3635,5.03,31.86,76.98
40,20,0.5,30,always_short,40,1,0.6638,0.0141,0.6359,0.3641,5.03,31.83,77.06
30,15,0.5,130,alternate,50,1,0.6635,0.0316,0.6354,0.3646,5.04,31.8,77.12
30,15,0.5,100,alternate,50,1,0.6635,0.0316,0.6354,0.3646,5.04,31.8,77.12
30,15,0.5,66,alternate,50,1,0.6634,0.0316,0.6352,0.3648,5.04,31.79,77.13
30,15,0.5,45,alternate,50,1,0.6633,0.0316,0.6352,0.3648,5.04,31.79,77.13
40,15,0.375,30,alternate,50,2,0.7214,0.0181,0.5351,0.4649,4.25,31.75,91.57
40,15,0.375,130,always_short,30,2,0.73,0.0174,0.5092,0.4908,4.04,31.73,96.22
40,15,0.375,100,always_short,40,2,0.73,0.0174,0.5092,0.4908,4.04,31.73,96.22
40,15,0.375,100,always_short,30,2,0.73,0.0174,0.5092,0.4908,4.04,31.73,96.22
40,15,0.375,130,always_short,40,2,0.73,0.0174,0.5092,0.4908,4.04,31.73,96.22
40,15,0.375,66,always_short,30,2,0.7299,0.0173,0.5089,0.4911,4.04,31.71,96.29
40,15,0.375,66,always_short,40,2,0.7299,0.0173,0.5089,0.4911,4.04,31.71,96.29
30,15,0.5,30,alternate,50,1,0.662,0.0315,0.6328,0.3673,5.04,31.65,77.44
50,25,0.5,45,alternate,30,1,0.6613,0.0071,0.632,0.368,5.04,31.6,77.53
50,20,0.4,30,alternate,50,2,0.7029,0.0087,0.5706,0.4294,4.55,31.58,85.87
50,10,0.2,100,always_short,50,1,0.8333,0.0143,0.8609,0.1391,6.87,31.57,56.92
50,10,0.2,130,always_short,50,1,0.8333,0.0143,0.8609,0.1391,6.87,31.57,56.92
40,15,0.375,45,always_short,40,2,0.7291,0.0173,0.5068,0.4933,4.05,31.56,96.69
40,15,0.375,45,always_short,30,2,0.7291,0.0173,0.5068,0.4933,4.05,31.56,96.69
50,10,0.2,66,always_short,50,1,0.8332,0.0143,0.8606,0.1394,6.87,31.56,56.94
50,10,0.2,45,always_short,50,1,0.8322,0.0143,0.8589,0.1411,6.88,31.48,57.05
40,20,0.5,100,always_long,40,1,0.6597,0.0137,0.6294,0.3706,5.04,31.44,77.86
40,20,0.5,130,always_long,40,1,0.6597,0.0137,0.6292,0.3708,5.04,31.44,77.87
40,20,0.5,66,always_long,40,1,0.6598,0.0137,0.6294,0.3706,5.04,31.44,77.86
40,20,0.5,30,alternate,40,1,0.6595,0.0137,0.6285,0.3715,5.04,31.4,77.96
40,20,0.5,45,always_long,40,1,0.6593,0.0137,0.628,0.372,5.05,31.37,78.03
40,15,0.375,100,always_long,50,2,0.7194,0.019,0.529,0.471,4.25,31.34,92.63
40,15,0.375,130,always_long,50,2,0.7193,0.019,0.529,0.471,4.25,31.34,92.63
40,15,0.375,66,always_long,50,2,0.7194,0.0189,0.529,0.471,4.25,31.34,92.63
40,15,0.375,45,always_long,50,2,0.7191,0.0189,0.5282,0.4718,4.25,31.3,92.76
50,10,0.2,66,alternate,50,1,0.8292,0.0154,0.8542,0.1457,6.89,31.25,57.36
50,10,0.2,130,alternate,50,1,0.8292,0.0155,0.8542,0.1457,6.89,31.25,57.36
50,10,0.2,100,alternate,50,1,0.8292,0.0155,0.8542,0.1457,6.89,31.25,57.36
50,20,0.4,130,always_short,40,2,0.7184,0.0089,0.527,0.473,4.25,31.23,92.98
50,20,0.4,100,always_short,40,2,0.7184,0.0089,0.5269,0.4731,4.25,31.22,93.0
50,25,0.5,100,always_long,30,1,0.6579,0.0068,0.6258,0.3743,5.05,31.22,78.31
50,25,0.5,66,always_long,30,1,0.6578,0.0068,0.6256,0.3744,5.05,31.21,78.32
50,25,0.5,130,always_long,30,1,0.6577,0.0068,0.6255,0.3745,5.05,31.2,78.34
50,10,0.2,45,alternate,50,1,0.8286,0.0154,0.8531,0.1469,6.89,31.2,57.44
50,20,0.4,66,always_short,40,2,0.7181,0.0089,0.5264,0.4736,4.25,31.18,93.09
30,15,0.5,130,always_long,50,1,0.6571,0.0316,0.6248,0.3752,5.05,31.16,78.43
30,15,0.5,100,always_long,50,1,0.6571,0.0316,0.6248,0.3752,5.05,31.16,78.43
50,12,0.24,130,always_short,30,2,0.8084,0.0125,0.6258,0.3743,5.06,31.15,78.31
50,12,0.24,66,always_short,30,2,0.8083,0.0125,0.6256,0.3744,5.06,31.14,78.32
50,12,0.24,100,always_short,30,2,0.8083,0.0125,0.6256,0.3744,5.06,31.14,78.32
30,15,0.5,66,always_long,50,1,0.6571,0.0315,0.6245,0.3755,5.05,31.14,78.46
30,15,0.5,45,always_long,50,1,0.657,0.0315,0.6244,0.3756,5.05,31.14,78.48
50,10,0.2,30,always_short,50,1,0.828,0.0143,0.8519,0.1481,6.9,31.13,57.52
30,15,0.5,130,always_short,30,2,0.6699,0.0317,0.6218,0.3782,5.04,31.08,78.81
30,15,0.5,100,always_short,30,2,0.6699,0.0317,0.6218,0.3782,5.04,31.08,78.81
50,20,0.4,30,always_long,50,2,0.6999,0.0084,0.5641,0.4359,4.57,31.08,86.86
30,15,0.5,66,always_short,30,2,0.6698,0.0316,0.6215,0.3785,5.04,31.07,78.84
40,15,0.375,30,always_long,50,2,0.7175,0.0188,0.525,0.475,4.26,31.07,93.33
30,15,0.5,30,always_long,50,1,0.6561,0.0315,0.6231,0.3769,5.06,31.06,78.64
30,15,0.5,45,always_short,30,2,0.6697,0.0316,0.621,0.379,5.04,31.04,78.9
50,25,0.5,45,always_long,30,1,0.6554,0.0068,0.6212,0.3787,5.06,30.94,78.87
50,10,0.2,30,alternate,50,1,0.8257,0.0154,0.8476,0.1524,6.91,30.92,57.81
40,20,0.5,30,always_long,40,1,0.6551,0.0134,0.6206,0.3794,5.06,30.9,78.95
50,10,0.2,66,always_long,50,1,0.8251,0.0166,0.847,0.153,6.91,30.89,57.85
50,10,0.2,100,always_long,50,1,0.8251,0.0166,0.847,0.153,6.91,30.89,57.85
50,10,0.2,130,always_long,50,1,0.8251,0.0166,0.8469,0.1531,6.91,30.88,57.86
50,10,0.2,45,always_long,50,1,0.825,0.0166,0.8469,0.1531,6.91,30.88,57.86
50,12,0.24,45,always_short,30,2,0.8069,0.0125,0.6208,0.3792,5.07,30.88,78.94
50,25,0.5,30,always_short,30,1,0.6549,0.0075,0.62,0.38,5.06,30.87,79.03
40,15,0.375,30,always_short,30,2,0.7253,0.0173,0.4971,0.5029,4.06,30.87,98.57
40,15,0.375,30,always_short,40,2,0.7253,0.0173,0.4971,0.5029,4.06,30.87,98.57
50,8,0.16,130,always_short,40,2,0.8619,0.0171,0.7385,0.2615,6.04,30.8,66.35
50,8,0.16,100,always_short,40,2,0.8618,0.0171,0.738,0.262,6.04,30.78,66.4
30,15,0.5,30,always_short,30,2,0.6678,0.0316,0.6169,0.3831,5.05,30.78,79.43
50,8,0.16,66,always_short,40,2,0.8618,0.0171,0.7381,0.2619,6.04,30.78,66.38
50,10,0.2,30,always_long,50,1,0.8235,0.0165,0.8445,0.1555,6.92,30.77,58.02
40,15,0.375,100,alternate,30,2,0.7247,0.0182,0.4954,0.5046,4.06,30.74,98.91
40,15,0.375,66,alternate,40,2,0.7246,0.0181,0.4954,0.5046,4.06,30.74,98.91
40,15,0.375,130,alternate,30,2,0.7247,0.0182,0.4954,0.5046,4.06,30.74,98.91
40,15,0.375,130,alternate,40,2,0.7247,0.0182,0.4954,0.5046,4.06,30.74,98.91
40,15,0.375,66,alternate,30,2,0.7246,0.0181,0.4954,0.5046,4.06,30.74,98.91
40,15,0.375,100,alternate,40,2,0.7247,0.0182,0.4954,0.5046,4.06,30.74,98.91
50,8,0.16,45,always_short,40,2,0.8611,0.0171,0.7361,0.2639,6.05,30.69,66.56
40,15,0.375,45,alternate,30,2,0.7241,0.0181,0.4938,0.5062,4.06,30.62,99.24
40,15,0.375,45,alternate,40,2,0.7241,0.0181,0.4938,0.5062,4.06,30.62,99.24
50,20,0.4,45,always_short,40,2,0.7147,0.0089,0.5176,0.4824,4.27,30.58,94.66
50,5,0.1,100,always_short,50,2,0.9048,0.021,0.8367,0.1633,6.95,30.35,58.56
50,5,0.1,66,always_short,50,2,0.9049,0.021,0.8369,0.1631,6.95,30.35,58.55
50,5,0.1,130,always_short,50,2,0.9049,0.021,0.8369,0.1631,6.95,30.35,58.55
50,5,0.1,45,always_short,50,2,0.9048,0.0209,0.8366,0.1634,6.95,30.34,58.57
50,20,0.4,100,alternate,40,2,0.713,0.0087,0.5134,0.4866,4.27,30.32,95.45
50,20,0.4,130,alternate,40,2,0.7129,0.0087,0.513,0.487,4.27,30.3,95.52
50,20,0.4,66,alternate,40,2,0.7129,0.0087,0.5126,0.4874,4.27,30.27,95.59
50,25,0.5,30,alternate,30,1,0.6495,0.0071,0.6099,0.3901,5.08,30.26,80.34
50,12,0.24,130,alternate,30,2,0.8034,0.0134,0.6094,0.3906,5.08,30.24,80.41
50,12,0.24,100,alternate,30,2,0.8034,0.0134,0.6095,0.3905,5.08,30.24,80.39
50,12,0.24,66,alternate,30,2,0.8034,0.0134,0.6094,0.3906,5.08,30.24,80.41
40,6,0.15,130,always_short,50,2,0.8616,0.0329,0.7211,0.2789,6.02,30.19,67.95
40,6,0.15,45,always_short,50,2,0.8615,0.0329,0.721,0.279,6.02,30.18,67.96
40,6,0.15,66,always_short,50,2,0.8615,0.0329,0.721,0.279,6.02,30.18,67.96
40,6,0.15,100,always_short,50,2,0.8615,0.0329,0.721,0.279,6.02,30.18,67.96
50,25,0.5,100,always_short,20,2,0.6726,0.0075,0.5814,0.4186,4.86,30.14,84.28
50,25,0.5,130,always_short,20,2,0.6726,0.0075,0.5815,0.4185,4.86,30.14,84.26
50,8,0.16,66,alternate,40,2,0.8579,0.0177,0.7246,0.2754,6.06,30.12,67.62
50,8,0.16,130,alternate,40,2,0.8578,0.0178,0.7245,0.2755,6.06,30.11,67.63
50,8,0.16,100,alternate,40,2,0.8578,0.0178,0.7245,0.2755,6.06,30.11,67.63
50,8,0.16,30,always_short,40,2,0.8578,0.0171,0.7245,0.2755,6.06,30.11,67.63
40,15,0.375,30,alternate,30,2,0.7214,0.0181,0.4864,0.5136,4.07,30.11,100.75
40,15,0.375,30,alternate,40,2,0.7214,0.0181,0.4864,0.5136,4.07,30.11,100.75
30,15,0.5,130,alternate,30,2,0.6635,0.0316,0.6045,0.3955,5.06,30.09,81.06
30,15,0.5,100,alternate,30,2,0.6635,0.0316,0.6045,0.3955,5.06,30.09,81.06
30,15,0.5,66,alternate,30,2,0.6634,0.0316,0.6044,0.3956,5.06,30.08,81.08
50,8,0.16,45,alternate,40,2,0.8576,0.0177,0.7239,0.2761,6.06,30.08,67.69
50,12,0.24,45,alternate,30,2,0.8026,0.0134,0.6065,0.3935,5.08,30.08,80.79
30,15,0.5,45,alternate,30,2,0.6633,0.0316,0.6042,0.3957,5.06,30.07,81.09
50,5,0.1,30,always_short,50,2,0.9025,0.0209,0.83,0.17,6.96,30.04,59.04
50,25,0.5,66,always_short,20,2,0.672,0.0075,0.5797,0.4203,4.86,30.04,84.52
50,12,0.24,30,always_short,30,2,0.8021,0.0125,0.6052,0.3947,5.08,30.01,80.96
50,5,0.1,66,alternate,50,2,0.9021,0.0223,0.828,0.172,6.96,29.96,59.18
50,5,0.1,100,alternate,50,2,0.902,0.0223,0.8277,0.1722,6.97,29.95,59.2
50,5,0.1,130,alternate,50,2,0.902,0.0223,0.8279,0.1721,6.97,29.95,59.19
50,20,0.4,45,alternate,40,2,0.7106,0.0087,0.5076,0.4924,4.27,29.95,96.53
50,5,0.1,45,alternate,50,2,0.902,0.0222,0.8277,0.1722,6.97,29.95,59.2
30,15,0.5,30,alternate,30,2,0.662,0.0315,0.6006,0.3994,5.07,29.85,81.58
40,6,0.15,30,always_short,50,2,0.8597,0.0329,0.7136,0.2864,6.03,29.83,68.66
50,25,0.5,30,always_long,30,1,0.6441,0.0068,0.6018,0.3982,5.09,29.78,81.43
40,20,0.5,100,always_short,30,2,0.6708,0.0141,0.5693,0.4308,4.82,29.73,86.08
40,20,0.5,130,always_short,30,2,0.6709,0.0141,0.5693,0.4308,4.82,29.73,86.08
50,8,0.16,30,alternate,40,2,0.8553,0.0177,0.717,0.283,6.08,29.73,68.34
40,20,0.5,66,always_short,30,2,0.6708,0.0141,0.569,0.431,4.82,29.72,86.12
50,5,0.1,30,alternate,50,2,0.9006,0.0222,0.822,0.178,6.98,29.7,59.61
40,15,0.375,130,always_long,30,2,0.7193,0.019,0.48,0.52,4.07,29.69,102.08
40,15,0.375,130,always_long,40,2,0.7193,0.019,0.48,0.52,4.07,29.69,102.08
40,15,0.375,100,always_long,40,2,0.7194,0.019,0.48,0.52,4.07,29.69,102.08
40,15,0.375,100,always_long,30,2,0.7194,0.019,0.48,0.52,4.07,29.69,102.08
40,15,0.375,66,always_long,30,2,0.7194,0.0189,0.48,0.52,4.07,29.69,102.08
40,15,0.375,66,always_long,40,2,0.7194,0.0189,0.48,0.52,4.07,29.69,102.08
40,6,0.15,66,alternate,50,2,0.8587,0.0343,0.7099,0.2901,6.03,29.64,69.03
40,6,0.15,45,alternate,50,2,0.8587,0.0342,0.7099,0.2901,6.03,29.64,69.03
25,12,0.48,100,always_short,40,2,0.6747,0.0534,0.5607,0.4392,4.77,29.64,87.38
40,6,0.15,130,alternate,50,2,0.8587,0.0343,0.7099,0.2901,6.03,29.64,69.03
25,12,0.48,130,always_short,40,2,0.6747,0.0535,0.5607,0.4392,4.77,29.64,87.38
40,15,0.375,45,always_long,40,2,0.7191,0.0189,0.4794,0.5206,4.08,29.64,102.22
40,15,0.375,45,always_long,30,2,0.7191,0.0189,0.4794,0.5206,4.08,29.64,102.22
40,6,0.15,100,alternate,50,2,0.8587,0.0343,0.7099,0.2901,6.03,29.64,69.03
25,12,0.48,66,always_short,40,2,0.6746,0.0534,0.5603,0.4397,4.77,29.62,87.46
25,12,0.48,45,always_short,40,2,0.6746,0.0534,0.5601,0.4399,4.77,29.62,87.48
50,20,0.4,130,always_short,30,2,0.7184,0.0089,0.4784,0.5216,4.08,29.58,102.43
50,20,0.4,100,always_short,30,2,0.7184,0.0089,0.4783,0.5218,4.08,29.58,102.46
50,12,0.24,130,always_short,40,1,0.8084,0.0125,0.8196,0.1804,6.98,29.58,59.78
50,12,0.24,100,always_short,40,1,0.8083,0.0125,0.8193,0.1807,6.98,29.56,59.81
50,12,0.24,66,always_short,40,1,0.8083,0.0125,0.8193,0.1807,6.98,29.56,59.81
50,8,0.16,45,always_long,40,2,0.854,0.0184,0.7131,0.2869,6.08,29.54,68.71
50,8,0.16,66,always_long,40,2,0.854,0.0184,0.713,0.287,6.08,29.54,68.72
50,5,0.1,45,always_long,50,2,0.8993,0.0235,0.8185,0.1815,6.98,29.53,59.87
50,5,0.1,66,always_long,50,2,0.8992,0.0236,0.8185,0.1815,6.98,29.53,59.87
50,20,0.4,66,always_short,30,2,0.7181,0.0089,0.4776,0.5224,4.08,29.53,102.59
50,5,0.1,100,always_long,50,2,0.8992,0.0236,0.8184,0.1816,6.98,29.53,59.87
50,8,0.16,100,always_long,40,2,0.8539,0.0184,0.7129,0.2871,6.08,29.53,68.74
50,8,0.16,130,always_long,40,2,0.8538,0.0184,0.7126,0.2874,6.08,29.52,68.76
50,5,0.1,130,always_long,50,2,0.8992,0.0236,0.8184,0.1816,6.99,29.52,59.87
40,6,0.15,30,alternate,50,2,0.8576,0.0342,0.7076,0.2924,6.04,29.52,69.25
30,15,0.5,130,always_short,40,2,0.6699,0.0317,0.565,0.435,4.83,29.51,86.73
30,15,0.5,100,always_short,40,2,0.6699,0.0317,0.565,0.435,4.83,29.51,86.73
50,12,0.24,30,alternate,30,2,0.7992,0.0133,0.5964,0.4036,5.09,29.5,82.16
25,12,0.48,30,always_short,40,2,0.6738,0.0533,0.5585,0.4415,4.77,29.5,87.74
30,15,0.5,66,always_short,40,2,0.6698,0.0316,0.5646,0.4354,4.83,29.49,86.78
40,20,0.5,45,always_short,30,2,0.6692,0.0141,0.5654,0.4346,4.83,29.49,86.67
40,15,0.375,100,always_short,40,1,0.73,0.0174,0.7129,0.2871,6.1,29.46,68.74
40,15,0.375,130,always_short,40,1,0.73,0.0174,0.7129,0.2871,6.1,29.46,68.74
30,15,0.5,45,always_short,40,2,0.6697,0.0316,0.5643,0.4358,4.83,29.46,86.84
40,10,0.25,130,always_short,40,2,0.7988,0.024,0.5955,0.4045,5.1,29.45,82.28
40,15,0.375,66,always_short,40,1,0.7299,0.0173,0.7127,0.2873,6.1,29.45,68.75
50,5,0.1,30,always_long,50,2,0.8987,0.0234,0.8167,0.1832,6.99,29.45,59.99
50,12,0.24,45,always_short,40,1,0.8069,0.0125,0.8165,0.1835,6.99,29.44,60.01
40,10,0.25,100,always_short,40,2,0.7988,0.024,0.5954,0.4046,5.1,29.44,82.3
40,10,0.25,66,always_short,40,2,0.7987,0.024,0.5952,0.4047,5.1,29.43,82.32
40,10,0.25,45,always_short,40,2,0.7986,0.024,0.595,0.405,5.1,29.42,82.35
40,15,0.375,30,always_long,40,2,0.7175,0.0188,0.4763,0.5238,4.08,29.42,102.89
50,12,0.24,66,always_long,30,2,0.7985,0.0143,0.595,0.405,5.1,29.42,82.35
40,15,0.375,30,always_long,30,2,0.7175,0.0188,0.4763,0.5238,4.08,29.42,102.89
50,12,0.24,100,always_long,30,2,0.7985,0.0143,0.595,0.405,5.1,29.41,82.35
50,8,0.16,30,always_long,40,2,0.8529,0.0183,0.7101,0.2899,6.09,29.39,69.0
50,20,0.4,66,always_long,40,2,0.7076,0.0085,0.4994,0.5006,4.28,29.39,98.12
50,20,0.4,100,always_long,40,2,0.7076,0.0085,0.4994,0.5006,4.28,29.39,98.12
50,12,0.24,130,always_long,30,2,0.7984,0.0144,0.5946,0.4054,5.1,29.39,82.4
50,12,0.24,45,always_long,30,2,0.7984,0.0143,0.5944,0.4056,5.1,29.38,82.44
25,12,0.48,100,always_short,50,2,0.6747,0.0534,0.5501,0.4499,4.72,29.38,89.07
25,12,0.48,130,always_short,50,2,0.6747,0.0535,0.5501,0.4499,4.72,29.38,89.07
50,20,0.4,130,always_long,40,2,0.7074,0.0085,0.499,0.501,4.28,29.36,98.2
25,12,0.48,66,always_short,50,2,0.6746,0.0534,0.5496,0.4504,4.72,29.36,89.15
40,15,0.375,45,always_short,40,1,0.7291,0.0173,0.7106,0.2894,6.1,29.35,68.95
25,12,0.48,45,always_short,50,2,0.6746,0.0534,0.5495,0.4505,4.72,29.35,89.17
50,25,0.5,45,always_short,20,2,0.6672,0.0075,0.5686,0.4314,4.89,29.33,86.17
50,25,0.5,130,always_short,50,2,0.6726,0.0075,0.5927,0.4073,5.1,29.26,82.67
50,25,0.5,100,always_short,50,2,0.6726,0.0075,0.5925,0.4075,5.1,29.26,82.7
25,12,0.48,30,always_short,50,2,0.6738,0.0533,0.5479,0.4521,4.72,29.24,89.44
40,6,0.15,66,always_long,50,2,0.8559,0.0356,0.7019,0.2981,6.05,29.24,69.81
40,6,0.15,100,always_long,50,2,0.8558,0.0357,0.7019,0.2981,6.05,29.23,69.81
40,6,0.15,45,always_long,50,2,0.8559,0.0356,0.7019,0.2981,6.05,29.23,69.81
40,6,0.15,130,always_long,50,2,0.8558,0.0357,0.7019,0.2981,6.05,29.23,69.81
50,20,0.4,45,always_long,40,2,0.7065,0.0085,0.4966,0.5034,4.28,29.22,98.67
30,15,0.5,30,always_short,40,2,0.6678,0.0316,0.5599,0.4401,4.83,29.19,87.52
40,6,0.15,30,always_long,50,2,0.8555,0.0356,0.7009,0.2991,6.05,29.19,69.91
50,20,0.4,30,always_short,40,2,0.7059,0.0089,0.4961,0.5039,4.28,29.18,98.77
50,25,0.5,66,always_short,50,2,0.672,0.0075,0.591,0.409,5.11,29.16,82.91
50,12,0.24,66,alternate,40,1,0.8034,0.0134,0.8095,0.1905,7.0,29.13,60.53
50,12,0.24,130,alternate,40,1,0.8034,0.0134,0.8094,0.1906,7.0,29.13,60.54
50,12,0.24,100,alternate,40,1,0.8034,0.0134,0.8095,0.1905,7.0,29.13,60.53
50,12,0.24,45,alternate,40,1,0.8026,0.0134,0.8083,0.1918,7.01,29.07,60.62
30,15,0.5,100,always_long,30,2,0.6571,0.0316,0.5874,0.4126,5.09,29.07,83.42
30,12,0.4,100,always_short,50,2,0.7152,0.0387,0.4711,0.5289,4.09,29.06,104.01
30,12,0.4,130,always_short,50,2,0.7153,0.0387,0.4711,0.5289,4.09,29.06,104.01
30,15,0.5,130,always_long,30,2,0.6571,0.0316,0.5873,0.4128,5.09,29.06,83.44
30,15,0.5,45,always_long,30,2,0.657,0.0315,0.5871,0.4129,5.09,29.05,83.46
30,15,0.5,66,always_long,30,2,0.6571,0.0315,0.5871,0.4129,5.09,29.05,83.46
30,12,0.4,66,always_short,50,2,0.7151,0.0386,0.4706,0.5294,4.09,29.02,104.12
50,12,0.24,30,always_short,40,1,0.8021,0.0125,0.8071,0.1929,7.01,29.02,60.71
30,12,0.4,45,always_short,50,2,0.715,0.0386,0.4704,0.5296,4.09,29.01,104.17
50,25,0.5,130,alternate,20,2,0.6652,0.0071,0.5633,0.4368,4.89,29.0,87.0
50,25,0.5,100,alternate,20,2,0.6652,0.0071,0.5633,0.4368,4.89,29.0,87.0
40,15,0.375,30,always_short,40,1,0.7253,0.0173,0.7033,0.2968,6.11,28.99,69.68
50,25,0.5,66,alternate,20,2,0.6649,0.0071,0.5627,0.4373,4.89,28.98,87.07
50,20,0.4,45,always_short,30,2,0.7147,0.0089,0.4694,0.5306,4.09,28.94,104.39
40,15,0.375,130,alternate,40,1,0.7247,0.0182,0.7019,0.2981,6.12,28.92,69.81
40,15,0.375,100,alternate,40,1,0.7247,0.0182,0.7019,0.2981,6.12,28.92,69.81
40,15,0.375,66,alternate,40,1,0.7246,0.0181,0.7019,0.2981,6.12,28.92,69.81
50,12,0.24,30,always_long,30,2,0.7963,0.0142,0.586,0.414,5.11,28.92,83.62
30,15,0.5,30,always_long,30,2,0.6561,0.0315,0.585,0.415,5.1,28.91,83.76
40,20,0.5,100,alternate,30,2,0.6653,0.0139,0.5549,0.4451,4.84,28.87,88.31
40,20,0.5,130,alternate,30,2,0.6653,0.0139,0.5547,0.4452,4.84,28.86,88.33
40,20,0.5,66,alternate,30,2,0.6653,0.0139,0.5547,0.4452,4.84,28.86,88.33
40,15,0.375,45,alternate,40,1,0.7241,0.0181,0.7004,0.2996,6.12,28.85,69.96
40,10,0.25,30,always_short,40,2,0.7957,0.024,0.5841,0.4159,5.11,28.8,83.89
25,12,0.48,100,alternate,40,2,0.6688,0.053,0.5467,0.4532,4.79,28.74,89.62
30,12,0.4,30,always_short,50,2,0.7135,0.0386,0.4661,0.5339,4.09,28.74,105.12
25,12,0.48,130,alternate,40,2,0.6688,0.053,0.5466,0.4534,4.79,28.73,89.64
50,12,0.24,30,alternate,40,1,0.7992,0.0133,0.8007,0.1993,7.02,28.73,61.19
25,12,0.48,66,alternate,40,2,0.6687,0.053,0.5465,0.4535,4.79,28.72,89.66
25,12,0.48,45,alternate,40,2,0.6687,0.0529,0.5465,0.4535,4.8,28.72,89.66
40,20,0.5,45,alternate,30,2,0.6642,0.0139,0.5517,0.4482,4.84,28.71,88.81
40,10,0.25,130,always_short,50,1,0.7988,0.024,0.7999,0.2001,7.02,28.7,61.26
40,10,0.25,66,always_short,50,1,0.7987,0.024,0.7997,0.2003,7.02,28.69,61.27
40,10,0.25,100,always_short,50,1,0.7988,0.024,0.7999,0.2001,7.02,28.69,61.26
50,12,0.24,66,always_long,40,1,0.7985,0.0143,0.7997,0.2003,7.03,28.69,61.27
50,20,0.4,100,alternate,30,2,0.713,0.0087,0.4652,0.5347,4.09,28.69,105.32
40,10,0.25,45,always_short,50,1,0.7986,0.024,0.7997,0.2003,7.03,28.69,61.27
50,12,0.24,100,always_long,40,1,0.7985,0.0143,0.7997,0.2003,7.03,28.69,61.27
50,12,0.24,130,always_long,40,1,0.7984,0.0144,0.7993,0.2008,7.03,28.67,61.31
50,12,0.24,45,always_long,40,1,0.7984,0.0143,0.7993,0.2008,7.03,28.67,61.31
25,12,0.48,30,alternate,40,2,0.6681,0.0529,0.5456,0.4544,4.8,28.66,89.81
50,20,0.4,130,alternate,30,2,0.7129,0.0087,0.4649,0.5351,4.09,28.66,105.4
50,20,0.4,30,alternate,40,2,0.7029,0.0087,0.4876,0.5124,4.29,28.64,100.49
50,20,0.4,66,alternate,30,2,0.7129,0.0087,0.4644,0.5356,4.09,28.63,105.52
40,20,0.5,30,always_short,30,2,0.6638,0.0141,0.5504,0.4496,4.84,28.63,89.03
40,10,0.25,100,alternate,40,2,0.7945,0.0251,0.5805,0.4195,5.11,28.62,84.41
40,10,0.25,130,alternate,40,2,0.7945,0.0251,0.5805,0.4195,5.11,28.62,84.41
40,10,0.25,66,alternate,40,2,0.7945,0.025,0.5805,0.4195,5.11,28.62,84.41
40,10,0.25,45,alternate,40,2,0.7944,0.025,0.5805,0.4195,5.11,28.61,84.41
40,15,0.375,30,alternate,40,1,0.7214,0.0181,0.6955,0.3045,6.13,28.6,70.45
30,15,0.5,130,alternate,40,2,0.6635,0.0316,0.5474,0.4526,4.84,28.5,89.52
50,12,0.24,30,always_long,40,1,0.7963,0.0142,0.7957,0.2042,7.04,28.5,61.58
30,15,0.5,100,alternate,40,2,0.6635,0.0316,0.5474,0.4526,4.84,28.5,89.52
30,15,0.5,66,alternate,40,2,0.6634,0.0316,0.5473,0.4527,4.84,28.49,89.54
25,12,0.48,100,alternate,50,2,0.6688,0.053,0.536,0.464,4.74,28.47,91.42
30,15,0.5,45,alternate,40,2,0.6633,0.0316,0.547,0.453,4.84,28.47,89.58
25,12,0.48,66,alternate,50,2,0.6687,0.053,0.5357,0.4642,4.74,28.46,91.46
50,25,0.5,45,always_short,50,2,0.6672,0.0075,0.5799,0.4201,5.13,28.46,84.5
25,12,0.48,130,alternate,50,2,0.6688,0.053,0.5359,0.4641,4.74,28.46,91.44
40,10,0.25,30,always_short,50,1,0.7957,0.024,0.795,0.205,7.04,28.45,61.64
25,12,0.48,45,alternate,50,2,0.6687,0.0529,0.5357,0.4642,4.74,28.45,91.46
25,12,0.48,30,alternate,50,2,0.6681,0.0529,0.5347,0.4652,4.75,28.39,91.63
50,25,0.5,45,alternate,20,2,0.6613,0.0071,0.5527,0.4472,4.91,28.39,88.65
40,10,0.25,100,alternate,50,1,0.7945,0.0251,0.7926,0.2074,7.04,28.36,61.82
40,10,0.25,66,alternate,50,1,0.7945,0.025,0.7926,0.2074,7.04,28.36,61.82
40,10,0.25,130,alternate,50,1,0.7945,0.0251,0.7926,0.2074,7.04,28.36,61.82
40,15,0.375,130,always_long,40,1,0.7193,0.019,0.6901,0.3099,6.14,28.35,71.0
40,15,0.375,100,always_long,40,1,0.7194,0.019,0.6901,0.3099,6.14,28.35,71.0
40,15,0.375,66,always_long,40,1,0.7194,0.0189,0.6901,0.3099,6.14,28.35,71.0
40,10,0.25,45,alternate,50,1,0.7944,0.025,0.792,0.208,7.04,28.34,61.87
50,20,0.4,45,alternate,30,2,0.7106,0.0087,0.4595,0.5405,4.09,28.31,106.64
40,15,0.375,45,always_long,40,1,0.7191,0.0189,0.6894,0.3106,6.14,28.31,71.08
50,20,0.4,130,always_short,30,1,0.7184,0.0089,0.6887,0.3113,6.14,28.29,71.14
50,20,0.4,100,always_short,30,1,0.7184,0.0089,0.6887,0.3113,6.14,28.28,71.14
50,20,0.4,66,always_short,30,1,0.7181,0.0089,0.6884,0.3116,6.14,28.27,71.18
40,10,0.25,30,alternate,40,2,0.7926,0.025,0.574,0.426,5.12,28.25,85.37
30,15,0.5,30,alternate,40,2,0.662,0.0315,0.5426,0.4574,4.84,28.24,90.3
40,15,0.375,30,always_long,40,1,0.7175,0.0188,0.6876,0.3124,6.14,28.22,71.26
40,10,0.25,30,alternate,50,1,0.7926,0.025,0.7884,0.2116,7.05,28.17,62.15
50,8,0.16,130,always_short,50,1,0.8619,0.0171,0.8752,0.1247,7.83,28.16,55.98
50,25,0.5,100,alternate,50,2,0.6652,0.0071,0.5745,0.4255,5.14,28.14,85.29
50,8,0.16,66,always_short,50,1,0.8618,0.0171,0.8748,0.1253,7.83,28.14,56.02
50,25,0.5,130,alternate,50,2,0.6652,0.0071,0.5745,0.4255,5.14,28.14,85.29
50,8,0.16,100,always_short,50,1,0.8618,0.0171,0.8746,0.1254,7.83,28.14,56.02
50,20,0.4,30,always_long,40,2,0.6999,0.0084,0.4803,0.5198,4.3,28.12,102.03
50,25,0.5,66,alternate,50,2,0.6649,0.0071,0.5741,0.4259,5.15,28.12,85.35
50,8,0.16,45,always_short,50,1,0.8611,0.0171,0.8739,0.1261,7.84,28.1,56.07
25,10,0.4,130,always_short,50,2,0.7097,0.063,0.4564,0.5436,4.09,28.09,107.37
25,10,0.4,100,always_short,50,2,0.7096,0.0629,0.4561,0.5439,4.09,28.07,107.43
25,10,0.4,66,always_short,50,2,0.7095,0.0629,0.4556,0.5444,4.09,28.04,107.54
25,10,0.4,45,always_short,50,2,0.7095,0.0629,0.4556,0.5444,4.09,28.04,107.54
30,12,0.4,100,alternate,50,2,0.7093,0.0388,0.4551,0.5449,4.1,28.01,107.66
30,12,0.4,130,alternate,50,2,0.7093,0.0388,0.4551,0.5449,4.1,28.01,107.66
30,12,0.4,66,alternate,50,2,0.7092,0.0387,0.4551,0.5449,4.1,28.0,107.66
30,12,0.4,45,alternate,50,2,0.7091,0.0387,0.4547,0.5453,4.1,27.98,107.75
40,20,0.5,100,always_long,30,2,0.6597,0.0137,0.5393,0.4607,4.86,27.98,90.87
40,20,0.5,66,always_long,30,2,0.6598,0.0137,0.5394,0.4606,4.86,27.98,90.85
50,6,0.12,130,always_short,40,2,0.8892,0.0193,0.7824,0.2176,7.05,27.97,62.63
50,6,0.12,66,always_short,40,2,0.8892,0.0193,0.7824,0.2176,7.05,27.97,62.63
30,12,0.4,130,always_short,50,1,0.7153,0.0387,0.6821,0.3179,6.15,27.96,71.83
30,12,0.4,100,always_short,50,1,0.7152,0.0387,0.6821,0.3179,6.15,27.96,71.83
40,20,0.5,130,always_long,30,2,0.6597,0.0137,0.539,0.461,4.86,27.96,90.91
50,6,0.12,100,always_short,40,2,0.8892,0.0193,0.7823,0.2177,7.05,27.96,62.64
30,12,0.4,66,always_short,50,1,0.7151,0.0386,0.6816,0.3184,6.15,27.94,71.89
30,12,0.4,45,always_short,50,1,0.715,0.0386,0.6813,0.3187,6.15,27.93,71.93
40,10,0.25,66,always_long,50,1,0.7903,0.0261,0.7826,0.2174,7.06,27.93,62.61
40,20,0.5,30,alternate,30,2,0.6595,0.0137,0.5384,0.4616,4.86,27.93,91.01
40,10,0.25,130,always_long,50,1,0.7902,0.0261,0.7826,0.2174,7.06,27.93,62.61
40,10,0.25,100,always_long,50,1,0.7902,0.0261,0.7826,0.2174,7.06,27.93,62.61
40,10,0.25,45,always_long,50,1,0.7902,0.0261,0.7826,0.2174,7.06,27.92,62.61
50,6,0.12,45,always_short,40,2,0.8889,0.0193,0.7809,0.2191,7.05,27.91,62.75
50,20,0.4,45,always_short,30,1,0.7147,0.0089,0.6809,0.3191,6.15,27.9,71.97
50,25,0.5,100,always_long,20,2,0.6579,0.0068,0.5449,0.4551,4.92,27.89,89.93
40,20,0.5,45,always_long,30,2,0.6593,0.0137,0.5379,0.4621,4.86,27.89,91.1
25,10,0.4,30,always_short,50,2,0.7088,0.0629,0.4534,0.5466,4.1,27.89,108.08
50,25,0.5,66,always_long,20,2,0.6578,0.0068,0.5446,0.4554,4.92,27.87,89.97
40,10,0.25,30,always_long,50,1,0.7894,0.026,0.7811,0.2189,7.06,27.86,62.73
50,8,0.16,130,alternate,50,1,0.8578,0.0178,0.868,0.132,7.85,27.85,56.45
50,25,0.5,130,always_long,20,2,0.6577,0.0068,0.5441,0.4559,4.92,27.85,90.05
50,8,0.16,100,alternate,50,1,0.8578,0.0178,0.868,0.132,7.85,27.85,56.45
50,8,0.16,66,alternate,50,1,0.8579,0.0177,0.868,0.132,7.85,27.85,56.45
50,8,0.16,30,always_short,50,1,0.8578,0.0171,0.868,0.132,7.85,27.85,56.45
50,8,0.16,45,alternate,50,1,0.8576,0.0177,0.8671,0.1329,7.85,27.82,56.51
20,10,0.5,130,always_short,50,2,0.6602,0.0892,0.5334,0.4666,4.84,27.79,91.87
40,10,0.25,130,always_long,40,2,0.7902,0.0261,0.5655,0.4345,5.13,27.79,86.65
30,12,0.4,30,always_short,50,1,0.7135,0.0386,0.6786,0.3214,6.15,27.79,72.2
40,10,0.25,66,always_long,40,2,0.7903,0.0261,0.5656,0.4344,5.13,27.79,86.63
40,10,0.25,100,always_long,40,2,0.7902,0.0261,0.5656,0.4344,5.13,27.79,86.63
40,10,0.25,45,always_long,40,2,0.7902,0.0261,0.5655,0.4345,5.13,27.78,86.65
20,10,0.5,100,always_short,50,2,0.6602,0.0891,0.5333,0.4667,4.84,27.78,91.89
30,12,0.4,30,alternate,50,2,0.7081,0.0387,0.4516,0.5484,4.1,27.78,108.5
25,12,0.48,100,always_long,40,2,0.6629,0.0526,0.5292,0.4708,4.8,27.77,92.58
25,12,0.48,130,always_long,40,2,0.6628,0.0526,0.5292,0.4708,4.8,27.76,92.58
25,12,0.48,66,always_long,40,2,0.6628,0.0525,0.5289,0.4711,4.8,27.75,92.65
20,10,0.5,66,always_short,50,2,0.6601,0.0891,0.5329,0.4671,4.84,27.75,91.95
20,10,0.5,45,always_short,50,2,0.66,0.089,0.5326,0.4674,4.84,27.74,92.0
25,12,0.48,45,always_long,40,2,0.6627,0.0525,0.5289,0.4711,4.8,27.74,92.65
50,20,0.4,100,alternate,30,1,0.713,0.0087,0.6774,0.3226,6.16,27.73,72.34
25,12,0.48,30,always_long,40,2,0.6625,0.0525,0.5285,0.4715,4.8,27.72,92.72
50,20,0.4,100,always_long,30,2,0.7076,0.0085,0.4507,0.5493,4.1,27.72,108.71
50,20,0.4,130,alternate,30,1,0.7129,0.0087,0.677,0.323,6.16,27.72,72.38
50,20,0.4,66,always_long,30,2,0.7076,0.0085,0.4507,0.5493,4.1,27.72,108.71
50,20,0.4,66,alternate,30,1,0.7129,0.0087,0.6766,0.3234,6.16,27.7,72.42
50,20,0.4,130,always_long,30,2,0.7074,0.0085,0.4502,0.5497,4.1,27.69,108.83
20,10,0.5,30,always_short,50,2,0.6597,0.089,0.5315,0.4685,4.84,27.67,92.19
50,8,0.16,30,alternate,50,1,0.8553,0.0177,0.8631,0.1369,7.86,27.66,56.77
50,25,0.5,45,alternate,50,2,0.6613,0.0071,0.5675,0.4325,5.17,27.66,86.34
40,10,0.25,30,always_long,40,2,0.7894,0.026,0.5631,0.4369,5.13,27.66,87.01
50,20,0.4,45,always_long,30,2,0.7065,0.0085,0.4482,0.5517,4.1,27.57,109.31
50,8,0.16,100,always_long,50,1,0.8539,0.0184,0.8606,0.1394,7.87,27.56,56.94
50,8,0.16,45,always_long,50,1,0.854,0.0184,0.8608,0.1393,7.87,27.56,56.93
50,8,0.16,66,always_long,50,1,0.854,0.0184,0.8606,0.1394,7.87,27.56,56.94
50,8,0.16,130,always_long,50,1,0.8538,0.0184,0.8605,0.1395,7.87,27.55,56.94
50,6,0.12,30,always_short,40,2,0.8863,0.0193,0.7728,0.2273,7.07,27.55,63.41
50,6,0.12,66,alternate,40,2,0.886,0.0205,0.7719,0.2281,7.07,27.51,63.48
25,12,0.48,100,always_long,50,2,0.6629,0.0526,0.519,0.481,4.75,27.51,94.41
25,12,0.48,130,always_long,50,2,0.6628,0.0526,0.519,0.481,4.75,27.51,94.41
50,20,0.4,30,always_short,30,2,0.7059,0.0089,0.4475,0.5525,4.1,27.51,109.5
50,6,0.12,130,alternate,40,2,0.886,0.0205,0.7716,0.2284,7.07,27.5,63.5
50,6,0.12,100,alternate,40,2,0.886,0.0205,0.7715,0.2285,7.07,27.5,63.51
50,25,0.5,45,always_long,20,2,0.6554,0.0068,0.5386,0.4614,4.94,27.49,90.97
25,12,0.48,45,always_long,50,2,0.6627,0.0525,0.5186,0.4814,4.75,27.49,94.48
30,15,0.5,100,always_long,40,2,0.6571,0.0316,0.5302,0.4698,4.86,27.49,92.41
25,12,0.48,66,always_long,50,2,0.6628,0.0525,0.5186,0.4814,4.75,27.49,94.48
50,8,0.16,30,always_long,50,1,0.8529,0.0183,0.859,0.141,7.88,27.49,57.04
30,15,0.5,130,always_long,40,2,0.6571,0.0316,0.5301,0.4699,4.86,27.48,92.43
30,15,0.5,66,always_long,40,2,0.6571,0.0315,0.53,0.47,4.86,27.48,92.45
50,6,0.12,45,alternate,40,2,0.8859,0.0204,0.7709,0.2291,7.07,27.47,63.56
30,15,0.5,45,always_long,40,2,0.657,0.0315,0.53,0.47,4.86,27.47,92.45
50,20,0.4,45,alternate,30,1,0.7106,0.0087,0.671,0.329,6.16,27.46,73.03
25,12,0.48,30,always_long,50,2,0.6625,0.0525,0.5182,0.4818,4.76,27.46,94.55
50,25,0.5,30,always_short,20,2,0.6549,0.0075,0.5371,0.4629,4.94,27.41,91.23
30,15,0.5,30,always_long,40,2,0.6561,0.0315,0.5284,0.4716,4.87,27.34,92.74
30,12,0.4,45,alternate,50,1,0.7091,0.0387,0.6677,0.3322,6.16,27.3,73.38
30,12,0.4,130,alternate,50,1,0.7093,0.0388,0.6679,0.3321,6.16,27.3,73.37
30,12,0.4,66,alternate,50,1,0.7092,0.0387,0.6679,0.3321,6.16,27.3,73.37
30,12,0.4,100,alternate,50,1,0.7093,0.0388,0.6679,0.3321,6.16,27.3,73.37
40,20,0.5,30,always_long,30,2,0.6551,0.0134,0.5278,0.4723,4.88,27.27,92.85
50,6,0.12,30,alternate,40,2,0.8843,0.0204,0.765,0.235,7.09,27.21,64.05
50,25,0.5,100,always_long,50,2,0.6579,0.0068,0.5603,0.4397,5.19,27.2,87.46
25,10,0.4,130,alternate,50,2,0.7042,0.0625,0.4425,0.5575,4.1,27.19,110.73
30,12,0.4,30,alternate,50,1,0.7081,0.0387,0.6654,0.3346,6.17,27.19,73.64
25,10,0.4,100,alternate,50,2,0.7042,0.0625,0.4425,0.5575,4.1,27.19,110.73
50,25,0.5,66,always_long,50,2,0.6578,0.0068,0.56,0.44,5.19,27.18,87.5
50,25,0.5,130,always_long,50,2,0.6577,0.0068,0.5596,0.4404,5.19,27.17,87.56
25,10,0.4,66,alternate,50,2,0.7041,0.0624,0.4421,0.5579,4.1,27.17,110.83
25,10,0.4,45,alternate,50,2,0.7041,0.0624,0.4421,0.5579,4.1,27.17,110.83
50,20,0.4,66,always_long,30,1,0.7076,0.0085,0.6641,0.3359,6.17,27.13,73.78
50,20,0.4,100,always_long,30,1,0.7076,0.0085,0.6641,0.3359,6.17,27.13,73.78
50,20,0.4,130,always_long,30,1,0.7074,0.0085,0.6636,0.3364,6.17,27.11,73.84
25,10,0.4,30,alternate,50,2,0.7035,0.0624,0.441,0.559,4.1,27.1,111.11
30,12,0.4,100,always_long,50,2,0.7034,0.0388,0.4405,0.5595,4.1,27.07,111.24
30,12,0.4,130,always_long,50,2,0.7034,0.0389,0.4402,0.5597,4.1,27.06,111.3
30,12,0.4,66,always_long,50,2,0.7034,0.0388,0.4401,0.5599,4.1,27.05,111.33
30,12,0.4,45,always_long,50,2,0.7033,0.0388,0.44,0.56,4.1,27.04,111.36
50,20,0.4,45,always_long,30,1,0.7065,0.0085,0.6617,0.3382,6.17,27.03,74.05
50,6,0.12,45,always_long,40,2,0.8828,0.0216,0.76,0.24,7.09,27.02,64.47
50,6,0.12,100,always_long,40,2,0.8828,0.0216,0.7599,0.2401,7.09,27.01,64.48
50,6,0.12,66,always_long,40,2,0.8828,0.0216,0.7599,0.2401,7.09,27.01,64.48
50,6,0.12,130,always_long,40,2,0.8827,0.0216,0.7596,0.2404,7.09,27.0,64.51
50,20,0.4,30,always_short,30,1,0.7059,0.0089,0.6607,0.3392,6.17,26.98,74.16
50,20,0.4,30,alternate,30,2,0.7029,0.0087,0.4389,0.5611,4.1,26.97,111.65
50,6,0.12,30,always_long,40,2,0.8822,0.0215,0.7579,0.2421,7.09,26.93,64.65
20,10,0.5,100,alternate,50,2,0.655,0.0892,0.5194,0.4806,4.86,26.93,94.34
20,10,0.5,130,alternate,50,2,0.655,0.0892,0.5194,0.4806,4.86,26.93,94.34
20,10,0.5,66,alternate,50,2,0.6549,0.0891,0.5192,0.4808,4.86,26.92,94.37
20,10,0.5,45,alternate,50,2,0.6549,0.0891,0.5192,0.4808,4.86,26.92,94.37
30,12,0.4,30,always_long,50,2,0.7026,0.0387,0.438,0.562,4.1,26.92,111.87
20,10,0.5,30,alternate,50,2,0.6546,0.089,0.519,0.481,4.86,26.9,94.41
50,25,0.5,130,always_short,40,2,0.6726,0.0075,0.4973,0.5028,4.66,26.89,98.54
50,25,0.5,100,always_short,40,2,0.6726,0.0075,0.4973,0.5028,4.66,26.89,98.54
50,25,0.5,45,always_long,50,2,0.6554,0.0068,0.5539,0.4461,5.21,26.8,88.47
50,25,0.5,66,always_short,40,2,0.672,0.0075,0.4956,0.5044,4.66,26.79,98.87
30,12,0.4,100,always_long,50,1,0.7034,0.0388,0.6558,0.3443,6.18,26.74,74.72
50,25,0.5,30,always_short,50,2,0.6549,0.0075,0.5524,0.4476,5.21,26.73,88.71
30,12,0.4,130,always_long,50,1,0.7034,0.0389,0.6556,0.3444,6.18,26.73,74.74
30,12,0.4,66,always_long,50,1,0.7034,0.0388,0.6556,0.3444,6.18,26.73,74.74
30,12,0.4,45,always_long,50,1,0.7033,0.0388,0.6554,0.3446,6.18,26.73,74.77
50,20,0.4,30,alternate,30,1,0.7029,0.0087,0.6545,0.3455,6.18,26.68,74.87
30,8,0.267,130,always_short,50,2,0.7834,0.0537,0.5457,0.4542,5.15,26.68,89.78
30,8,0.267,66,always_short,50,2,0.7832,0.0537,0.5455,0.4545,5.16,26.67,89.83
30,8,0.267,100,always_short,50,2,0.7833,0.0537,0.5456,0.4544,5.15,26.67,89.81
30,12,0.4,30,always_long,50,1,0.7026,0.0387,0.6542,0.3458,6.18,26.67,74.89
30,8,0.267,45,always_short,50,2,0.7831,0.0537,0.5454,0.4546,5.16,26.66,89.85
40,20,0.5,130,always_short,50,2,0.6709,0.0141,0.4936,0.5064,4.67,26.65,99.27
40,20,0.5,100,always_short,50,2,0.6708,0.0141,0.4935,0.5065,4.67,26.64,99.29
40,20,0.5,66,always_short,50,2,0.6708,0.0141,0.4931,0.5069,4.67,26.63,99.37
40,5,0.125,45,always_short,50,2,0.88,0.0359,0.751,0.249,7.11,26.61,65.25
40,5,0.125,130,always_short,50,2,0.8801,0.0359,0.751,0.249,7.11,26.61,65.25
40,5,0.125,100,always_short,50,2,0.88,0.0359,0.751,0.249,7.11,26.61,65.25
40,5,0.125,66,always_short,50,2,0.88,0.0359,0.751,0.249,7.11,26.61,65.25
50,25,0.5,30,alternate,20,2,0.6495,0.0071,0.523,0.477,4.97,26.54,93.69
30,8,0.267,30,always_short,50,2,0.782,0.0536,0.5413,0.4587,5.16,26.43,90.53
50,20,0.4,30,always_long,30,2,0.6999,0.0084,0.4309,0.5691,4.11,26.42,113.72
40,20,0.5,45,always_short,50,2,0.6692,0.0141,0.4895,0.5105,4.67,26.41,100.1
50,20,0.4,30,always_long,30,1,0.6999,0.0084,0.6485,0.3515,6.19,26.39,75.56
40,5,0.125,30,always_short,50,2,0.8784,0.0359,0.7455,0.2545,7.12,26.37,65.73
50,15,0.3,130,always_short,30,1,0.773,0.0109,0.7458,0.2542,7.13,26.35,65.71
50,15,0.3,100,always_short,30,1,0.773,0.0109,0.7456,0.2544,7.13,26.34,65.72
50,15,0.3,66,always_short,30,1,0.7729,0.0109,0.7454,0.2546,7.13,26.33,65.74
25,10,0.4,130,always_long,50,2,0.6987,0.0621,0.4281,0.5719,4.11,26.24,114.45
25,10,0.4,100,always_long,50,2,0.6987,0.062,0.4283,0.5717,4.11,26.24,114.42
40,5,0.125,45,alternate,50,2,0.8775,0.0377,0.7425,0.2575,7.13,26.24,65.99
40,5,0.125,66,alternate,50,2,0.8775,0.0377,0.7425,0.2575,7.13,26.24,65.99
40,5,0.125,130,alternate,50,2,0.8775,0.0378,0.7425,0.2575,7.13,26.24,65.99
40,5,0.125,100,alternate,50,2,0.8775,0.0377,0.7424,0.2576,7.13,26.23,66.0
25,10,0.4,66,always_long,50,2,0.6986,0.062,0.428,0.572,4.11,26.22,114.49
25,10,0.4,45,always_long,50,2,0.6986,0.0619,0.428,0.572,4.11,26.22,114.49
50,10,0.2,130,always_short,30,2,0.8333,0.0143,0.6431,0.3569,6.19,26.2,76.19
50,10,0.2,66,always_short,30,2,0.8332,0.0143,0.643,0.357,6.19,26.19,76.21
50,10,0.2,100,always_short,30,2,0.8333,0.0143,0.6431,0.3569,6.19,26.19,76.19
25,10,0.4,30,always_long,50,2,0.6983,0.0619,0.4271,0.5729,4.11,26.16,114.72
50,15,0.3,45,always_short,30,1,0.7708,0.0109,0.7405,0.2595,7.14,26.13,66.17
50,25,0.5,45,always_short,40,2,0.6672,0.0075,0.4843,0.5158,4.68,26.1,101.19
40,5,0.125,30,alternate,50,2,0.8766,0.0377,0.7388,0.2612,7.13,26.09,66.33
40,12,0.3,130,always_short,40,1,0.7702,0.021,0.739,0.261,7.14,26.08,66.31
40,12,0.3,100,always_short,40,1,0.7702,0.021,0.739,0.261,7.14,26.08,66.31
20,10,0.5,100,always_long,50,2,0.6498,0.0892,0.5055,0.4945,4.89,26.07,96.93
20,10,0.5,45,always_long,50,2,0.6498,0.0891,0.5054,0.4946,4.89,26.07,96.96
40,12,0.3,66,always_short,40,1,0.77,0.021,0.7389,0.2611,7.14,26.07,66.32
20,10,0.5,66,always_long,50,2,0.6497,0.0892,0.5052,0.4948,4.89,26.06,96.98
40,12,0.3,45,always_short,40,1,0.7698,0.021,0.7385,0.2615,7.14,26.05,66.35
20,10,0.5,130,always_long,50,2,0.6497,0.0893,0.5051,0.4949,4.89,26.05,97.01
50,10,0.2,45,always_short,30,2,0.8322,0.0143,0.6394,0.3606,6.19,26.03,76.64
20,10,0.5,30,always_long,50,2,0.6495,0.0891,0.5048,0.4953,4.89,26.03,97.08
50,10,0.2,130,always_short,40,1,0.8333,0.0143,0.8217,0.1782,7.97,25.98,59.63
50,10,0.2,100,always_short,40,1,0.8333,0.0143,0.8217,0.1782,7.97,25.98,59.63
50,10,0.2,66,always_short,40,1,0.8332,0.0143,0.8215,0.1785,7.97,25.97,59.65
50,10,0.2,45,always_short,40,1,0.8322,0.0143,0.8196,0.1804,7.98,25.9,59.78
50,25,0.5,30,alternate,50,2,0.6495,0.0071,0.5389,0.4611,5.24,25.9,90.93
30,8,0.267,130,alternate,50,2,0.7788,0.0533,0.5315,0.4685,5.17,25.89,92.19
30,8,0.267,66,alternate,50,2,0.7787,0.0533,0.5314,0.4686,5.17,25.88,92.21
30,8,0.267,45,alternate,50,2,0.7787,0.0533,0.5312,0.4688,5.17,25.88,92.24
30,8,0.267,100,alternate,50,2,0.7787,0.0533,0.5314,0.4686,5.17,25.88,92.21
40,5,0.125,66,always_long,50,2,0.8751,0.0395,0.7325,0.2675,7.15,25.83,66.89
40,5,0.125,45,always_long,50,2,0.8751,0.0395,0.7324,0.2676,7.15,25.83,66.91
50,15,0.3,130,alternate,30,1,0.7673,0.0113,0.7322,0.2677,7.15,25.81,66.92
50,15,0.3,66,alternate,30,1,0.7673,0.0113,0.7322,0.2677,7.15,25.81,66.92
40,5,0.125,100,always_long,50,2,0.875,0.0395,0.7321,0.2679,7.15,25.81,66.93
40,5,0.125,130,always_long,50,2,0.875,0.0396,0.7321,0.2679,7.15,25.81,66.93
50,15,0.3,100,alternate,30,1,0.7673,0.0113,0.7325,0.2675,7.15,25.81,66.89
40,20,0.5,100,alternate,50,2,0.6653,0.0139,0.4795,0.5205,4.68,25.8,102.19
40,20,0.5,130,alternate,50,2,0.6653,0.0139,0.4794,0.5206,4.68,25.79,102.22
50,25,0.5,130,alternate,40,2,0.6652,0.0071,0.4794,0.5206,4.68,25.79,102.22
50,25,0.5,30,always_long,20,2,0.6441,0.0068,0.5101,0.4899,4.98,25.79,96.05
50,25,0.5,100,alternate,40,2,0.6652,0.0071,0.4794,0.5206,4.68,25.79,102.22
40,20,0.5,66,alternate,50,2,0.6653,0.0139,0.4794,0.5206,4.68,25.79,102.22
40,5,0.125,30,always_long,50,2,0.8747,0.0395,0.7316,0.2684,7.15,25.79,66.97
50,25,0.5,66,alternate,40,2,0.6649,0.0071,0.4789,0.5211,4.68,25.76,102.32
40,12,0.3,30,always_short,40,1,0.7667,0.0209,0.7311,0.2689,7.15,25.76,67.02
40,8,0.2,130,always_short,50,1,0.8296,0.0287,0.8151,0.1849,7.99,25.71,60.11
30,8,0.267,30,alternate,50,2,0.7779,0.0532,0.528,0.472,5.18,25.71,92.8
40,8,0.2,100,always_short,50,1,0.8296,0.0286,0.8149,0.1851,7.99,25.7,60.13
40,8,0.2,66,always_short,50,1,0.8295,0.0286,0.8149,0.1851,7.99,25.7,60.13
40,8,0.2,45,always_short,50,1,0.8295,0.0286,0.8149,0.1851,7.99,25.7,60.13
50,15,0.3,45,alternate,30,1,0.766,0.0112,0.7295,0.2705,7.15,25.69,67.17
40,20,0.5,45,alternate,50,2,0.6642,0.0139,0.4773,0.5228,4.68,25.67,102.67
50,10,0.2,100,alternate,40,1,0.8292,0.0155,0.8143,0.1857,7.99,25.67,60.18
50,10,0.2,130,alternate,40,1,0.8292,0.0155,0.8143,0.1857,7.99,25.67,60.18
50,10,0.2,66,alternate,40,1,0.8292,0.0154,0.8143,0.1857,7.99,25.67,60.18
40,12,0.3,130,alternate,40,1,0.7653,0.022,0.7282,0.2717,7.16,25.64,67.28
40,12,0.3,100,alternate,40,1,0.7653,0.022,0.7282,0.2717,7.16,25.64,67.28
40,12,0.3,66,alternate,40,1,0.7653,0.022,0.7281,0.2719,7.16,25.64,67.3
40,20,0.5,30,always_short,50,2,0.6638,0.0141,0.4766,0.5234,4.69,25.62,102.81
40,12,0.3,45,alternate,40,1,0.7651,0.022,0.7276,0.2724,7.16,25.62,67.34
50,10,0.2,45,alternate,40,1,0.8286,0.0154,0.8124,0.1876,7.99,25.61,60.32
40,8,0.2,130,always_short,40,2,0.8296,0.0287,0.6305,0.3695,6.2,25.61,77.72
40,8,0.2,66,always_short,40,2,0.8295,0.0286,0.6301,0.3699,6.2,25.6,77.76
40,8,0.2,45,always_short,40,2,0.8295,0.0286,0.6301,0.3699,6.2,25.6,77.76
40,8,0.2,100,always_short,40,2,0.8296,0.0286,0.6304,0.3696,6.2,25.6,77.73
50,15,0.3,30,always_short,30,1,0.7646,0.0109,0.7271,0.2729,7.16,25.59,67.39
50,10,0.2,30,always_short,40,1,0.828,0.0143,0.8113,0.1888,8.0,25.56,60.4
50,10,0.2,100,alternate,30,2,0.8292,0.0155,0.6289,0.3711,6.2,25.54,77.92
50,10,0.2,66,alternate,30,2,0.8292,0.0154,0.6289,0.3711,6.2,25.54,77.92
50,10,0.2,130,alternate,30,2,0.8292,0.0155,0.6289,0.3711,6.2,25.54,77.92
40,8,0.2,30,always_short,50,1,0.8273,0.0286,0.81,0.19,8.0,25.51,60.49
50,10,0.2,45,alternate,30,2,0.8286,0.0154,0.6276,0.3724,6.21,25.48,78.07
40,8,0.2,66,alternate,50,1,0.8263,0.0293,0.8079,0.1921,8.01,25.42,60.65
40,8,0.2,100,alternate,50,1,0.8263,0.0293,0.8077,0.1923,8.01,25.42,60.66
40,12,0.3,30,alternate,40,1,0.7631,0.0219,0.7228,0.2772,7.16,25.42,67.8
40,8,0.2,45,alternate,50,1,0.8263,0.0293,0.8079,0.1921,8.01,25.42,60.65
40,8,0.2,130,alternate,50,1,0.8263,0.0293,0.8079,0.1921,8.01,25.42,60.65
50,10,0.2,30,alternate,40,1,0.8257,0.0154,0.8069,0.1931,8.01,25.38,60.73
50,10,0.2,100,always_long,40,1,0.8251,0.0166,0.806,0.194,8.01,25.35,60.79
50,10,0.2,66,always_long,40,1,0.8251,0.0166,0.806,0.194,8.01,25.35,60.79
50,10,0.2,30,always_short,30,2,0.828,0.0143,0.6245,0.3755,6.21,25.35,78.46
50,10,0.2,45,always_long,40,1,0.825,0.0166,0.8059,0.1941,8.01,25.34,60.8
50,10,0.2,130,always_long,40,1,0.8251,0.0166,0.8059,0.1941,8.01,25.34,60.8
40,8,0.2,30,alternate,50,1,0.8249,0.0293,0.8057,0.1943,8.01,25.33,60.81
50,15,0.3,100,always_long,30,1,0.7617,0.0116,0.72,0.28,7.17,25.3,68.06
50,15,0.3,66,always_long,30,1,0.7617,0.0116,0.72,0.28,7.17,25.3,68.06
50,15,0.3,130,always_long,30,1,0.7616,0.0116,0.7199,0.2801,7.17,25.3,68.07
50,15,0.3,45,always_long,30,1,0.7612,0.0116,0.7194,0.2806,7.17,25.28,68.11
50,15,0.3,30,alternate,30,1,0.7613,0.0112,0.7194,0.2806,7.17,25.28,68.11
40,8,0.2,30,always_short,40,2,0.8273,0.0286,0.6226,0.3774,6.21,25.26,78.7
50,25,0.5,45,alternate,40,2,0.6613,0.0071,0.4706,0.5294,4.7,25.25,104.12
50,10,0.2,30,always_long,40,1,0.8235,0.0165,0.8031,0.1969,8.02,25.23,61.01
50,25,0.5,30,always_long,50,2,0.6441,0.0068,0.5276,0.4724,5.27,25.23,92.87
40,12,0.3,66,always_long,40,1,0.7605,0.023,0.7176,0.2824,7.17,25.21,68.28
40,12,0.3,100,always_long,40,1,0.7604,0.023,0.7174,0.2826,7.17,25.2,68.3
40,12,0.3,130,always_long,40,1,0.7604,0.023,0.7174,0.2826,7.17,25.2,68.3
40,8,0.2,45,always_long,50,1,0.8231,0.03,0.8021,0.1979,8.02,25.2,61.09
40,8,0.2,66,always_long,50,1,0.8231,0.03,0.8023,0.1978,8.02,25.2,61.08
40,12,0.3,45,always_long,40,1,0.7604,0.0229,0.7173,0.2828,7.17,25.19,68.32
40,8,0.2,100,always_long,50,1,0.823,0.03,0.8016,0.1984,8.02,25.18,61.13
40,8,0.2,130,always_long,50,1,0.823,0.03,0.8014,0.1986,8.02,25.17,61.14
30,8,0.267,66,always_long,50,2,0.7743,0.0529,0.5176,0.4824,5.18,25.17,94.66
30,8,0.267,45,always_long,50,2,0.7743,0.0529,0.5176,0.4824,5.18,25.17,94.66
30,8,0.267,100,always_long,50,2,0.7742,0.0529,0.5175,0.4825,5.18,25.16,94.69
30,8,0.267,130,always_long,50,2,0.7742,0.053,0.5174,0.4826,5.18,25.15,94.71
40,8,0.2,30,always_long,50,1,0.8224,0.0299,0.8005,0.1995,8.03,25.13,61.21
40,8,0.2,66,alternate,40,2,0.8263,0.0293,0.6188,0.3812,6.22,25.08,79.19
40,12,0.3,30,always_long,40,1,0.7594,0.0229,0.7145,0.2855,7.18,25.08,68.58
40,8,0.2,130,alternate,40,2,0.8263,0.0293,0.6188,0.3812,6.22,25.08,79.19
40,8,0.2,45,alternate,40,2,0.8263,0.0293,0.6188,0.3812,6.22,25.08,79.19
40,8,0.2,100,alternate,40,2,0.8263,0.0293,0.6186,0.3814,6.22,25.08,79.21
30,8,0.267,30,always_long,50,2,0.7738,0.0528,0.5156,0.4844,5.18,25.07,95.03
40,20,0.5,66,always_long,50,2,0.6598,0.0137,0.4672,0.5327,4.7,25.03,104.87
40,20,0.5,100,always_long,50,2,0.6597,0.0137,0.4671,0.5329,4.7,25.02,104.9
40,20,0.5,130,always_long,50,2,0.6597,0.0137,0.4667,0.5333,4.7,25.01,104.98
50,10,0.2,30,alternate,30,2,0.8257,0.0154,0.617,0.383,6.22,25.0,79.42
40,20,0.5,30,alternate,50,2,0.6595,0.0137,0.4665,0.5335,4.7,24.99,105.04
50,15,0.3,30,always_long,30,1,0.7579,0.0116,0.7116,0.2884,7.18,24.97,68.86
50,10,0.2,100,always_long,30,2,0.8251,0.0166,0.6159,0.3841,6.22,24.94,79.56
50,10,0.2,66,always_long,30,2,0.8251,0.0166,0.6159,0.3841,6.22,24.94,79.56
40,20,0.5,45,always_long,50,2,0.6593,0.0137,0.4657,0.5343,4.71,24.94,105.21
50,10,0.2,45,always_long,30,2,0.825,0.0166,0.6154,0.3846,6.22,24.92,79.63
50,10,0.2,130,always_long,30,2,0.8251,0.0166,0.6154,0.3846,6.22,24.92,79.63
40,8,0.2,30,alternate,40,2,0.8249,0.0293,0.6151,0.3849,6.22,24.91,79.66
50,10,0.2,30,always_long,30,2,0.8235,0.0165,0.6118,0.3882,6.23,24.74,80.1
50,25,0.5,100,always_long,40,2,0.6579,0.0068,0.4622,0.5377,4.71,24.73,106.0
50,25,0.5,66,always_long,40,2,0.6578,0.0068,0.462,0.538,4.71,24.71,106.06
50,25,0.5,130,always_long,40,2,0.6577,0.0068,0.4619,0.5381,4.71,24.71,106.09
40,8,0.2,66,always_long,40,2,0.8231,0.03,0.6106,0.3894,6.23,24.68,80.25
40,8,0.2,45,always_long,40,2,0.8231,0.03,0.6106,0.3894,6.23,24.68,80.25
40,8,0.2,130,always_long,40,2,0.823,0.03,0.6102,0.3897,6.24,24.66,80.29
40,8,0.2,100,always_long,40,2,0.823,0.03,0.6102,0.3897,6.24,24.66,80.29
40,8,0.2,30,always_long,40,2,0.8224,0.0299,0.6079,0.3921,6.24,24.55,80.61
40,12,0.3,130,always_short,30,2,0.7702,0.021,0.5051,0.4949,5.2,24.5,97.01
40,12,0.3,100,always_short,30,2,0.7702,0.021,0.5051,0.4949,5.2,24.5,97.01
40,12,0.3,66,always_short,30,2,0.77,0.021,0.5042,0.4958,5.2,24.46,97.17
40,12,0.3,45,always_short,30,2,0.7698,0.021,0.5035,0.4965,5.2,24.42,97.32
50,25,0.5,45,always_long,40,2,0.6554,0.0068,0.4554,0.5446,4.72,24.31,107.6
40,20,0.5,30,always_long,50,2,0.6551,0.0134,0.4545,0.5455,4.72,24.28,107.81
50,25,0.5,30,always_short,40,2,0.6549,0.0075,0.4537,0.5463,4.72,24.23,107.99
50,20,0.4,130,always_short,20,2,0.7184,0.0089,0.5804,0.4196,6.04,24.21,84.43
50,20,0.4,100,always_short,20,2,0.7184,0.0089,0.5801,0.4199,6.04,24.2,84.46
50,20,0.4,66,always_short,20,2,0.7181,0.0089,0.5796,0.4204,6.04,24.17,84.54
30,10,0.333,130,always_short,50,1,0.7487,0.0453,0.6919,0.3081,7.22,24.15,70.82
30,10,0.333,100,always_short,50,1,0.7487,0.0453,0.6916,0.3084,7.22,24.14,70.85
30,10,0.333,66,always_short,50,1,0.7486,0.0453,0.6913,0.3088,7.22,24.13,70.89
30,10,0.333,45,always_short,50,1,0.7485,0.0453,0.6911,0.3089,7.22,24.12,70.9
30,10,0.333,30,always_short,50,1,0.7471,0.0453,0.6887,0.3113,7.23,24.02,71.14
25,12,0.48,130,always_short,50,1,0.6747,0.0535,0.5968,0.4032,6.27,23.99,82.11
25,12,0.48,100,always_short,50,1,0.6747,0.0534,0.5966,0.4034,6.27,23.98,82.13
25,12,0.48,66,always_short,50,1,0.6746,0.0534,0.5965,0.4035,6.27,23.98,82.15
50,25,0.5,100,always_short,30,2,0.6726,0.0075,0.4154,0.5846,4.37,23.97,117.97
50,25,0.5,130,always_short,30,2,0.6726,0.0075,0.4154,0.5846,4.37,23.97,117.97
25,12,0.48,45,always_short,50,1,0.6746,0.0534,0.5962,0.4037,6.27,23.97,82.18
40,12,0.3,30,always_short,30,2,0.7667,0.0209,0.4939,0.5061,5.21,23.91,99.22
25,12,0.48,30,always_short,50,1,0.6738,0.0533,0.5946,0.4054,6.27,23.89,82.4
50,25,0.5,66,always_short,30,2,0.672,0.0075,0.414,0.586,4.37,23.88,118.36
50,8,0.16,130,always_short,30,2,0.8619,0.0171,0.6811,0.3189,7.22,23.77,71.94
50,8,0.16,66,always_short,30,2,0.8618,0.0171,0.6806,0.3194,7.22,23.75,71.99
50,8,0.16,100,always_short,30,2,0.8618,0.0171,0.6805,0.3195,7.22,23.75,72.01
40,20,0.5,130,always_short,40,2,0.6709,0.0141,0.4118,0.5883,4.37,23.73,119.0
40,12,0.3,66,alternate,30,2,0.7653,0.022,0.4905,0.5095,5.21,23.72,99.9
40,12,0.3,130,alternate,30,2,0.7653,0.022,0.4906,0.5094,5.21,23.72,99.87
40,12,0.3,100,alternate,30,2,0.7653,0.022,0.4906,0.5094,5.21,23.72,99.87
40,6,0.15,130,always_short,40,2,0.8616,0.0329,0.6797,0.3202,7.22,23.72,72.09
40,20,0.5,100,always_short,40,2,0.6708,0.0141,0.4116,0.5884,4.37,23.72,119.04
40,6,0.15,100,always_short,40,2,0.8615,0.0329,0.6796,0.3204,7.22,23.71,72.1
50,20,0.4,45,always_short,20,2,0.7147,0.0089,0.5706,0.4294,6.07,23.71,85.87
40,6,0.15,45,always_short,40,2,0.8615,0.0329,0.6796,0.3204,7.22,23.71,72.1
40,20,0.5,66,always_short,40,2,0.6708,0.0141,0.4115,0.5885,4.37,23.71,119.08
40,6,0.15,66,always_short,40,2,0.8615,0.0329,0.6796,0.3204,7.22,23.71,72.1
40,12,0.3,45,alternate,30,2,0.7651,0.022,0.49,0.51,5.21,23.69,100.0
30,6,0.2,130,always_short,50,2,0.8203,0.063,0.5839,0.4161,6.22,23.67,83.92
30,6,0.2,100,always_short,50,2,0.8202,0.0629,0.5836,0.4164,6.22,23.66,83.96
30,6,0.2,66,always_short,50,2,0.8202,0.063,0.5836,0.4164,6.22,23.66,83.96
30,6,0.2,45,always_short,50,2,0.8201,0.0629,0.5836,0.4164,6.22,23.66,83.96
30,12,0.4,100,always_short,30,2,0.7152,0.0387,0.5683,0.4318,6.05,23.66,86.23
30,12,0.4,130,always_short,30,2,0.7153,0.0387,0.5685,0.4315,6.05,23.66,86.19
30,12,0.4,66,always_short,30,2,0.7151,0.0386,0.5683,0.4318,6.06,23.65,86.23
40,20,0.5,130,always_short,30,1,0.6709,0.0141,0.5893,0.4108,6.28,23.65,83.16
40,20,0.5,100,always_short,30,1,0.6708,0.0141,0.5893,0.4108,6.28,23.65,83.16
50,8,0.16,45,always_short,30,2,0.8611,0.0171,0.6781,0.3219,7.23,23.65,72.26
40,20,0.5,66,always_short,30,1,0.6708,0.0141,0.589,0.411,6.28,23.64,83.19
30,10,0.333,66,alternate,50,1,0.7429,0.0453,0.679,0.321,7.24,23.63,72.16
30,12,0.4,45,always_short,30,2,0.715,0.0386,0.568,0.432,6.06,23.63,86.27
30,10,0.333,100,alternate,50,1,0.743,0.0453,0.6793,0.3207,7.24,23.63,72.14
30,10,0.333,130,alternate,50,1,0.743,0.0453,0.6793,0.3207,7.24,23.63,72.14
30,10,0.333,45,alternate,50,1,0.7429,0.0452,0.6789,0.3211,7.24,23.62,72.18
30,15,0.5,100,always_short,50,2,0.6699,0.0317,0.4093,0.5907,4.37,23.57,119.73
30,15,0.5,130,always_short,50,2,0.6699,0.0317,0.4093,0.5907,4.37,23.57,119.73
30,15,0.5,66,always_short,40,1,0.6698,0.0316,0.5873,0.4128,6.28,23.56,83.44
30,15,0.5,130,always_short,40,1,0.6699,0.0317,0.5874,0.4126,6.28,23.56,83.42
30,15,0.5,100,always_short,40,1,0.6699,0.0317,0.5874,0.4126,6.28,23.56,83.42
30,15,0.5,66,always_short,50,2,0.6698,0.0316,0.4089,0.5911,4.37,23.55,119.84
30,15,0.5,45,always_short,40,1,0.6697,0.0316,0.5869,0.4131,6.28,23.54,83.49
30,15,0.5,45,always_short,50,2,0.6697,0.0316,0.4085,0.5915,4.37,23.53,119.95
30,10,0.333,30,alternate,50,1,0.7419,0.0452,0.6764,0.3236,7.24,23.53,72.45
30,6,0.2,30,always_short,50,2,0.8192,0.0629,0.5807,0.4193,6.22,23.52,84.37
50,20,0.4,100,alternate,20,2,0.713,0.0087,0.5667,0.4333,6.07,23.52,86.46
50,20,0.4,130,alternate,20,2,0.7129,0.0087,0.5665,0.4335,6.07,23.51,86.5
40,20,0.5,45,always_short,30,1,0.6692,0.0141,0.586,0.414,6.28,23.5,83.62
40,20,0.5,45,always_short,40,2,0.6692,0.0141,0.4078,0.5923,4.37,23.49,120.17
50,20,0.4,66,alternate,20,2,0.7129,0.0087,0.566,0.434,6.07,23.48,86.57
25,12,0.48,100,alternate,50,1,0.6688,0.053,0.5851,0.4149,6.28,23.47,83.74
25,12,0.48,130,alternate,50,1,0.6688,0.053,0.5849,0.4151,6.28,23.46,83.78
25,12,0.48,66,alternate,50,1,0.6687,0.053,0.5846,0.4154,6.28,23.45,83.81
30,12,0.4,30,always_short,30,2,0.7135,0.0386,0.564,0.436,6.06,23.44,86.88
25,12,0.48,45,alternate,50,1,0.6687,0.0529,0.5843,0.4158,6.28,23.43,83.87
40,6,0.15,30,always_short,40,2,0.8597,0.0329,0.6709,0.3291,7.23,23.38,73.04
25,12,0.48,30,alternate,50,1,0.6681,0.0529,0.5827,0.4173,6.28,23.37,84.08
50,25,0.5,30,alternate,40,2,0.6495,0.0071,0.4395,0.5605,4.74,23.37,111.49
40,12,0.3,30,alternate,30,2,0.7631,0.0219,0.4834,0.5166,5.22,23.35,101.37
30,15,0.5,30,always_short,40,1,0.6678,0.0316,0.5817,0.4183,6.29,23.32,84.23
30,15,0.5,30,always_short,50,2,0.6678,0.0316,0.4044,0.5956,4.38,23.27,121.17
40,6,0.15,130,alternate,40,2,0.8587,0.0343,0.6669,0.3331,7.24,23.21,73.48
40,6,0.15,45,alternate,40,2,0.8587,0.0342,0.6669,0.3331,7.24,23.21,73.48
50,20,0.4,45,alternate,20,2,0.7106,0.0087,0.5601,0.4399,6.08,23.21,87.48
40,6,0.15,100,alternate,40,2,0.8587,0.0343,0.6669,0.3331,7.24,23.21,73.48
40,6,0.15,66,alternate,40,2,0.8587,0.0343,0.6669,0.3331,7.24,23.21,73.48
50,25,0.5,45,always_short,30,2,0.6672,0.0075,0.403,0.597,4.38,23.2,121.59
30,6,0.2,130,alternate,50,2,0.8167,0.0636,0.5734,0.4266,6.23,23.19,85.46
30,6,0.2,45,alternate,50,2,0.8166,0.0636,0.573,0.427,6.23,23.18,85.51
30,6,0.2,100,alternate,50,2,0.8166,0.0636,0.573,0.427,6.23,23.18,85.51
30,6,0.2,66,alternate,50,2,0.8166,0.0636,0.573,0.427,6.23,23.18,85.51
40,10,0.25,130,always_short,40,1,0.7988,0.024,0.7481,0.2519,8.14,23.17,65.5
40,10,0.25,100,always_short,40,1,0.7988,0.024,0.7481,0.2519,8.14,23.17,65.5
40,10,0.25,45,always_short,40,1,0.7986,0.024,0.7481,0.2519,8.14,23.17,65.5
40,10,0.25,66,always_short,40,1,0.7987,0.024,0.7481,0.2519,8.14,23.17,65.5
30,10,0.333,130,always_long,50,1,0.7373,0.0453,0.6666,0.3334,7.26,23.15,73.5
30,10,0.333,45,always_long,50,1,0.7372,0.0452,0.6666,0.3334,7.26,23.15,73.5
30,10,0.333,100,always_long,50,1,0.7373,0.0453,0.6666,0.3334,7.26,23.15,73.5
30,10,0.333,66,always_long,50,1,0.7372,0.0452,0.6666,0.3334,7.26,23.15,73.5
50,8,0.16,130,alternate,30,2,0.8578,0.0178,0.6654,0.3346,7.25,23.14,73.64
50,8,0.16,66,alternate,30,2,0.8579,0.0177,0.6655,0.3345,7.25,23.14,73.63
50,8,0.16,30,always_short,30,2,0.8578,0.0171,0.6654,0.3346,7.25,23.14,73.64
50,8,0.16,100,alternate,30,2,0.8578,0.0178,0.6654,0.3346,7.25,23.14,73.64
40,6,0.15,30,alternate,40,2,0.8576,0.0342,0.6647,0.3352,7.25,23.12,73.71
50,8,0.16,45,alternate,30,2,0.8576,0.0177,0.6647,0.3352,7.25,23.12,73.71
50,25,0.5,130,always_short,20,1,0.6726,0.0075,0.5719,0.4281,6.24,23.11,85.68
50,25,0.5,100,always_short,20,1,0.6726,0.0075,0.5716,0.4284,6.24,23.1,85.72
30,10,0.333,30,always_long,50,1,0.7366,0.0451,0.665,0.335,7.26,23.08,73.68
30,6,0.2,30,alternate,50,2,0.816,0.0635,0.5709,0.4291,6.24,23.07,85.83
50,25,0.5,66,always_short,20,1,0.672,0.0075,0.5707,0.4293,6.24,23.07,85.85
40,20,0.5,130,alternate,30,1,0.6653,0.0139,0.576,0.424,6.29,23.06,85.07
40,20,0.5,66,alternate,30,1,0.6653,0.0139,0.5759,0.4241,6.29,23.06,85.09
40,20,0.5,100,alternate,30,1,0.6653,0.0139,0.576,0.424,6.29,23.06,85.07
25,10,0.4,130,always_short,40,2,0.7097,0.063,0.5554,0.4446,6.09,22.99,88.23
25,10,0.4,100,always_short,40,2,0.7096,0.0629,0.5553,0.4447,6.09,22.99,88.25
25,10,0.4,45,always_short,40,2,0.7095,0.0629,0.5549,0.4451,6.09,22.97,88.31
25,10,0.4,66,always_short,40,2,0.7095,0.0629,0.5549,0.4451,6.09,22.97,88.31
40,20,0.5,45,alternate,30,1,0.6642,0.0139,0.5736,0.4264,6.3,22.96,85.42
40,12,0.3,100,always_long,30,2,0.7604,0.023,0.475,0.525,5.22,22.94,103.16
40,12,0.3,66,always_long,30,2,0.7605,0.023,0.475,0.525,5.22,22.94,103.16
40,20,0.5,30,always_short,30,1,0.6638,0.0141,0.5727,0.4273,6.3,22.93,85.55
40,12,0.3,130,always_long,30,2,0.7604,0.023,0.4749,0.5251,5.22,22.93,103.19
40,12,0.3,45,always_long,30,2,0.7604,0.0229,0.4749,0.5251,5.22,22.93,103.19
40,10,0.25,30,always_short,40,1,0.7957,0.024,0.7419,0.2581,8.16,22.92,66.05
50,4,0.08,66,always_short,50,2,0.9201,0.0225,0.8209,0.1791,9.03,22.91,59.69
30,15,0.5,100,alternate,40,1,0.6635,0.0316,0.572,0.428,6.3,22.9,85.66
30,15,0.5,130,alternate,40,1,0.6635,0.0316,0.572,0.428,6.3,22.9,85.66
50,4,0.08,45,always_short,50,2,0.92,0.0224,0.8203,0.1797,9.03,22.89,59.74
30,15,0.5,66,alternate,40,1,0.6634,0.0316,0.572,0.428,6.3,22.89,85.66
30,15,0.5,45,alternate,40,1,0.6633,0.0316,0.5719,0.4281,6.3,22.89,85.68
50,4,0.08,130,always_short,50,2,0.92,0.0225,0.8205,0.1795,9.03,22.89,59.72
50,4,0.08,100,always_short,50,2,0.92,0.0225,0.8203,0.1797,9.03,22.89,59.74
40,20,0.5,100,alternate,40,2,0.6653,0.0139,0.3979,0.6021,4.38,22.88,123.15
40,20,0.5,130,alternate,40,2,0.6653,0.0139,0.3977,0.6022,4.38,22.87,123.19
40,20,0.5,66,alternate,40,2,0.6653,0.0139,0.3977,0.6022,4.38,22.87,123.19
50,25,0.5,100,alternate,30,2,0.6652,0.0071,0.3977,0.6022,4.38,22.87,123.19
50,25,0.5,130,alternate,30,2,0.6652,0.0071,0.3977,0.6022,4.38,22.87,123.19
25,12,0.48,100,always_long,50,1,0.6629,0.0526,0.5711,0.4289,6.3,22.85,85.8
40,6,0.15,45,always_long,40,2,0.8559,0.0356,0.6579,0.3421,7.26,22.85,74.48
40,6,0.15,66,always_long,40,2,0.8559,0.0356,0.658,0.342,7.26,22.85,74.47
25,10,0.4,30,always_short,40,2,0.7088,0.0629,0.5526,0.4474,6.09,22.85,88.67
25,12,0.48,66,always_long,50,1,0.6628,0.0525,0.5707,0.4293,6.3,22.84,85.85
40,6,0.15,100,always_long,40,2,0.8558,0.0357,0.6577,0.3422,7.26,22.84,74.5
25,12,0.48,130,always_long,50,1,0.6628,0.0526,0.5709,0.4291,6.3,22.84,85.83
30,12,0.4,130,alternate,30,2,0.7093,0.0388,0.5516,0.4484,6.09,22.84,88.83
25,12,0.48,45,always_long,50,1,0.6627,0.0525,0.5707,0.4293,6.3,22.84,85.85
30,12,0.4,100,alternate,30,2,0.7093,0.0388,0.5516,0.4484,6.09,22.84,88.83
40,6,0.15,130,always_long,40,2,0.8558,0.0357,0.6576,0.3424,7.26,22.84,74.51
30,12,0.4,66,alternate,30,2,0.7092,0.0387,0.5516,0.4484,6.09,22.84,88.83
50,25,0.5,66,alternate,30,2,0.6649,0.0071,0.3972,0.6028,4.38,22.84,123.35
40,10,0.25,130,alternate,40,1,0.7945,0.0251,0.7391,0.2609,8.16,22.83,66.29
40,10,0.25,66,alternate,40,1,0.7945,0.025,0.7391,0.2609,8.16,22.83,66.29
25,12,0.48,30,always_long,50,1,0.6625,0.0525,0.5707,0.4293,6.3,22.83,85.85
40,10,0.25,100,alternate,40,1,0.7945,0.0251,0.7391,0.2609,8.16,22.83,66.29
30,12,0.4,45,alternate,30,2,0.7091,0.0387,0.5514,0.4486,6.09,22.83,88.87
40,10,0.25,45,alternate,40,1,0.7944,0.025,0.7386,0.2614,8.16,22.81,66.34
40,6,0.15,30,always_long,40,2,0.8555,0.0356,0.6566,0.3434,7.26,22.8,74.62
30,15,0.5,30,alternate,40,1,0.662,0.0315,0.5696,0.4304,6.3,22.78,86.02
50,8,0.16,30,alternate,30,2,0.8553,0.0177,0.6562,0.3438,7.26,22.78,74.67
40,12,0.3,30,always_long,30,2,0.7594,0.0229,0.4715,0.5285,5.22,22.76,103.92
40,20,0.5,45,alternate,40,2,0.6642,0.0139,0.3952,0.6048,4.38,22.74,123.97
50,20,0.4,66,always_long,20,2,0.7076,0.0085,0.5504,0.4496,6.1,22.73,89.03
50,20,0.4,100,always_long,20,2,0.7076,0.0085,0.5504,0.4496,6.1,22.73,89.03
50,20,0.4,130,always_long,20,2,0.7074,0.0085,0.5497,0.4502,6.1,22.71,89.13
30,6,0.2,66,always_long,50,2,0.8131,0.0642,0.5626,0.4374,6.25,22.69,87.09
30,6,0.2,45,always_long,50,2,0.8131,0.0642,0.5626,0.4374,6.25,22.69,87.09
30,6,0.2,100,always_long,50,2,0.8131,0.0642,0.5624,0.4376,6.25,22.68,87.13
40,20,0.5,30,always_short,40,2,0.6638,0.0141,0.3944,0.6056,4.38,22.68,124.25
50,25,0.5,30,always_long,40,2,0.6441,0.0068,0.4285,0.5715,4.76,22.68,114.35
30,6,0.2,130,always_long,50,2,0.8131,0.0643,0.5625,0.4375,6.25,22.68,87.11
30,12,0.4,30,alternate,30,2,0.7081,0.0387,0.5483,0.4517,6.09,22.68,89.38
50,4,0.08,30,always_short,50,2,0.9184,0.0224,0.8136,0.1864,9.05,22.67,60.22
40,10,0.25,30,alternate,40,1,0.7926,0.025,0.7345,0.2655,8.17,22.66,66.71
30,6,0.2,30,always_long,50,2,0.8128,0.0642,0.5616,0.4384,6.25,22.65,87.25
50,4,0.08,45,alternate,50,2,0.9181,0.0246,0.8129,0.1871,9.05,22.64,60.28
50,4,0.08,66,alternate,50,2,0.9181,0.0246,0.8129,0.1871,9.05,22.64,60.28
50,4,0.08,100,alternate,50,2,0.9181,0.0246,0.8126,0.1874,9.05,22.63,60.3
30,15,0.5,130,alternate,50,2,0.6635,0.0316,0.3936,0.6064,4.38,22.63,124.48
50,4,0.08,130,alternate,50,2,0.9181,0.0247,0.8126,0.1874,9.05,22.63,60.3
50,8,0.16,66,always_long,30,2,0.854,0.0184,0.6525,0.3475,7.27,22.63,75.1
30,15,0.5,100,alternate,50,2,0.6635,0.0316,0.3936,0.6064,4.38,22.63,124.48
50,8,0.16,45,always_long,30,2,0.854,0.0184,0.6525,0.3475,7.27,22.63,75.1
50,8,0.16,100,always_long,30,2,0.8539,0.0184,0.6522,0.3478,7.27,22.62,75.12
30,15,0.5,66,alternate,50,2,0.6634,0.0316,0.3932,0.6068,4.38,22.61,124.6
50,8,0.16,130,always_long,30,2,0.8538,0.0184,0.6521,0.3479,7.27,22.61,75.14
50,20,0.4,45,always_long,20,2,0.7065,0.0085,0.5471,0.4529,6.1,22.6,89.56
40,20,0.5,66,always_long,30,1,0.6598,0.0137,0.5656,0.4344,6.31,22.6,86.63
30,15,0.5,45,alternate,50,2,0.6633,0.0316,0.393,0.607,4.38,22.59,124.68
50,25,0.5,45,always_short,20,1,0.6672,0.0075,0.5599,0.4401,6.25,22.59,87.52
40,20,0.5,100,always_long,30,1,0.6597,0.0137,0.5655,0.4345,6.31,22.59,86.65
40,20,0.5,130,always_long,30,1,0.6597,0.0137,0.5651,0.4349,6.31,22.58,86.71
40,20,0.5,30,alternate,30,1,0.6595,0.0137,0.5644,0.4356,6.31,22.55,86.82
50,20,0.4,30,always_short,20,2,0.7059,0.0089,0.5463,0.4537,6.1,22.55,89.7
40,20,0.5,45,always_long,30,1,0.6593,0.0137,0.564,0.436,6.31,22.53,86.88
50,4,0.08,30,alternate,50,2,0.9172,0.0246,0.809,0.191,9.05,22.51,60.57
40,15,0.375,100,always_short,30,1,0.73,0.0174,0.6508,0.3493,7.29,22.5,75.3
40,15,0.375,130,always_short,30,1,0.73,0.0174,0.6508,0.3493,7.29,22.5,75.3
50,8,0.16,30,always_long,30,2,0.8529,0.0183,0.649,0.351,7.27,22.49,75.5
40,15,0.375,66,always_short,30,1,0.7299,0.0173,0.6505,0.3495,7.29,22.49,75.33
40,10,0.25,130,always_long,40,1,0.7902,0.0261,0.7281,0.2719,8.18,22.43,67.3
40,10,0.25,45,always_long,40,1,0.7902,0.0261,0.7281,0.2719,8.18,22.43,67.3
40,10,0.25,100,always_long,40,1,0.7902,0.0261,0.7281,0.2719,8.18,22.43,67.3
40,10,0.25,66,always_long,40,1,0.7903,0.0261,0.7281,0.2719,8.18,22.43,67.3
30,15,0.5,30,alternate,50,2,0.662,0.0315,0.3901,0.6099,4.39,22.42,125.6
40,15,0.375,45,always_short,30,1,0.7291,0.0173,0.6486,0.3514,7.29,22.41,75.54
40,10,0.25,30,always_long,40,1,0.7894,0.026,0.7266,0.2734,8.18,22.38,67.44
50,4,0.08,45,always_long,50,2,0.9162,0.0268,0.8045,0.1955,9.06,22.37,60.91
50,4,0.08,66,always_long,50,2,0.9162,0.0268,0.8045,0.1955,9.06,22.37,60.91
50,25,0.5,100,alternate,20,1,0.6652,0.0071,0.555,0.445,6.25,22.37,88.29
50,4,0.08,130,always_long,50,2,0.9162,0.0268,0.8045,0.1955,9.06,22.37,60.91
50,4,0.08,100,always_long,50,2,0.9162,0.0268,0.8045,0.1955,9.06,22.37,60.91
50,25,0.5,130,alternate,20,1,0.6652,0.0071,0.5547,0.4452,6.25,22.36,88.33
50,4,0.08,30,always_long,50,2,0.916,0.0267,0.8043,0.1958,9.06,22.36,60.93
30,15,0.5,100,always_long,40,1,0.6571,0.0316,0.56,0.44,6.32,22.35,87.5
30,15,0.5,130,always_long,40,1,0.6571,0.0316,0.5599,0.4401,6.32,22.34,87.52
30,15,0.5,66,always_long,40,1,0.6571,0.0315,0.5597,0.4402,6.32,22.34,87.54
50,25,0.5,66,alternate,20,1,0.6649,0.0071,0.5543,0.4457,6.25,22.34,88.41
30,15,0.5,45,always_long,40,1,0.657,0.0315,0.5596,0.4404,6.32,22.33,87.56
50,25,0.5,45,alternate,30,2,0.6613,0.0071,0.3885,0.6115,4.39,22.31,126.13
30,15,0.5,30,always_long,40,1,0.6561,0.0315,0.5579,0.4421,6.32,22.25,87.83
25,10,0.4,100,alternate,40,2,0.7042,0.0625,0.5387,0.4612,6.11,22.23,90.95
25,10,0.4,130,alternate,40,2,0.7042,0.0625,0.5387,0.4612,6.11,22.23,90.95
25,10,0.4,66,alternate,40,2,0.7041,0.0624,0.5386,0.4614,6.11,22.22,90.97
25,10,0.4,45,alternate,40,2,0.7041,0.0624,0.5386,0.4614,6.11,22.21,90.97
25,10,0.4,30,alternate,40,2,0.7035,0.0624,0.5365,0.4635,6.11,22.13,91.33
40,20,0.5,30,always_long,30,1,0.6551,0.0134,0.5551,0.4449,6.32,22.12,88.27
40,20,0.5,66,always_long,40,2,0.6598,0.0137,0.3851,0.6149,4.39,22.09,127.23
40,20,0.5,100,always_long,40,2,0.6597,0.0137,0.385,0.615,4.39,22.08,127.27
50,20,0.4,30,alternate,20,2,0.7029,0.0087,0.536,0.464,6.12,22.08,91.42
40,15,0.375,30,always_short,30,1,0.7253,0.0173,0.6399,0.3601,7.31,22.07,76.58
40,20,0.5,130,always_long,40,2,0.6597,0.0137,0.3846,0.6154,4.39,22.07,127.4
40,20,0.5,30,alternate,40,2,0.6595,0.0137,0.3846,0.6154,4.39,22.06,127.4
50,25,0.5,45,alternate,20,1,0.6613,0.0071,0.548,0.452,6.26,22.05,89.42
30,12,0.4,100,always_long,30,2,0.7034,0.0388,0.5337,0.4662,6.11,22.03,91.8
30,12,0.4,45,always_long,30,2,0.7033,0.0388,0.5335,0.4665,6.11,22.02,91.85
30,12,0.4,130,always_long,30,2,0.7034,0.0389,0.5335,0.4665,6.11,22.02,91.85
30,12,0.4,66,always_long,30,2,0.7034,0.0388,0.5335,0.4665,6.11,22.02,91.85
40,20,0.5,45,always_long,40,2,0.6593,0.0137,0.384,0.616,4.4,22.01,127.6
40,15,0.375,130,alternate,30,1,0.7247,0.0182,0.6379,0.3621,7.31,21.99,76.82
40,15,0.375,66,alternate,30,1,0.7246,0.0181,0.6379,0.3621,7.31,21.99,76.82
40,15,0.375,100,alternate,30,1,0.7247,0.0182,0.6379,0.3621,7.31,21.99,76.82
40,15,0.375,45,alternate,30,1,0.7241,0.0181,0.6365,0.3635,7.31,21.94,76.98
30,12,0.4,30,always_long,30,2,0.7026,0.0387,0.5315,0.4685,6.11,21.92,92.19
30,8,0.267,100,always_short,50,1,0.7833,0.0537,0.7131,0.2869,8.21,21.88,68.71
30,8,0.267,130,always_short,50,1,0.7834,0.0537,0.7133,0.2868,8.21,21.88,68.7
30,8,0.267,66,always_short,50,1,0.7832,0.0537,0.7129,0.2871,8.21,21.87,68.74
30,8,0.267,45,always_short,50,1,0.7831,0.0537,0.7124,0.2876,8.21,21.86,68.78
50,25,0.5,100,always_long,30,2,0.6579,0.0068,0.3809,0.6191,4.4,21.82,128.65
50,25,0.5,66,always_long,30,2,0.6578,0.0068,0.3806,0.6194,4.4,21.8,128.74
50,25,0.5,130,always_long,30,2,0.6577,0.0068,0.3805,0.6195,4.4,21.79,128.78
30,8,0.267,30,always_short,50,1,0.782,0.0536,0.7093,0.2908,8.22,21.75,69.09
40,15,0.375,30,alternate,30,1,0.7214,0.0181,0.6311,0.3689,7.32,21.73,77.64
30,15,0.5,100,always_long,50,2,0.6571,0.0316,0.3795,0.6205,4.4,21.73,129.12
30,15,0.5,130,always_long,50,2,0.6571,0.0316,0.3794,0.6206,4.4,21.72,129.16
30,15,0.5,66,always_long,50,2,0.6571,0.0315,0.3792,0.6208,4.4,21.72,129.2
50,25,0.5,100,always_long,20,1,0.6579,0.0068,0.5406,0.4594,6.27,21.72,90.64
50,25,0.5,66,always_long,20,1,0.6578,0.0068,0.5405,0.4595,6.27,21.72,90.66
30,15,0.5,45,always_long,50,2,0.657,0.0315,0.3791,0.6209,4.4,21.71,129.24
50,25,0.5,130,always_long,20,1,0.6577,0.0068,0.5403,0.4597,6.27,21.71,90.7
50,20,0.4,30,always_long,20,2,0.6999,0.0084,0.5266,0.4734,6.13,21.64,93.05
30,15,0.5,30,always_long,50,2,0.6561,0.0315,0.3767,0.6232,4.41,21.55,130.06
20,8,0.4,130,always_short,50,2,0.7,0.1075,0.5235,0.4765,6.12,21.54,93.6
20,8,0.4,100,always_short,50,2,0.6999,0.1074,0.5231,0.4769,6.12,21.52,93.67
20,8,0.4,66,always_short,50,2,0.6998,0.1074,0.5228,0.4773,6.12,21.51,93.74
20,8,0.4,45,always_short,50,2,0.6998,0.1073,0.5228,0.4773,6.12,21.51,93.74
40,15,0.375,66,always_long,30,1,0.7194,0.0189,0.6246,0.3754,7.33,21.49,78.45
40,15,0.375,130,always_long,30,1,0.7193,0.019,0.6246,0.3754,7.33,21.49,78.45
40,15,0.375,100,always_long,30,1,0.7194,0.019,0.6246,0.3754,7.33,21.49,78.45
20,8,0.4,30,always_short,50,2,0.6994,0.1073,0.522,0.478,6.13,21.47,93.87
50,25,0.5,45,always_long,20,1,0.6554,0.0068,0.5353,0.4647,6.28,21.47,91.55
40,15,0.375,45,always_long,30,1,0.7191,0.0189,0.624,0.376,7.33,21.46,78.53
25,10,0.4,100,always_long,40,2,0.6987,0.062,0.5216,0.4784,6.13,21.43,93.94
30,8,0.267,66,alternate,50,1,0.7787,0.0533,0.6995,0.3005,8.23,21.42,70.05
30,8,0.267,45,alternate,50,1,0.7787,0.0533,0.6995,0.3005,8.23,21.42,70.05
30,8,0.267,130,alternate,50,1,0.7788,0.0533,0.6996,0.3004,8.23,21.42,70.04
25,10,0.4,130,always_long,40,2,0.6987,0.0621,0.5215,0.4785,6.13,21.42,93.96
30,8,0.267,100,alternate,50,1,0.7787,0.0533,0.6995,0.3005,8.23,21.42,70.05
50,25,0.5,30,always_short,20,1,0.6549,0.0075,0.534,0.466,6.28,21.42,91.76
50,25,0.5,45,always_long,30,2,0.6554,0.0068,0.3744,0.6256,4.41,21.41,130.88
25,10,0.4,66,always_long,40,2,0.6986,0.062,0.521,0.479,6.14,21.4,94.05
25,10,0.4,45,always_long,40,2,0.6986,0.0619,0.521,0.479,6.14,21.4,94.05
40,20,0.5,30,always_long,40,2,0.6551,0.0134,0.3738,0.6262,4.41,21.38,131.1
40,15,0.375,30,always_long,30,1,0.7175,0.0188,0.6214,0.3786,7.33,21.36,78.86
25,10,0.4,30,always_long,40,2,0.6983,0.0619,0.5199,0.4801,6.14,21.35,94.25
30,8,0.267,30,alternate,50,1,0.7779,0.0532,0.6973,0.3028,8.23,21.34,70.28
50,25,0.5,30,always_short,30,2,0.6549,0.0075,0.373,0.627,4.41,21.33,131.37
30,10,0.333,130,always_short,40,2,0.7487,0.0453,0.4425,0.5575,5.25,21.23,110.73
30,10,0.333,100,always_short,40,2,0.7487,0.0453,0.442,0.558,5.25,21.2,110.86
30,10,0.333,66,always_short,40,2,0.7486,0.0453,0.4414,0.5586,5.25,21.17,111.02
30,10,0.333,45,always_short,40,2,0.7485,0.0453,0.441,0.559,5.25,21.16,111.11
30,12,0.4,130,always_short,40,1,0.7153,0.0387,0.6144,0.3856,7.34,21.1,79.76
30,12,0.4,100,always_short,40,1,0.7152,0.0387,0.6144,0.3856,7.34,21.1,79.76
30,12,0.4,66,always_short,40,1,0.7151,0.0386,0.6142,0.3857,7.34,21.09,79.77
30,12,0.4,45,always_short,40,1,0.715,0.0386,0.6136,0.3864,7.34,21.07,79.85
50,8,0.16,130,always_short,40,1,0.8619,0.0171,0.8409,0.1591,10.06,21.07,58.27
30,8,0.267,45,always_long,50,1,0.7743,0.0529,0.6893,0.3108,8.25,21.06,71.09
30,8,0.267,130,always_long,50,1,0.7742,0.053,0.6891,0.3109,8.25,21.06,71.1
30,8,0.267,66,always_long,50,1,0.7743,0.0529,0.6891,0.3109,8.25,21.06,71.1
30,8,0.267,100,always_long,50,1,0.7742,0.0529,0.6891,0.3109,8.25,21.06,71.1
50,8,0.16,100,always_short,40,1,0.8618,0.0171,0.84,0.16,10.06,21.05,58.33
50,8,0.16,66,always_short,40,1,0.8618,0.0171,0.8401,0.1599,10.06,21.05,58.32
30,8,0.267,30,always_long,50,1,0.7738,0.0528,0.6881,0.3119,8.25,21.02,71.21
50,8,0.16,45,always_short,40,1,0.8611,0.0171,0.8387,0.1613,10.06,21.0,58.42
50,5,0.1,130,always_short,40,2,0.9049,0.021,0.7651,0.2349,9.19,20.98,64.04
40,10,0.25,130,always_short,30,2,0.7988,0.024,0.5288,0.4713,6.35,20.98,92.67
50,5,0.1,66,always_short,40,2,0.9049,0.021,0.7651,0.2349,9.19,20.98,64.04
40,10,0.25,100,always_short,30,2,0.7988,0.024,0.5286,0.4714,6.35,20.98,92.69
40,10,0.25,66,always_short,30,2,0.7987,0.024,0.5285,0.4715,6.35,20.97,92.72
50,5,0.1,45,always_short,40,2,0.9048,0.0209,0.7648,0.2352,9.19,20.97,64.07
50,5,0.1,100,always_short,40,2,0.9048,0.021,0.7649,0.2351,9.19,20.97,64.06
30,10,0.333,30,always_short,40,2,0.7471,0.0453,0.4375,0.5625,5.26,20.96,112.0
50,15,0.3,100,always_short,20,2,0.773,0.0109,0.5645,0.4355,6.79,20.96,86.8
40,10,0.25,45,always_short,30,2,0.7986,0.024,0.5281,0.4719,6.35,20.96,92.78
50,15,0.3,130,always_short,20,2,0.773,0.0109,0.5646,0.4354,6.79,20.96,86.78
30,12,0.4,30,always_short,40,1,0.7135,0.0386,0.6106,0.3894,7.35,20.95,80.25
50,15,0.3,66,always_short,20,2,0.7729,0.0109,0.564,0.436,6.79,20.93,86.88
25,12,0.48,100,always_short,30,2,0.6747,0.0534,0.5543,0.4457,6.68,20.92,88.41
25,12,0.48,130,always_short,30,2,0.6747,0.0535,0.5543,0.4457,6.68,20.92,88.41
25,8,0.32,130,always_short,50,2,0.7468,0.0752,0.4368,0.5633,5.26,20.92,112.19
25,8,0.32,100,always_short,50,2,0.7468,0.0751,0.4366,0.5634,5.26,20.91,112.22
25,12,0.48,66,always_short,30,2,0.6746,0.0534,0.5535,0.4465,6.67,20.9,88.53
25,8,0.32,45,always_short,50,2,0.7466,0.0751,0.4364,0.5636,5.26,20.9,112.29
25,8,0.32,66,always_short,50,2,0.7467,0.0751,0.4364,0.5636,5.26,20.9,112.29
20,8,0.4,66,alternate,50,2,0.6954,0.1065,0.5092,0.4908,6.14,20.89,96.22
20,8,0.4,100,alternate,50,2,0.6954,0.1066,0.5092,0.4908,6.14,20.89,96.22
20,8,0.4,130,alternate,50,2,0.6954,0.1067,0.5092,0.4908,6.14,20.89,96.22
25,12,0.48,45,always_short,30,2,0.6746,0.0534,0.5534,0.4466,6.67,20.89,88.55
20,8,0.4,45,alternate,50,2,0.6954,0.1065,0.5092,0.4908,6.14,20.89,96.22
20,8,0.4,30,alternate,50,2,0.6951,0.1064,0.5084,0.4916,6.14,20.85,96.39
50,25,0.5,30,alternate,20,1,0.6495,0.0071,0.5208,0.4793,6.3,20.83,94.1
25,12,0.48,30,always_short,30,2,0.6738,0.0533,0.5517,0.4482,6.68,20.81,88.81
40,20,0.5,100,always_short,20,2,0.6708,0.0141,0.559,0.441,6.77,20.79,87.66
40,20,0.5,130,always_short,20,2,0.6709,0.0141,0.559,0.441,6.77,20.79,87.66
40,20,0.5,66,always_short,20,2,0.6708,0.0141,0.5584,0.4416,6.77,20.78,87.75
50,8,0.16,66,alternate,40,1,0.8579,0.0177,0.8309,0.1691,10.08,20.77,58.97
50,8,0.16,30,always_short,40,1,0.8578,0.0171,0.8307,0.1693,10.08,20.76,58.98
50,8,0.16,130,alternate,40,1,0.8578,0.0178,0.8307,0.1693,10.08,20.76,58.98
50,8,0.16,100,alternate,40,1,0.8578,0.0178,0.8307,0.1693,10.08,20.76,58.98
25,8,0.32,30,always_short,50,2,0.7459,0.075,0.4334,0.5666,5.26,20.75,113.07
50,8,0.16,45,alternate,40,1,0.8576,0.0177,0.8299,0.1701,10.08,20.74,59.05
50,5,0.1,30,always_short,40,2,0.9025,0.0209,0.7572,0.2427,9.21,20.72,64.71
50,15,0.3,45,always_short,20,2,0.7708,0.0109,0.558,0.442,6.81,20.66,87.81
30,5,0.167,130,always_short,50,2,0.8408,0.0687,0.6019,0.3981,7.34,20.66,81.41
30,5,0.167,45,always_short,50,2,0.8407,0.0686,0.6012,0.3987,7.34,20.64,81.5
30,5,0.167,100,always_short,50,2,0.8408,0.0686,0.6015,0.3985,7.34,20.64,81.46
30,5,0.167,66,always_short,50,2,0.8408,0.0687,0.6014,0.3986,7.34,20.64,81.48
50,5,0.1,66,alternate,40,2,0.9021,0.0223,0.7545,0.2455,9.21,20.64,64.94
50,5,0.1,100,alternate,40,2,0.902,0.0223,0.7544,0.2456,9.21,20.63,64.95
50,5,0.1,45,alternate,40,2,0.902,0.0222,0.7544,0.2456,9.21,20.63,64.95
50,5,0.1,130,alternate,40,2,0.902,0.0223,0.7545,0.2455,9.21,20.63,64.94
50,8,0.16,30,alternate,40,1,0.8553,0.0177,0.8254,0.1746,10.1,20.6,59.37
25,10,0.4,130,always_short,50,1,0.7097,0.063,0.601,0.399,7.36,20.58,81.53
25,10,0.4,100,always_short,50,1,0.7096,0.0629,0.6008,0.3992,7.36,20.57,81.56
40,20,0.5,45,always_short,20,2,0.6692,0.0141,0.554,0.446,6.79,20.57,88.45
25,10,0.4,66,always_short,50,1,0.7095,0.0629,0.6005,0.3995,7.36,20.56,81.6
25,10,0.4,45,always_short,50,1,0.7095,0.0629,0.6005,0.3995,7.36,20.56,81.6
30,12,0.4,130,alternate,40,1,0.7093,0.0388,0.6,0.4,7.36,20.54,81.67
30,12,0.4,100,alternate,40,1,0.7093,0.0388,0.6,0.4,7.36,20.54,81.67
30,12,0.4,66,alternate,40,1,0.7092,0.0387,0.5999,0.4001,7.36,20.54,81.68
30,12,0.4,45,alternate,40,1,0.7091,0.0387,0.5996,0.4004,7.36,20.53,81.72
50,8,0.16,130,always_long,40,1,0.8538,0.0184,0.8225,0.1775,10.11,20.51,59.57
50,8,0.16,45,always_long,40,1,0.854,0.0184,0.8227,0.1772,10.11,20.51,59.56
50,8,0.16,100,always_long,40,1,0.8539,0.0184,0.8226,0.1774,10.11,20.51,59.57
50,8,0.16,66,always_long,40,1,0.854,0.0184,0.8226,0.1774,10.11,20.51,59.57
30,5,0.167,30,always_short,50,2,0.8398,0.0686,0.5979,0.4021,7.35,20.5,81.96
50,25,0.5,30,alternate,30,2,0.6495,0.0071,0.3594,0.6406,4.42,20.49,136.35
25,10,0.4,30,always_short,50,1,0.7088,0.0629,0.5985,0.4015,7.36,20.48,81.87
40,10,0.25,30,always_short,30,2,0.7957,0.024,0.5165,0.4835,6.36,20.45,94.87
50,8,0.16,30,always_long,40,1,0.8529,0.0183,0.8209,0.1791,10.11,20.45,59.69
30,12,0.4,30,alternate,40,1,0.7081,0.0387,0.5969,0.4031,7.36,20.42,82.09
50,5,0.1,30,alternate,40,2,0.9006,0.0222,0.7471,0.2529,9.22,20.41,65.58
50,25,0.5,30,always_long,20,1,0.6441,0.0068,0.5101,0.4899,6.31,20.38,96.05
20,8,0.4,45,always_long,50,2,0.691,0.1056,0.4979,0.5021,6.16,20.36,98.42
20,8,0.4,66,always_long,50,2,0.6909,0.1057,0.4978,0.5022,6.16,20.36,98.44
20,8,0.4,100,always_long,50,2,0.6909,0.1058,0.4976,0.5024,6.16,20.35,98.47
20,8,0.4,130,always_long,50,2,0.6908,0.1058,0.4974,0.5026,6.16,20.34,98.52
20,8,0.4,30,always_long,50,2,0.6907,0.1056,0.4973,0.5028,6.16,20.33,98.54
50,12,0.24,130,always_short,30,1,0.8084,0.0125,0.745,0.255,9.24,20.32,65.77
50,12,0.24,66,always_short,30,1,0.8083,0.0125,0.7446,0.2554,9.24,20.31,65.8
30,10,0.333,100,alternate,40,2,0.743,0.0453,0.425,0.575,5.27,20.31,115.29
50,12,0.24,100,always_short,30,1,0.8083,0.0125,0.7446,0.2554,9.24,20.31,65.8
30,10,0.333,130,alternate,40,2,0.743,0.0453,0.425,0.575,5.27,20.31,115.29
40,10,0.25,130,alternate,30,2,0.7945,0.0251,0.5124,0.4876,6.36,20.29,95.63
40,10,0.25,100,alternate,30,2,0.7945,0.0251,0.5124,0.4876,6.36,20.29,95.63
40,10,0.25,66,alternate,30,2,0.7945,0.025,0.5124,0.4876,6.36,20.29,95.63
30,10,0.333,66,alternate,40,2,0.7429,0.0453,0.4246,0.5754,5.27,20.29,115.4
30,10,0.333,45,alternate,40,2,0.7429,0.0452,0.4245,0.5755,5.27,20.28,115.43
40,10,0.25,45,alternate,30,2,0.7944,0.025,0.5122,0.4878,6.36,20.28,95.66
25,8,0.32,130,alternate,50,2,0.7426,0.0746,0.4238,0.5763,5.28,20.24,115.63
25,8,0.32,66,alternate,50,2,0.7426,0.0745,0.4238,0.5763,5.28,20.24,115.63
25,8,0.32,45,alternate,50,2,0.7426,0.0744,0.4238,0.5763,5.28,20.24,115.63
25,8,0.32,100,alternate,50,2,0.7426,0.0745,0.4238,0.5763,5.28,20.24,115.63
50,5,0.1,45,always_long,40,2,0.8993,0.0235,0.7415,0.2585,9.23,20.23,66.08
50,5,0.1,130,always_long,40,2,0.8992,0.0236,0.7412,0.2587,9.24,20.23,66.1
50,5,0.1,66,always_long,40,2,0.8992,0.0236,0.7415,0.2585,9.23,20.23,66.08
50,5,0.1,100,always_long,40,2,0.8992,0.0236,0.7412,0.2587,9.23,20.23,66.1
50,12,0.24,45,always_short,30,1,0.8069,0.0125,0.7411,0.2589,9.25,20.2,66.12
50,15,0.3,100,alternate,20,2,0.7673,0.0113,0.5461,0.4539,6.82,20.18,89.72
25,8,0.32,30,alternate,50,2,0.7421,0.0744,0.4226,0.5774,5.28,20.18,115.94
50,15,0.3,66,alternate,20,2,0.7673,0.0113,0.546,0.454,6.82,20.17,89.74
50,6,0.12,100,always_short,50,1,0.8892,0.0193,0.877,0.123,10.96,20.17,55.87
30,10,0.333,30,alternate,40,2,0.7419,0.0452,0.4224,0.5776,5.28,20.17,116.01
50,6,0.12,66,always_short,50,1,0.8892,0.0193,0.877,0.123,10.96,20.17,55.87
50,15,0.3,130,alternate,20,2,0.7673,0.0113,0.546,0.454,6.82,20.17,89.74
50,6,0.12,130,always_short,50,1,0.8892,0.0193,0.877,0.123,10.96,20.17,55.87
30,5,0.167,130,alternate,50,2,0.838,0.0698,0.5881,0.4119,7.35,20.15,83.32
30,5,0.167,66,alternate,50,2,0.8379,0.0697,0.5879,0.4121,7.35,20.14,83.35
50,6,0.12,45,always_short,50,1,0.8889,0.0193,0.876,0.124,10.96,20.14,55.94
30,5,0.167,45,alternate,50,2,0.8379,0.0697,0.5879,0.4121,7.35,20.14,83.35
25,12,0.48,130,alternate,30,2,0.6688,0.053,0.5365,0.4635,6.71,20.14,91.33
30,5,0.167,100,alternate,50,2,0.8379,0.0697,0.5879,0.4121,7.35,20.14,83.35
50,5,0.1,30,always_long,40,2,0.8987,0.0234,0.7385,0.2615,9.24,20.14,66.35
25,12,0.48,100,alternate,30,2,0.6688,0.053,0.5366,0.4634,6.71,20.14,91.31
25,12,0.48,66,alternate,30,2,0.6687,0.053,0.5364,0.4636,6.71,20.13,91.35
25,12,0.48,45,alternate,30,2,0.6687,0.0529,0.5361,0.4639,6.71,20.12,91.4
25,10,0.4,130,alternate,50,1,0.7042,0.0625,0.5883,0.4118,7.38,20.09,83.3
25,10,0.4,100,alternate,50,1,0.7042,0.0625,0.5883,0.4118,7.38,20.09,83.3
40,20,0.5,130,alternate,20,2,0.6653,0.0139,0.5424,0.4576,6.81,20.08,90.34
40,20,0.5,100,alternate,20,2,0.6653,0.0139,0.5424,0.4576,6.81,20.08,90.34
40,20,0.5,66,alternate,20,2,0.6653,0.0139,0.5424,0.4576,6.81,20.08,90.34
25,10,0.4,66,alternate,50,1,0.7041,0.0624,0.5879,0.4121,7.38,20.08,83.35
25,10,0.4,45,alternate,50,1,0.7041,0.0624,0.5879,0.4121,7.38,20.08,83.35
25,12,0.48,30,alternate,30,2,0.6681,0.0529,0.5346,0.4654,6.71,20.06,91.65
30,5,0.167,30,alternate,50,2,0.8373,0.0697,0.5855,0.4145,7.36,20.05,83.69
25,10,0.4,30,alternate,50,1,0.7035,0.0624,0.587,0.413,7.38,20.04,83.48
30,12,0.4,100,always_long,40,1,0.7034,0.0388,0.5867,0.4133,7.38,20.03,83.51
30,12,0.4,130,always_long,40,1,0.7034,0.0389,0.5866,0.4134,7.38,20.03,83.53
30,12,0.4,66,always_long,40,1,0.7034,0.0388,0.5866,0.4134,7.38,20.03,83.53
30,12,0.4,45,always_long,40,1,0.7033,0.0388,0.5866,0.4134,7.38,20.03,83.53
50,15,0.3,45,alternate,20,2,0.766,0.0112,0.5423,0.4577,6.83,20.01,90.36
30,12,0.4,30,always_long,40,1,0.7026,0.0387,0.5857,0.4143,7.38,19.99,83.65
50,6,0.12,30,always_short,50,1,0.8863,0.0193,0.8692,0.1308,10.98,19.96,56.37
40,20,0.5,45,alternate,20,2,0.6642,0.0139,0.5389,0.4611,6.81,19.95,90.93
40,10,0.25,30,alternate,30,2,0.7926,0.025,0.5044,0.4956,6.37,19.95,97.15
50,6,0.12,66,alternate,50,1,0.886,0.0205,0.8688,0.1313,10.98,19.94,56.4
50,6,0.12,130,alternate,50,1,0.886,0.0205,0.8686,0.1314,10.98,19.94,56.41
50,6,0.12,100,alternate,50,1,0.886,0.0205,0.8686,0.1314,10.98,19.94,56.41
50,6,0.12,45,alternate,50,1,0.8859,0.0204,0.8684,0.1316,10.98,19.93,56.43
50,12,0.24,100,alternate,30,1,0.8034,0.0134,0.7321,0.2679,9.26,19.92,66.93
50,12,0.24,66,alternate,30,1,0.8034,0.0134,0.7321,0.2679,9.26,19.91,66.93
50,12,0.24,130,alternate,30,1,0.8034,0.0134,0.732,0.268,9.26,19.91,66.94
40,20,0.5,30,always_short,20,2,0.6638,0.0141,0.5374,0.4626,6.81,19.89,91.18
50,12,0.24,45,alternate,30,1,0.8026,0.0134,0.7299,0.2701,9.27,19.84,67.13
50,25,0.5,30,always_long,30,2,0.6441,0.0068,0.3493,0.6508,4.44,19.84,140.3
30,10,0.333,130,always_short,30,2,0.7487,0.0453,0.5625,0.4375,7.16,19.81,87.11
50,12,0.24,30,always_short,30,1,0.8021,0.0125,0.7282,0.2717,9.27,19.8,67.28
30,10,0.333,100,always_short,30,2,0.7487,0.0453,0.5621,0.4379,7.16,19.8,87.17
50,15,0.3,30,always_short,20,2,0.7646,0.0109,0.5369,0.4631,6.83,19.8,91.27
30,5,0.167,100,always_long,50,2,0.8351,0.0708,0.5789,0.4211,7.37,19.79,84.65
30,5,0.167,45,always_long,50,2,0.8351,0.0708,0.5789,0.4211,7.37,19.79,84.65
30,5,0.167,130,always_long,50,2,0.8351,0.0709,0.5789,0.4211,7.37,19.79,84.65
30,5,0.167,66,always_long,50,2,0.8351,0.0708,0.5789,0.4211,7.37,19.79,84.65
25,8,0.32,45,always_long,50,2,0.7385,0.0738,0.4154,0.5846,5.29,19.79,117.97
50,6,0.12,30,alternate,50,1,0.8843,0.0204,0.8632,0.1368,10.99,19.79,56.76
25,8,0.32,100,always_long,50,2,0.7384,0.0739,0.4154,0.5846,5.29,19.78,117.97
30,10,0.333,66,always_short,30,2,0.7486,0.0453,0.5616,0.4384,7.16,19.78,87.25
25,8,0.32,66,always_long,50,2,0.7384,0.0739,0.4154,0.5846,5.29,19.78,117.97
25,8,0.32,130,always_long,50,2,0.7384,0.074,0.4153,0.5847,5.29,19.78,118.0
30,10,0.333,45,always_short,30,2,0.7485,0.0453,0.5614,0.4386,7.16,19.77,87.29
25,8,0.32,30,always_long,50,2,0.7382,0.0738,0.4146,0.5854,5.29,19.75,118.18
30,5,0.167,30,always_long,50,2,0.8348,0.0708,0.5781,0.4219,7.38,19.75,84.76
40,4,0.1,130,always_short,50,2,0.8975,0.039,0.7225,0.2775,9.23,19.73,67.82
40,4,0.1,66,always_short,50,2,0.8975,0.0389,0.7224,0.2776,9.23,19.73,67.83
40,4,0.1,45,always_short,50,2,0.8975,0.0389,0.7225,0.2775,9.23,19.73,67.82
40,4,0.1,100,always_short,50,2,0.8975,0.0389,0.7225,0.2775,9.23,19.73,67.82
50,6,0.12,45,always_long,50,1,0.8828,0.0216,0.8601,0.1399,11.0,19.71,56.97
50,6,0.12,100,always_long,50,1,0.8828,0.0216,0.8599,0.1401,11.0,19.71,56.99
50,6,0.12,66,always_long,50,1,0.8828,0.0216,0.86,0.14,11.0,19.71,56.98
50,6,0.12,130,always_long,50,1,0.8827,0.0216,0.8596,0.1404,11.0,19.7,57.0
50,6,0.12,30,always_long,50,1,0.8822,0.0215,0.859,0.141,11.0,19.68,57.04
25,10,0.4,100,always_long,50,1,0.6987,0.062,0.5766,0.4234,7.4,19.64,84.98
25,10,0.4,130,always_long,50,1,0.6987,0.0621,0.5766,0.4234,7.4,19.64,84.98
30,10,0.333,100,always_long,40,2,0.7373,0.0453,0.4123,0.5877,5.29,19.63,118.86
25,10,0.4,66,always_long,50,1,0.6986,0.062,0.5766,0.4234,7.4,19.63,84.98
25,10,0.4,45,always_long,50,1,0.6986,0.0619,0.5766,0.4234,7.4,19.63,84.98
30,10,0.333,130,always_long,40,2,0.7373,0.0453,0.4123,0.5877,5.29,19.63,118.86
30,10,0.333,66,always_long,40,2,0.7372,0.0452,0.412,0.588,5.29,19.62,118.93
30,10,0.333,45,always_long,40,2,0.7372,0.0452,0.412,0.588,5.29,19.62,118.93
25,10,0.4,30,always_long,50,1,0.6983,0.0619,0.576,0.424,7.4,19.61,85.07
40,10,0.25,66,always_long,30,2,0.7903,0.0261,0.4956,0.5044,6.38,19.59,98.87
40,10,0.25,100,always_long,30,2,0.7902,0.0261,0.4956,0.5044,6.38,19.59,98.87
40,4,0.1,30,always_short,50,2,0.8965,0.0389,0.7177,0.2823,9.24,19.58,68.27
40,10,0.25,45,always_long,30,2,0.7902,0.0261,0.4955,0.5045,6.38,19.58,98.89
40,10,0.25,130,always_long,30,2,0.7902,0.0261,0.4955,0.5045,6.38,19.58,98.89
30,10,0.333,30,always_short,30,2,0.7471,0.0453,0.5566,0.4434,7.16,19.58,88.03
50,12,0.24,30,alternate,30,1,0.7992,0.0133,0.7209,0.2791,9.29,19.56,67.97
40,4,0.1,66,alternate,50,2,0.8961,0.0418,0.7157,0.2843,9.24,19.52,68.46
40,4,0.1,45,alternate,50,2,0.8961,0.0418,0.7157,0.2843,9.24,19.52,68.46
40,4,0.1,130,alternate,50,2,0.896,0.0418,0.7157,0.2843,9.24,19.52,68.46
40,4,0.1,100,alternate,50,2,0.896,0.0418,0.7157,0.2843,9.24,19.52,68.46
50,12,0.24,66,always_long,30,1,0.7985,0.0143,0.7194,0.2806,9.29,19.51,68.11
50,12,0.24,100,always_long,30,1,0.7985,0.0143,0.7192,0.2807,9.29,19.51,68.13
30,10,0.333,30,always_long,40,2,0.7366,0.0451,0.41,0.59,5.3,19.51,119.51
50,12,0.24,45,always_long,30,1,0.7984,0.0143,0.7186,0.2814,9.29,19.49,68.19
50,12,0.24,130,always_long,30,1,0.7984,0.0144,0.7188,0.2812,9.29,19.49,68.17
40,10,0.25,30,always_long,30,2,0.7894,0.026,0.4931,0.5069,6.38,19.48,99.37
50,12,0.24,130,always_short,20,2,0.8084,0.0125,0.602,0.398,7.79,19.48,81.4
50,12,0.24,100,always_short,20,2,0.8083,0.0125,0.6016,0.3984,7.79,19.46,81.45
50,12,0.24,66,always_short,20,2,0.8083,0.0125,0.6014,0.3986,7.79,19.46,81.48
40,4,0.1,30,alternate,50,2,0.8955,0.0418,0.7119,0.2881,9.24,19.42,68.83
25,12,0.48,100,always_long,30,2,0.6629,0.0526,0.5176,0.4824,6.73,19.39,94.66
25,12,0.48,130,always_long,30,2,0.6628,0.0526,0.5175,0.4825,6.73,19.38,94.69
25,12,0.48,66,always_long,30,2,0.6628,0.0525,0.5172,0.4828,6.73,19.37,94.73
25,12,0.48,45,always_long,30,2,0.6627,0.0525,0.517,0.483,6.73,19.36,94.78
40,20,0.5,100,always_long,20,2,0.6597,0.0137,0.5255,0.4745,6.84,19.36,93.24
40,20,0.5,66,always_long,20,2,0.6598,0.0137,0.5256,0.4744,6.84,19.36,93.22
40,20,0.5,130,always_long,20,2,0.6597,0.0137,0.5255,0.4745,6.84,19.35,93.24
50,15,0.3,100,always_long,20,2,0.7617,0.0116,0.5254,0.4746,6.84,19.35,93.27
50,15,0.3,66,always_long,20,2,0.7617,0.0116,0.5252,0.4748,6.84,19.34,93.29
50,15,0.3,130,always_long,20,2,0.7616,0.0116,0.525,0.475,6.84,19.33,93.33
50,12,0.24,30,always_long,30,1,0.7963,0.0142,0.714,0.286,9.31,19.33,68.63
25,12,0.48,30,always_long,30,2,0.6625,0.0525,0.5164,0.4836,6.73,19.33,94.89
40,20,0.5,30,alternate,20,2,0.6595,0.0137,0.5246,0.4754,6.84,19.32,93.4
40,4,0.1,66,always_long,50,2,0.8947,0.0447,0.7084,0.2916,9.25,19.31,69.17
40,4,0.1,45,always_long,50,2,0.8947,0.0446,0.7084,0.2916,9.25,19.31,69.17
40,4,0.1,100,always_long,50,2,0.8946,0.0447,0.7081,0.2919,9.25,19.3,69.2
40,4,0.1,30,always_long,50,2,0.8945,0.0446,0.7081,0.2919,9.25,19.3,69.2
40,4,0.1,130,always_long,50,2,0.8945,0.0447,0.7081,0.2919,9.25,19.3,69.2
40,20,0.5,45,always_long,20,2,0.6593,0.0137,0.5239,0.4761,6.85,19.28,93.53
50,15,0.3,30,alternate,20,2,0.7613,0.0112,0.5232,0.4768,6.84,19.27,93.65
50,15,0.3,45,always_long,20,2,0.7612,0.0116,0.523,0.477,6.84,19.26,93.69
50,12,0.24,45,always_short,20,2,0.8069,0.0125,0.5952,0.4047,7.8,19.23,82.32
50,10,0.2,100,always_short,30,1,0.8333,0.0143,0.775,0.225,10.23,19.08,63.23
50,10,0.2,66,always_short,30,1,0.8332,0.0143,0.7748,0.2253,10.23,19.08,63.25
50,10,0.2,130,always_short,30,1,0.8333,0.0143,0.775,0.225,10.23,19.08,63.23
30,10,0.333,100,alternate,30,2,0.743,0.0453,0.5436,0.4564,7.19,19.05,90.14
30,10,0.333,130,alternate,30,2,0.743,0.0453,0.5436,0.4564,7.19,19.05,90.14
40,8,0.2,130,always_short,30,2,0.8296,0.0287,0.5593,0.4407,7.4,19.05,87.62
40,8,0.2,66,always_short,30,2,0.8295,0.0286,0.5589,0.4411,7.4,19.04,87.68
40,8,0.2,100,always_short,30,2,0.8296,0.0286,0.559,0.441,7.4,19.04,87.66
30,10,0.333,66,alternate,30,2,0.7429,0.0453,0.5433,0.4567,7.19,19.04,90.2
40,8,0.2,45,always_short,30,2,0.8295,0.0286,0.5589,0.4411,7.4,19.04,87.68
30,10,0.333,45,alternate,30,2,0.7429,0.0452,0.5431,0.4569,7.19,19.03,90.22
50,10,0.2,45,always_short,30,1,0.8322,0.0143,0.7726,0.2274,10.24,19.01,63.42
20,10,0.5,100,always_short,40,2,0.6602,0.0891,0.5061,0.4939,6.71,19.0,96.81
20,10,0.5,130,always_short,40,2,0.6602,0.0892,0.5061,0.4939,6.71,19.0,96.81
20,10,0.5,66,always_short,40,2,0.6601,0.0891,0.5058,0.4943,6.71,18.98,96.89
20,10,0.5,45,always_short,40,2,0.66,0.089,0.5055,0.4945,6.71,18.97,96.93
30,10,0.333,30,alternate,30,2,0.7419,0.0452,0.54,0.46,7.19,18.92,90.74
20,10,0.5,30,always_short,40,2,0.6597,0.089,0.5042,0.4958,6.72,18.91,97.17
40,8,0.2,45,always_short,40,1,0.8295,0.0286,0.7668,0.2333,10.26,18.84,63.91
40,8,0.2,66,always_short,40,1,0.8295,0.0286,0.7669,0.2331,10.26,18.84,63.9
40,8,0.2,130,always_short,40,1,0.8296,0.0287,0.767,0.233,10.26,18.84,63.89
40,8,0.2,100,always_short,40,1,0.8296,0.0286,0.7669,0.2331,10.26,18.84,63.9
30,10,0.333,130,always_short,40,1,0.7487,0.0453,0.6228,0.3772,8.34,18.83,78.68
30,10,0.333,100,always_short,40,1,0.7487,0.0453,0.6225,0.3775,8.34,18.82,78.71
50,15,0.3,30,always_long,20,2,0.7579,0.0116,0.5116,0.4884,6.85,18.82,95.77
30,10,0.333,66,always_short,40,1,0.7486,0.0453,0.6222,0.3777,8.34,18.81,78.75
50,10,0.2,100,alternate,30,1,0.8292,0.0155,0.7655,0.2345,10.26,18.8,64.01
30,10,0.333,45,always_short,40,1,0.7485,0.0453,0.6221,0.3779,8.34,18.8,78.76
50,10,0.2,66,alternate,30,1,0.8292,0.0154,0.7655,0.2345,10.26,18.8,64.01
50,10,0.2,130,alternate,30,1,0.8292,0.0155,0.7655,0.2345,10.26,18.8,64.01
40,20,0.5,30,always_long,20,2,0.6551,0.0134,0.512,0.488,6.87,18.77,95.7
50,12,0.24,100,alternate,20,2,0.8034,0.0134,0.5821,0.4179,7.82,18.77,84.17
50,12,0.24,130,alternate,20,2,0.8034,0.0134,0.5821,0.4179,7.82,18.76,84.17
40,8,0.2,30,always_short,30,2,0.8273,0.0286,0.5514,0.4486,7.41,18.76,88.87
50,12,0.24,66,alternate,20,2,0.8034,0.0134,0.5821,0.4179,7.82,18.76,84.17
50,10,0.2,45,alternate,30,1,0.8286,0.0154,0.7631,0.2369,10.26,18.74,64.21
40,15,0.375,100,always_short,20,2,0.73,0.0174,0.5584,0.4416,7.51,18.72,87.75
40,15,0.375,130,always_short,20,2,0.73,0.0174,0.5584,0.4416,7.51,18.72,87.75
50,10,0.2,30,always_short,30,1,0.828,0.0143,0.7618,0.2382,10.26,18.7,64.33
30,10,0.333,30,always_short,40,1,0.7471,0.0453,0.6195,0.3805,8.35,18.7,79.1
25,8,0.32,130,always_short,50,1,0.7468,0.0752,0.6191,0.3809,8.35,18.69,79.14
40,15,0.375,66,always_short,20,2,0.7299,0.0173,0.5575,0.4425,7.52,18.69,87.89
25,8,0.32,100,always_short,50,1,0.7468,0.0751,0.619,0.381,8.35,18.68,79.16
25,8,0.32,66,always_short,50,1,0.7467,0.0751,0.6188,0.3812,8.35,18.68,79.19
25,8,0.32,45,always_short,50,1,0.7466,0.0751,0.6185,0.3815,8.35,18.67,79.22
50,12,0.24,45,alternate,20,2,0.8026,0.0134,0.5786,0.4214,7.82,18.65,84.68
40,8,0.2,30,always_short,40,1,0.8273,0.0286,0.7601,0.2399,10.27,18.65,64.46
40,8,0.2,100,alternate,30,2,0.8263,0.0293,0.5473,0.4527,7.41,18.61,89.54
40,8,0.2,45,alternate,30,2,0.8263,0.0293,0.5474,0.4526,7.41,18.61,89.52
25,8,0.32,30,always_short,50,1,0.7459,0.075,0.6166,0.3834,8.35,18.61,79.46
40,8,0.2,130,alternate,30,2,0.8263,0.0293,0.5474,0.4526,7.41,18.61,89.52
40,8,0.2,66,alternate,30,2,0.8263,0.0293,0.5474,0.4526,7.41,18.61,89.52
30,8,0.267,130,always_short,40,2,0.7834,0.0537,0.473,0.527,6.41,18.61,103.59
25,6,0.24,130,always_short,50,2,0.7872,0.0884,0.4689,0.5311,6.35,18.6,104.51
30,8,0.267,100,always_short,40,2,0.7833,0.0537,0.4729,0.5271,6.41,18.6,103.62
25,6,0.24,45,always_short,50,2,0.787,0.0883,0.4686,0.5314,6.35,18.59,104.56
25,6,0.24,66,always_short,50,2,0.7871,0.0884,0.4688,0.5312,6.35,18.59,104.53
25,6,0.24,100,always_short,50,2,0.7871,0.0883,0.4688,0.5312,6.35,18.59,104.53
30,8,0.267,66,always_short,40,2,0.7832,0.0537,0.4728,0.5272,6.41,18.59,103.65
30,8,0.267,45,always_short,40,2,0.7831,0.0537,0.4726,0.5274,6.41,18.59,103.68
40,15,0.375,45,always_short,20,2,0.7291,0.0173,0.5546,0.4454,7.52,18.58,88.35
40,8,0.2,45,alternate,40,1,0.8263,0.0293,0.7572,0.2427,10.28,18.57,64.71
40,8,0.2,100,alternate,40,1,0.8263,0.0293,0.7571,0.2429,10.28,18.57,64.72
40,8,0.2,130,alternate,40,1,0.8263,0.0293,0.7572,0.2427,10.28,18.57,64.71
40,8,0.2,66,alternate,40,1,0.8263,0.0293,0.7572,0.2427,10.28,18.57,64.71
50,12,0.24,30,always_short,20,2,0.8021,0.0125,0.5765,0.4235,7.83,18.56,85.0
50,6,0.12,130,always_short,30,2,0.8892,0.0193,0.6835,0.3165,9.29,18.54,71.69
50,6,0.12,66,always_short,30,2,0.8892,0.0193,0.6834,0.3166,9.29,18.53,71.7
50,10,0.2,30,alternate,30,1,0.8257,0.0154,0.7558,0.2442,10.28,18.53,64.84
50,6,0.12,100,always_short,30,2,0.8892,0.0193,0.683,0.317,9.29,18.52,71.74
25,6,0.24,30,always_short,50,2,0.7865,0.0883,0.4667,0.5333,6.36,18.5,104.98
50,10,0.2,66,always_long,30,1,0.8251,0.0166,0.7542,0.2457,10.28,18.49,64.97
50,10,0.2,100,always_long,30,1,0.8251,0.0166,0.7542,0.2457,10.28,18.49,64.97
50,10,0.2,45,always_long,30,1,0.825,0.0166,0.7541,0.2459,10.28,18.48,64.98
50,10,0.2,130,always_long,30,1,0.8251,0.0166,0.7541,0.2459,10.28,18.48,64.98
40,8,0.2,30,alternate,40,1,0.8249,0.0293,0.754,0.246,10.28,18.48,64.99
50,6,0.12,45,always_short,30,2,0.8889,0.0193,0.6813,0.3187,9.29,18.47,71.93
40,8,0.2,30,alternate,30,2,0.8249,0.0293,0.5435,0.4565,7.42,18.46,90.16
30,8,0.267,30,always_short,40,2,0.782,0.0536,0.4689,0.5311,6.41,18.43,104.51
50,10,0.2,30,always_long,30,1,0.8235,0.0165,0.7508,0.2492,10.29,18.39,65.27
30,10,0.333,130,alternate,40,1,0.743,0.0453,0.6089,0.3911,8.36,18.36,80.48
40,8,0.2,66,always_long,40,1,0.8231,0.03,0.7494,0.2506,10.29,18.35,65.39
30,10,0.333,66,alternate,40,1,0.7429,0.0453,0.6086,0.3914,8.36,18.35,80.51
30,10,0.333,100,alternate,40,1,0.743,0.0453,0.6088,0.3912,8.36,18.35,80.49
30,10,0.333,45,alternate,40,1,0.7429,0.0452,0.6084,0.3916,8.36,18.34,80.54
40,8,0.2,45,always_long,40,1,0.8231,0.03,0.7492,0.2507,10.29,18.34,65.4
40,8,0.2,100,always_long,40,1,0.823,0.03,0.7488,0.2512,10.29,18.33,65.44
30,10,0.333,100,always_long,30,2,0.7373,0.0453,0.5242,0.4758,7.21,18.32,93.47
25,8,0.32,130,alternate,50,1,0.7426,0.0746,0.6079,0.3921,8.36,18.32,80.61
25,8,0.32,45,alternate,50,1,0.7426,0.0744,0.6079,0.3921,8.36,18.32,80.61
40,8,0.2,130,always_long,40,1,0.823,0.03,0.7482,0.2517,10.29,18.32,65.49
25,8,0.32,100,alternate,50,1,0.7426,0.0745,0.6079,0.3921,8.36,18.32,80.61
30,10,0.333,130,always_long,30,2,0.7373,0.0453,0.5242,0.4758,7.21,18.32,93.47
25,8,0.32,66,alternate,50,1,0.7426,0.0745,0.6079,0.3921,8.36,18.32,80.61
30,10,0.333,45,always_long,30,2,0.7372,0.0452,0.524,0.476,7.21,18.31,93.51
30,10,0.333,66,always_long,30,2,0.7372,0.0452,0.524,0.476,7.21,18.31,93.51
20,10,0.5,130,alternate,40,2,0.655,0.0892,0.4895,0.5105,6.74,18.3,100.1
20,10,0.5,100,alternate,40,2,0.655,0.0892,0.4895,0.5105,6.74,18.3,100.1
20,10,0.5,45,alternate,40,2,0.6549,0.0891,0.4894,0.5106,6.74,18.29,100.13
20,10,0.5,66,alternate,40,2,0.6549,0.0891,0.4894,0.5106,6.74,18.29,100.13
40,8,0.2,30,always_long,40,1,0.8224,0.0299,0.7469,0.2531,10.3,18.28,65.61
25,8,0.32,30,alternate,50,1,0.7421,0.0744,0.6061,0.3939,8.36,18.27,80.84
30,10,0.333,30,alternate,40,1,0.7419,0.0452,0.6058,0.3942,8.36,18.26,80.89
20,10,0.5,30,alternate,40,2,0.6546,0.089,0.4883,0.5118,6.74,18.25,100.36
40,6,0.15,130,always_short,50,1,0.8616,0.0329,0.8056,0.1944,11.13,18.23,60.82
40,6,0.15,45,always_short,50,1,0.8615,0.0329,0.8051,0.1949,11.14,18.22,60.86
40,6,0.15,66,always_short,50,1,0.8615,0.0329,0.8051,0.1949,11.14,18.22,60.86
40,6,0.15,100,always_short,50,1,0.8615,0.0329,0.8053,0.1948,11.13,18.22,60.85
40,8,0.2,45,always_long,30,2,0.8231,0.03,0.5371,0.4629,7.43,18.21,91.23
30,10,0.333,30,always_long,30,2,0.7366,0.0451,0.5216,0.4784,7.22,18.21,93.94
40,8,0.2,66,always_long,30,2,0.8231,0.03,0.5371,0.4629,7.43,18.21,91.23
40,8,0.2,100,always_long,30,2,0.823,0.03,0.5366,0.4634,7.43,18.19,91.31
40,8,0.2,130,always_long,30,2,0.823,0.03,0.5365,0.4635,7.43,18.18,91.33
50,12,0.24,30,alternate,20,2,0.7992,0.0133,0.5659,0.4341,7.84,18.18,86.59
50,6,0.12,30,always_short,30,2,0.8863,0.0193,0.6715,0.3285,9.32,18.16,72.97
40,15,0.375,30,always_short,20,2,0.7253,0.0173,0.5425,0.4575,7.55,18.12,90.32
50,6,0.12,66,alternate,30,2,0.886,0.0205,0.6699,0.3301,9.32,18.11,73.15
50,6,0.12,130,alternate,30,2,0.886,0.0205,0.6697,0.3302,9.32,18.11,73.16
50,6,0.12,100,alternate,30,2,0.886,0.0205,0.6696,0.3304,9.32,18.1,73.18
50,12,0.24,66,always_long,20,2,0.7985,0.0143,0.5637,0.4363,7.85,18.1,86.92
50,12,0.24,100,always_long,20,2,0.7985,0.0143,0.5636,0.4364,7.85,18.1,86.94
50,12,0.24,45,always_long,20,2,0.7984,0.0143,0.5633,0.4368,7.85,18.09,87.0
50,12,0.24,130,always_long,20,2,0.7984,0.0144,0.5634,0.4366,7.85,18.09,86.98
50,6,0.12,45,alternate,30,2,0.8859,0.0204,0.6691,0.3309,9.32,18.09,73.23
40,6,0.15,30,always_short,50,1,0.8597,0.0329,0.8001,0.1999,11.15,18.09,61.24
40,8,0.2,30,always_long,30,2,0.8224,0.0299,0.5337,0.4662,7.44,18.08,91.8
25,6,0.24,45,alternate,50,2,0.7834,0.089,0.4566,0.5434,6.37,18.06,107.31
25,6,0.24,66,alternate,50,2,0.7834,0.089,0.4566,0.5434,6.37,18.06,107.31
25,6,0.24,100,alternate,50,2,0.7834,0.089,0.4566,0.5434,6.37,18.06,107.31
25,6,0.24,130,alternate,50,2,0.7834,0.0891,0.4567,0.5433,6.37,18.06,107.28
40,15,0.375,130,alternate,20,2,0.7247,0.0182,0.5407,0.4592,7.55,18.04,90.61
40,6,0.15,66,alternate,50,1,0.8587,0.0343,0.7985,0.2015,11.16,18.04,61.37
40,6,0.15,130,alternate,50,1,0.8587,0.0343,0.7985,0.2015,11.15,18.04,61.37
40,15,0.375,100,alternate,20,2,0.7247,0.0182,0.5407,0.4592,7.55,18.04,90.61
40,6,0.15,100,alternate,50,1,0.8587,0.0343,0.7984,0.2016,11.16,18.04,61.37
40,15,0.375,66,alternate,20,2,0.7246,0.0181,0.5407,0.4592,7.55,18.04,90.61
40,6,0.15,45,alternate,50,1,0.8587,0.0342,0.7985,0.2015,11.16,18.04,61.37
25,8,0.32,45,always_long,50,1,0.7385,0.0738,0.5984,0.4016,8.37,18.01,81.89
25,6,0.24,30,alternate,50,2,0.783,0.0889,0.4552,0.5447,6.37,18.0,107.63
25,8,0.32,66,always_long,50,1,0.7384,0.0739,0.598,0.402,8.37,18.0,81.94
25,8,0.32,100,always_long,50,1,0.7384,0.0739,0.598,0.402,8.37,18.0,81.94
25,8,0.32,130,always_long,50,1,0.7384,0.074,0.5979,0.4021,8.37,17.99,81.96
25,8,0.32,30,always_long,50,1,0.7382,0.0738,0.5974,0.4026,8.37,17.98,82.03
40,15,0.375,45,alternate,20,2,0.7241,0.0181,0.5379,0.4621,7.56,17.94,91.1
40,6,0.15,30,alternate,50,1,0.8576,0.0342,0.7944,0.2056,11.16,17.94,61.68
30,10,0.333,45,always_long,40,1,0.7372,0.0452,0.5958,0.4042,8.38,17.92,82.25
30,10,0.333,100,always_long,40,1,0.7373,0.0453,0.5958,0.4042,8.38,17.92,82.25
30,10,0.333,66,always_long,40,1,0.7372,0.0452,0.5958,0.4042,8.38,17.92,82.25
30,8,0.267,130,alternate,40,2,0.7788,0.0533,0.4564,0.5436,6.42,17.92,107.37
30,10,0.333,130,always_long,40,1,0.7373,0.0453,0.5958,0.4042,8.38,17.92,82.25
30,8,0.267,100,alternate,40,2,0.7787,0.0533,0.4562,0.5437,6.42,17.91,107.4
30,8,0.267,66,alternate,40,2,0.7787,0.0533,0.4562,0.5437,6.42,17.91,107.4
30,8,0.267,45,alternate,40,2,0.7787,0.0533,0.4561,0.5439,6.42,17.91,107.43
30,10,0.333,30,always_long,40,1,0.7366,0.0451,0.5938,0.4062,8.38,17.86,82.53
50,6,0.12,30,alternate,30,2,0.8843,0.0204,0.6603,0.3397,9.33,17.82,74.21
40,6,0.15,130,always_long,50,1,0.8558,0.0357,0.7895,0.2105,11.17,17.81,62.06
40,6,0.15,100,always_long,50,1,0.8558,0.0357,0.7895,0.2105,11.17,17.81,62.06
30,6,0.2,130,always_short,40,2,0.8203,0.063,0.5265,0.4735,7.45,17.81,93.07
40,6,0.15,45,always_long,50,1,0.8559,0.0356,0.7895,0.2105,11.17,17.81,62.06
40,6,0.15,66,always_long,50,1,0.8559,0.0356,0.7895,0.2105,11.17,17.81,62.06
30,6,0.2,66,always_short,40,2,0.8202,0.063,0.5262,0.4738,7.45,17.8,93.11
40,6,0.15,30,always_long,50,1,0.8555,0.0356,0.789,0.211,11.17,17.8,62.1
30,6,0.2,45,always_short,40,2,0.8201,0.0629,0.5262,0.4738,7.45,17.8,93.11
30,6,0.2,100,always_short,40,2,0.8202,0.0629,0.5262,0.4738,7.45,17.8,93.11
30,8,0.267,30,alternate,40,2,0.7779,0.0532,0.4531,0.5469,6.42,17.78,108.14
50,12,0.24,30,always_long,20,2,0.7963,0.0142,0.554,0.446,7.86,17.77,88.45
30,6,0.2,30,always_short,40,2,0.8192,0.0629,0.5229,0.4771,7.46,17.67,93.71
50,6,0.12,66,always_long,30,2,0.8828,0.0216,0.6551,0.3449,9.34,17.67,74.79
50,6,0.12,45,always_long,30,2,0.8828,0.0216,0.6552,0.3448,9.34,17.67,74.78
50,6,0.12,130,always_long,30,2,0.8827,0.0216,0.6542,0.3458,9.34,17.65,74.89
50,6,0.12,100,always_long,30,2,0.8828,0.0216,0.6546,0.3454,9.34,17.65,74.85
40,15,0.375,30,alternate,20,2,0.7214,0.0181,0.5298,0.4703,7.58,17.62,92.5
20,10,0.5,100,always_long,40,2,0.6498,0.0892,0.4733,0.5268,6.77,17.61,103.54
20,10,0.5,66,always_long,40,2,0.6497,0.0892,0.473,0.527,6.77,17.6,103.59
20,10,0.5,45,always_long,40,2,0.6498,0.0891,0.4731,0.5269,6.77,17.6,103.57
20,10,0.5,130,always_long,40,2,0.6497,0.0893,0.4729,0.5271,6.77,17.59,103.62
25,12,0.48,130,always_short,40,1,0.6747,0.0535,0.5216,0.4784,7.47,17.59,93.94
25,12,0.48,100,always_short,40,1,0.6747,0.0534,0.5215,0.4785,7.47,17.59,93.96
25,12,0.48,66,always_short,40,1,0.6746,0.0534,0.5214,0.4786,7.47,17.58,93.98
25,10,0.4,100,always_short,30,2,0.7096,0.0629,0.5479,0.4521,7.86,17.58,89.44
25,10,0.4,130,always_short,30,2,0.7097,0.063,0.548,0.452,7.85,17.58,89.42
50,6,0.12,30,always_long,30,2,0.8822,0.0215,0.652,0.348,9.35,17.58,75.15
25,12,0.48,45,always_short,40,1,0.6746,0.0534,0.5211,0.4789,7.47,17.57,94.03
20,10,0.5,30,always_long,40,2,0.6495,0.0891,0.4726,0.5274,6.78,17.57,103.68
40,5,0.125,66,always_short,40,2,0.88,0.0359,0.6549,0.3451,9.39,17.57,74.82
40,5,0.125,130,always_short,40,2,0.8801,0.0359,0.655,0.345,9.39,17.57,74.81
40,5,0.125,100,always_short,40,2,0.88,0.0359,0.6549,0.3451,9.39,17.57,74.82
40,5,0.125,45,always_short,40,2,0.88,0.0359,0.655,0.345,9.39,17.57,74.81
25,10,0.4,45,always_short,30,2,0.7095,0.0629,0.5475,0.4525,7.86,17.56,89.5
25,6,0.24,45,always_long,50,2,0.7797,0.0896,0.4446,0.5554,6.38,17.56,110.21
25,10,0.4,66,always_short,30,2,0.7095,0.0629,0.5475,0.4525,7.86,17.56,89.5
25,6,0.24,100,always_long,50,2,0.7796,0.0897,0.4444,0.5556,6.38,17.55,110.27
25,6,0.24,130,always_long,50,2,0.7796,0.0897,0.4444,0.5556,6.38,17.55,110.27
25,6,0.24,66,always_long,50,2,0.7796,0.0896,0.4445,0.5555,6.38,17.55,110.24
25,6,0.24,30,always_long,50,2,0.7794,0.0895,0.4435,0.5565,6.38,17.51,110.48
25,12,0.48,30,always_short,40,1,0.6738,0.0533,0.5191,0.4809,7.47,17.5,94.39
25,10,0.4,30,always_short,30,2,0.7088,0.0629,0.544,0.456,7.86,17.44,90.07
40,15,0.375,66,always_long,20,2,0.7194,0.0189,0.5246,0.4754,7.59,17.42,93.4
40,15,0.375,100,always_long,20,2,0.7194,0.019,0.5245,0.4755,7.59,17.41,93.42
40,15,0.375,130,always_long,20,2,0.7193,0.019,0.5245,0.4755,7.59,17.41,93.42
40,5,0.125,30,always_short,40,2,0.8784,0.0359,0.6485,0.3515,9.41,17.37,75.56
40,15,0.375,45,always_long,20,2,0.7191,0.0189,0.5235,0.4765,7.59,17.37,93.6
30,6,0.2,130,alternate,40,2,0.8167,0.0636,0.5139,0.4861,7.47,17.34,95.35
30,6,0.2,100,alternate,40,2,0.8166,0.0636,0.5135,0.4865,7.47,17.33,95.42
30,6,0.2,45,alternate,40,2,0.8166,0.0636,0.5135,0.4865,7.47,17.33,95.42
30,6,0.2,66,alternate,40,2,0.8166,0.0636,0.5135,0.4865,7.47,17.33,95.42
30,8,0.267,130,always_long,40,2,0.7742,0.053,0.4425,0.5575,6.44,17.32,110.73
30,8,0.267,100,always_long,40,2,0.7742,0.0529,0.4425,0.5575,6.44,17.32,110.73
30,8,0.267,45,always_long,40,2,0.7743,0.0529,0.4425,0.5575,6.44,17.32,110.73
30,8,0.267,66,always_long,40,2,0.7743,0.0529,0.4425,0.5575,6.44,17.32,110.73
30,8,0.267,30,always_long,40,2,0.7738,0.0528,0.441,0.559,6.44,17.26,111.11
30,6,0.2,30,alternate,40,2,0.816,0.0635,0.5111,0.4889,7.47,17.24,95.87
40,5,0.125,66,alternate,40,2,0.8775,0.0377,0.6439,0.3561,9.42,17.23,76.1
40,5,0.125,130,alternate,40,2,0.8775,0.0378,0.6439,0.3561,9.42,17.23,76.1
40,5,0.125,45,alternate,40,2,0.8775,0.0377,0.6439,0.3561,9.42,17.23,76.1
40,5,0.125,100,alternate,40,2,0.8775,0.0377,0.6438,0.3563,9.42,17.22,76.12
30,15,0.5,100,always_short,30,1,0.6699,0.0317,0.5112,0.4888,7.48,17.21,95.84
30,15,0.5,130,always_short,30,1,0.6699,0.0317,0.5112,0.4888,7.48,17.21,95.84
30,15,0.5,66,always_short,30,1,0.6698,0.0316,0.511,0.489,7.49,17.2,95.89
30,15,0.5,45,always_short,30,1,0.6697,0.0316,0.5108,0.4893,7.49,17.19,95.94
40,15,0.375,30,always_long,20,2,0.7175,0.0188,0.519,0.481,7.61,17.19,94.41
40,12,0.3,130,always_short,20,2,0.7702,0.021,0.5735,0.4265,8.41,17.18,85.44
40,12,0.3,100,always_short,20,2,0.7702,0.021,0.5735,0.4265,8.41,17.18,85.44
40,12,0.3,130,always_short,30,1,0.7702,0.021,0.6414,0.3586,9.43,17.15,76.4
40,12,0.3,66,always_short,20,2,0.77,0.021,0.5729,0.4271,8.42,17.15,85.53
50,4,0.08,66,always_short,40,2,0.9201,0.0225,0.7652,0.2347,11.24,17.15,64.03
50,4,0.08,45,always_short,40,2,0.92,0.0224,0.7646,0.2354,11.24,17.14,64.08
50,4,0.08,100,always_short,40,2,0.92,0.0225,0.7646,0.2354,11.24,17.14,64.08
50,4,0.08,130,always_short,40,2,0.92,0.0225,0.7649,0.2351,11.24,17.14,64.06
25,12,0.48,100,alternate,40,1,0.6688,0.053,0.5091,0.4909,7.49,17.14,96.24
40,12,0.3,66,always_short,30,1,0.77,0.021,0.6411,0.3589,9.43,17.14,76.43
40,12,0.3,100,always_short,30,1,0.7702,0.021,0.6414,0.3586,9.43,17.14,76.4
25,8,0.32,100,always_short,40,2,0.7468,0.0751,0.4676,0.5324,6.88,17.13,104.78
25,8,0.32,130,always_short,40,2,0.7468,0.0752,0.4677,0.5323,6.88,17.13,104.76
25,12,0.48,130,alternate,40,1,0.6688,0.053,0.509,0.491,7.49,17.13,96.27
40,12,0.3,45,always_short,20,2,0.7698,0.021,0.5717,0.4283,8.42,17.12,85.7
25,8,0.32,66,always_short,40,2,0.7467,0.0751,0.4675,0.5325,6.88,17.12,104.81
25,8,0.32,45,always_short,40,2,0.7466,0.0751,0.4675,0.5325,6.88,17.12,104.81
25,12,0.48,66,alternate,40,1,0.6687,0.053,0.5088,0.4913,7.49,17.12,96.31
40,12,0.3,45,always_short,30,1,0.7698,0.021,0.6408,0.3593,9.43,17.12,76.47
25,12,0.48,45,alternate,40,1,0.6687,0.0529,0.5086,0.4914,7.49,17.12,96.34
50,5,0.1,100,always_short,50,1,0.9048,0.021,0.8818,0.1123,12.99,17.11,55.57
50,5,0.1,45,always_short,50,1,0.9048,0.0209,0.8815,0.1126,12.99,17.11,55.59
50,5,0.1,66,always_short,50,1,0.9049,0.021,0.882,0.112,12.99,17.11,55.56
50,5,0.1,130,always_short,50,1,0.9049,0.021,0.882,0.112,12.99,17.11,55.56
40,5,0.125,30,alternate,40,2,0.8766,0.0377,0.6391,0.3609,9.42,17.09,76.67
50,25,0.5,130,always_short,10,2,0.6726,0.0075,0.611,0.385,9.03,17.06,80.2
25,12,0.48,30,alternate,40,1,0.6681,0.0529,0.5066,0.4934,7.49,17.05,96.72
50,25,0.5,100,always_short,10,2,0.6726,0.0075,0.6105,0.3855,9.02,17.05,80.26
30,15,0.5,30,always_short,30,1,0.6678,0.0316,0.5058,0.4943,7.49,17.02,96.89
25,8,0.32,30,always_short,40,2,0.7459,0.075,0.4649,0.5351,6.88,17.02,105.4
50,5,0.1,30,always_short,50,1,0.9025,0.0209,0.8765,0.1171,13.0,16.99,55.9
50,25,0.5,66,always_short,10,2,0.672,0.0075,0.608,0.3879,9.03,16.97,80.59
50,5,0.1,66,alternate,50,1,0.9021,0.0223,0.8754,0.1179,13.01,16.96,55.98
50,5,0.1,45,alternate,50,1,0.902,0.0222,0.8752,0.118,13.01,16.95,55.98
50,5,0.1,100,alternate,50,1,0.902,0.0223,0.8752,0.118,13.01,16.95,55.98
50,5,0.1,130,alternate,50,1,0.902,0.0223,0.8752,0.118,13.01,16.95,55.98
50,4,0.08,30,always_short,40,2,0.9184,0.0224,0.757,0.243,11.26,16.94,64.73
50,4,0.08,45,alternate,40,2,0.9181,0.0246,0.7555,0.2445,11.27,16.9,64.86
30,6,0.2,100,always_long,40,2,0.8131,0.0642,0.5019,0.4981,7.49,16.9,97.63
30,6,0.2,45,always_long,40,2,0.8131,0.0642,0.5021,0.4979,7.49,16.9,97.59
30,6,0.2,130,always_long,40,2,0.8131,0.0643,0.502,0.498,7.49,16.9,97.61
30,6,0.2,66,always_long,40,2,0.8131,0.0642,0.5021,0.4979,7.49,16.9,97.59
50,4,0.08,66,alternate,40,2,0.9181,0.0246,0.7556,0.2444,11.27,16.9,64.85
50,4,0.08,130,alternate,40,2,0.9181,0.0247,0.7552,0.2447,11.27,16.89,64.88
40,12,0.3,30,always_short,30,1,0.7667,0.0209,0.6326,0.3674,9.44,16.89,77.46
25,10,0.4,100,alternate,30,2,0.7042,0.0625,0.5286,0.4714,7.89,16.89,92.69
25,10,0.4,130,alternate,30,2,0.7042,0.0625,0.5286,0.4714,7.89,16.89,92.69
50,4,0.08,100,alternate,40,2,0.9181,0.0246,0.7552,0.2447,11.27,16.89,64.88
25,10,0.4,66,alternate,30,2,0.7041,0.0624,0.5284,0.4716,7.89,16.88,92.74
25,10,0.4,45,alternate,30,2,0.7041,0.0624,0.5284,0.4716,7.89,16.88,92.74
40,5,0.125,66,always_long,40,2,0.8751,0.0395,0.6318,0.3683,9.44,16.87,77.56
30,6,0.2,30,always_long,40,2,0.8128,0.0642,0.5011,0.4989,7.49,16.87,97.78
50,5,0.1,30,alternate,50,1,0.9006,0.0222,0.8716,0.1215,13.02,16.87,56.22
40,5,0.125,45,always_long,40,2,0.8751,0.0395,0.6314,0.3686,9.44,16.86,77.61
40,5,0.125,100,always_long,40,2,0.875,0.0395,0.631,0.369,9.44,16.85,77.65
40,5,0.125,130,always_long,40,2,0.875,0.0396,0.6311,0.3689,9.44,16.85,77.64
40,5,0.125,30,always_long,40,2,0.8747,0.0395,0.6302,0.3698,9.44,16.82,77.75
25,10,0.4,30,alternate,30,2,0.7035,0.0624,0.526,0.474,7.89,16.8,93.16
50,5,0.1,45,always_long,50,1,0.8993,0.0235,0.8686,0.1244,13.03,16.8,56.41
50,5,0.1,130,always_long,50,1,0.8992,0.0236,0.8686,0.1244,13.03,16.8,56.41
50,5,0.1,100,always_long,50,1,0.8992,0.0236,0.8686,0.1244,13.03,16.8,56.41
50,5,0.1,66,always_long,50,1,0.8992,0.0236,0.8686,0.1244,13.03,16.8,56.41
50,4,0.08,30,alternate,40,2,0.9172,0.0246,0.7511,0.2489,11.27,16.79,65.24
40,12,0.3,100,alternate,30,1,0.7653,0.022,0.6292,0.3708,9.45,16.79,77.87
40,12,0.3,130,alternate,30,1,0.7653,0.022,0.6292,0.3708,9.45,16.79,77.87
40,12,0.3,66,alternate,30,1,0.7653,0.022,0.6291,0.3709,9.45,16.78,77.89
50,5,0.1,30,always_long,50,1,0.8987,0.0234,0.8678,0.1251,13.04,16.77,56.47
40,12,0.3,45,alternate,30,1,0.7651,0.022,0.6285,0.3715,9.45,16.77,77.96
40,12,0.3,30,always_short,20,2,0.7667,0.0209,0.5607,0.4392,8.43,16.75,87.38
30,15,0.5,130,alternate,30,1,0.6635,0.0316,0.4965,0.5035,7.5,16.68,98.69
30,15,0.5,66,alternate,30,1,0.6634,0.0316,0.4965,0.5035,7.5,16.68,98.69
30,15,0.5,100,alternate,30,1,0.6635,0.0316,0.4965,0.5035,7.5,16.68,98.69
50,4,0.08,66,always_long,40,2,0.9162,0.0268,0.7462,0.2537,11.28,16.67,65.66
30,15,0.5,45,alternate,30,1,0.6633,0.0316,0.4964,0.5036,7.5,16.67,98.72
50,4,0.08,130,always_long,40,2,0.9162,0.0268,0.746,0.254,11.28,16.66,65.68
50,4,0.08,45,always_long,40,2,0.9162,0.0268,0.7461,0.2539,11.28,16.66,65.67
50,4,0.08,100,always_long,40,2,0.9162,0.0268,0.746,0.254,11.28,16.66,65.68
50,4,0.08,30,always_long,40,2,0.916,0.0267,0.7455,0.2545,11.28,16.65,65.73
25,12,0.48,100,always_long,40,1,0.6629,0.0526,0.4955,0.5045,7.51,16.64,98.89
25,12,0.48,66,always_long,40,1,0.6628,0.0525,0.4953,0.5048,7.51,16.63,98.94
25,12,0.48,130,always_long,40,1,0.6628,0.0526,0.4954,0.5046,7.51,16.63,98.91
25,12,0.48,45,always_long,40,1,0.6627,0.0525,0.4953,0.5048,7.51,16.63,98.94
25,12,0.48,30,always_long,40,1,0.6625,0.0525,0.4951,0.5049,7.51,16.62,98.96
40,12,0.3,30,alternate,30,1,0.7631,0.0219,0.6226,0.3774,9.45,16.6,78.7
30,15,0.5,30,alternate,30,1,0.662,0.0315,0.4941,0.5059,7.51,16.58,99.17
40,12,0.3,130,alternate,20,2,0.7653,0.022,0.5557,0.4442,8.44,16.58,88.17
40,12,0.3,100,alternate,20,2,0.7653,0.022,0.5557,0.4442,8.44,16.58,88.17
40,12,0.3,66,alternate,20,2,0.7653,0.022,0.5554,0.4446,8.44,16.57,88.23
25,8,0.32,130,alternate,40,2,0.7426,0.0746,0.4531,0.5469,6.89,16.57,108.14
25,8,0.32,100,alternate,40,2,0.7426,0.0745,0.453,0.547,6.89,16.56,108.17
25,8,0.32,66,alternate,40,2,0.7426,0.0745,0.453,0.547,6.89,16.56,108.17
25,8,0.32,45,alternate,40,2,0.7426,0.0744,0.4529,0.5471,6.89,16.56,108.2
40,12,0.3,45,alternate,20,2,0.7651,0.022,0.5545,0.4455,8.44,16.55,88.37
25,8,0.32,30,alternate,40,2,0.7421,0.0744,0.4517,0.5483,6.89,16.51,108.47
50,25,0.5,45,always_short,10,2,0.6672,0.0075,0.593,0.4026,9.08,16.46,82.63
20,10,0.5,130,always_short,50,1,0.6602,0.0892,0.4901,0.5099,7.51,16.44,99.97
20,10,0.5,100,always_short,50,1,0.6602,0.0891,0.49,0.51,7.52,16.43,100.0
40,10,0.25,130,always_short,30,1,0.7988,0.024,0.6796,0.3204,10.42,16.43,72.1
40,10,0.25,100,always_short,30,1,0.7988,0.024,0.6795,0.3205,10.42,16.43,72.11
40,10,0.25,45,always_short,30,1,0.7986,0.024,0.6793,0.3207,10.42,16.42,72.14
40,10,0.25,66,always_short,30,1,0.7987,0.024,0.6794,0.3206,10.42,16.42,72.13
20,10,0.5,66,always_short,50,1,0.6601,0.0891,0.4896,0.5104,7.52,16.42,100.08
20,10,0.5,45,always_short,50,1,0.66,0.089,0.4894,0.5106,7.52,16.41,100.13
40,12,0.3,130,always_long,30,1,0.7604,0.023,0.6158,0.3842,9.46,16.4,79.58
40,12,0.3,66,always_long,30,1,0.7605,0.023,0.616,0.384,9.46,16.4,79.55
40,12,0.3,100,always_long,30,1,0.7604,0.023,0.6158,0.3842,9.46,16.4,79.58
40,12,0.3,45,always_long,30,1,0.7604,0.0229,0.6156,0.3844,9.46,16.39,79.59
20,10,0.5,30,always_short,50,1,0.6597,0.089,0.4886,0.5114,7.52,16.38,100.28
25,5,0.2,66,always_short,50,2,0.8094,0.0968,0.4876,0.5124,7.5,16.37,100.49
25,5,0.2,130,always_short,50,2,0.8094,0.0968,0.4876,0.5124,7.5,16.37,100.49
25,5,0.2,100,always_short,50,2,0.8094,0.0968,0.4876,0.5124,7.5,16.37,100.49
50,20,0.4,100,always_short,20,1,0.7184,0.0089,0.5485,0.4515,8.45,16.36,89.33
25,5,0.2,45,always_short,50,2,0.8093,0.0967,0.4874,0.5126,7.51,16.36,100.54
50,20,0.4,130,always_short,20,1,0.7184,0.0089,0.5486,0.4514,8.45,16.36,89.31
50,20,0.4,66,always_short,20,1,0.7181,0.0089,0.5477,0.4522,8.45,16.33,89.46
40,12,0.3,30,always_long,30,1,0.7594,0.0229,0.6125,0.3875,9.47,16.3,80.0
25,5,0.2,30,always_short,50,2,0.8089,0.0967,0.4854,0.5146,7.51,16.29,100.95
40,12,0.3,30,alternate,20,2,0.7631,0.0219,0.5466,0.4534,8.46,16.28,89.64
50,25,0.5,100,alternate,10,2,0.6652,0.0071,0.5873,0.4084,9.1,16.26,83.44
30,15,0.5,130,always_short,20,2,0.6699,0.0317,0.5705,0.4291,8.85,16.25,85.89
50,25,0.5,130,alternate,10,2,0.6652,0.0071,0.5873,0.4084,9.1,16.25,83.44
30,15,0.5,100,always_short,20,2,0.6699,0.0317,0.5705,0.4291,8.85,16.25,85.89
30,15,0.5,66,always_short,20,2,0.6698,0.0316,0.5704,0.4293,8.85,16.25,85.91
30,15,0.5,45,always_short,20,2,0.6697,0.0316,0.5701,0.4295,8.85,16.24,85.95
50,25,0.5,66,alternate,10,2,0.6649,0.0071,0.5864,0.4093,9.1,16.23,83.56
25,10,0.4,100,always_long,30,2,0.6987,0.062,0.5096,0.4904,7.92,16.22,96.15
25,10,0.4,130,always_long,30,2,0.6987,0.0621,0.5095,0.4905,7.92,16.22,96.17
25,10,0.4,45,always_long,30,2,0.6986,0.0619,0.5089,0.4911,7.92,16.2,96.29
25,10,0.4,66,always_long,30,2,0.6986,0.062,0.5088,0.4913,7.92,16.19,96.31
40,10,0.25,30,always_short,30,1,0.7957,0.024,0.671,0.329,10.44,16.19,73.03
30,15,0.5,100,always_long,30,1,0.6571,0.0316,0.4831,0.5169,7.53,16.18,101.42
30,15,0.5,130,always_long,30,1,0.6571,0.0316,0.4831,0.5169,7.53,16.18,101.42
30,15,0.5,45,always_long,30,1,0.657,0.0315,0.4829,0.5171,7.52,16.17,101.48
30,15,0.5,66,always_long,30,1,0.6571,0.0315,0.483,0.517,7.53,16.17,101.45
50,6,0.12,130,always_short,40,1,0.8892,0.0193,0.8403,0.1512,13.11,16.16,58.32
50,6,0.12,66,always_short,40,1,0.8892,0.0193,0.8403,0.1512,13.11,16.16,58.32
50,6,0.12,100,always_short,40,1,0.8892,0.0193,0.8403,0.1512,13.11,16.16,58.32
25,10,0.4,30,always_long,30,2,0.6983,0.0619,0.5074,0.4926,7.92,16.15,96.58
50,6,0.12,45,always_short,40,1,0.8889,0.0193,0.8391,0.1524,13.11,16.13,58.39
20,6,0.3,130,always_short,50,2,0.7428,0.1263,0.4348,0.5653,6.79,16.13,112.71
40,10,0.25,130,alternate,30,1,0.7945,0.0251,0.6683,0.3317,10.45,16.12,73.33
40,10,0.25,66,alternate,30,1,0.7945,0.025,0.6683,0.3317,10.45,16.12,73.33
40,10,0.25,100,alternate,30,1,0.7945,0.0251,0.6683,0.3317,10.45,16.12,73.33
20,6,0.3,100,always_short,50,2,0.7427,0.1262,0.4344,0.5656,6.79,16.12,112.81
20,6,0.3,45,always_short,50,2,0.7427,0.1261,0.4344,0.5656,6.79,16.11,112.81
20,6,0.3,66,always_short,50,2,0.7427,0.1262,0.4344,0.5656,6.79,16.11,112.81
40,10,0.25,45,alternate,30,1,0.7944,0.025,0.6677,0.3322,10.45,16.11,73.38
30,8,0.267,130,always_short,30,2,0.7834,0.0537,0.5082,0.4918,7.95,16.11,96.41
30,15,0.5,30,always_long,30,1,0.6561,0.0315,0.4809,0.5191,7.53,16.1,101.9
30,8,0.267,100,always_short,30,2,0.7833,0.0537,0.5079,0.4921,7.95,16.1,96.48
30,8,0.267,45,always_short,30,2,0.7831,0.0537,0.5076,0.4924,7.95,16.09,96.53
30,8,0.267,66,always_short,30,2,0.7832,0.0537,0.5078,0.4923,7.95,16.09,96.5
20,6,0.3,30,always_short,50,2,0.7424,0.1261,0.4334,0.5666,6.79,16.07,113.07
30,15,0.5,30,always_short,20,2,0.6678,0.0316,0.5643,0.4354,8.86,16.05,86.84
25,8,0.32,45,always_long,40,2,0.7385,0.0738,0.4397,0.5603,6.91,16.04,111.43
25,8,0.32,100,always_long,40,2,0.7384,0.0739,0.4396,0.5604,6.91,16.04,111.46
25,8,0.32,66,always_long,40,2,0.7384,0.0739,0.4396,0.5604,6.91,16.04,111.46
25,8,0.32,130,always_long,40,2,0.7384,0.074,0.4395,0.5605,6.91,16.03,111.49
25,8,0.32,30,always_long,40,2,0.7382,0.0738,0.439,0.561,6.91,16.01,111.62
20,10,0.5,130,alternate,50,1,0.655,0.0892,0.4783,0.5218,7.53,16.0,102.46
20,10,0.5,100,alternate,50,1,0.655,0.0892,0.4783,0.5218,7.53,16.0,102.46
20,10,0.5,66,alternate,50,1,0.6549,0.0891,0.4783,0.5218,7.53,16.0,102.46
20,10,0.5,45,alternate,50,1,0.6549,0.0891,0.4783,0.5218,7.53,16.0,102.46
20,10,0.5,30,alternate,50,1,0.6546,0.089,0.478,0.522,7.53,15.99,102.51
50,20,0.4,45,always_short,20,1,0.7147,0.0089,0.5371,0.4629,8.46,15.99,91.23
40,10,0.25,30,alternate,30,1,0.7926,0.025,0.6634,0.3366,10.46,15.98,73.86
40,12,0.3,66,always_long,20,2,0.7605,0.023,0.5365,0.4635,8.48,15.95,91.33
50,6,0.12,30,always_short,40,1,0.8863,0.0193,0.8305,0.1603,13.12,15.95,59.0
40,12,0.3,100,always_long,20,2,0.7604,0.023,0.5363,0.4637,8.48,15.94,91.38
40,12,0.3,130,always_long,20,2,0.7604,0.023,0.5361,0.4639,8.48,15.94,91.4
30,8,0.267,30,always_short,30,2,0.782,0.0536,0.5034,0.4966,7.96,15.94,97.34
40,12,0.3,45,always_long,20,2,0.7604,0.0229,0.536,0.464,8.48,15.93,91.42
50,6,0.12,66,alternate,40,1,0.886,0.0205,0.8297,0.1606,13.13,15.93,59.05
50,6,0.12,130,alternate,40,1,0.886,0.0205,0.8296,0.1608,13.13,15.93,59.06
50,6,0.12,100,alternate,40,1,0.886,0.0205,0.8296,0.1608,13.13,15.93,59.06
50,6,0.12,45,alternate,40,1,0.8859,0.0204,0.8291,0.1611,13.13,15.92,59.1
25,5,0.2,130,alternate,50,2,0.8062,0.0982,0.4743,0.5258,7.52,15.89,103.32
25,5,0.2,100,alternate,50,2,0.8061,0.0981,0.4741,0.5259,7.52,15.88,103.35
25,5,0.2,66,alternate,50,2,0.8061,0.0981,0.4741,0.5259,7.52,15.88,103.35
25,5,0.2,45,alternate,50,2,0.8061,0.098,0.474,0.526,7.52,15.88,103.38
50,20,0.4,100,alternate,20,1,0.713,0.0087,0.5335,0.4665,8.47,15.87,91.85
50,20,0.4,130,alternate,20,1,0.7129,0.0087,0.5333,0.4667,8.47,15.86,91.89
50,20,0.4,66,alternate,20,1,0.7129,0.0087,0.533,0.467,8.47,15.85,91.93
25,5,0.2,30,alternate,50,2,0.8058,0.098,0.4733,0.5268,7.52,15.85,103.54
50,25,0.5,45,alternate,10,2,0.6613,0.0071,0.5736,0.4219,9.13,15.83,85.42
50,6,0.12,30,alternate,40,1,0.8843,0.0204,0.8237,0.1661,13.14,15.8,59.48
40,10,0.25,130,always_long,30,1,0.7902,0.0261,0.6562,0.3438,10.47,15.79,74.67
40,10,0.25,45,always_long,30,1,0.7902,0.0261,0.6562,0.3438,10.48,15.79,74.67
40,12,0.3,30,always_long,20,2,0.7594,0.0229,0.5315,0.4685,8.48,15.79,92.19
40,10,0.25,66,always_long,30,1,0.7903,0.0261,0.6564,0.3436,10.47,15.79,74.65
40,10,0.25,100,always_long,30,1,0.7902,0.0261,0.6564,0.3436,10.47,15.79,74.65
30,12,0.4,130,always_short,20,2,0.7153,0.0387,0.6151,0.3849,9.82,15.78,79.66
30,12,0.4,100,always_short,20,2,0.7152,0.0387,0.615,0.385,9.82,15.78,79.67
30,12,0.4,66,always_short,20,2,0.7151,0.0386,0.6146,0.3854,9.82,15.77,79.72
30,12,0.4,45,always_short,20,2,0.715,0.0386,0.6142,0.3857,9.82,15.76,79.77
40,10,0.25,30,always_long,30,1,0.7894,0.026,0.6542,0.3458,10.48,15.73,74.89
50,6,0.12,66,always_long,40,1,0.8828,0.0216,0.8196,0.1699,13.14,15.72,59.78
50,6,0.12,45,always_long,40,1,0.8828,0.0216,0.8197,0.1698,13.14,15.72,59.77
50,6,0.12,100,always_long,40,1,0.8828,0.0216,0.8196,0.1699,13.14,15.71,59.78
50,6,0.12,130,always_long,40,1,0.8827,0.0216,0.8194,0.1701,13.14,15.71,59.8
50,6,0.12,30,always_long,40,1,0.8822,0.0215,0.8186,0.1709,13.15,15.69,59.86
50,20,0.4,45,alternate,20,1,0.7106,0.0087,0.5272,0.4728,8.48,15.67,92.94
20,6,0.3,130,alternate,50,2,0.7388,0.1272,0.4225,0.5775,6.81,15.64,115.98
20,6,0.3,100,alternate,50,2,0.7388,0.1271,0.4225,0.5775,6.81,15.64,115.98
20,6,0.3,45,alternate,50,2,0.7388,0.127,0.4225,0.5775,6.81,15.64,115.98
20,6,0.3,66,alternate,50,2,0.7388,0.127,0.4225,0.5775,6.81,15.64,115.98
30,15,0.5,130,alternate,20,2,0.6635,0.0316,0.551,0.4485,8.89,15.62,88.93
30,15,0.5,100,alternate,20,2,0.6635,0.0316,0.551,0.4485,8.89,15.62,88.93
30,15,0.5,66,alternate,20,2,0.6634,0.0316,0.551,0.4485,8.89,15.61,88.93
30,15,0.5,45,alternate,20,2,0.6633,0.0316,0.5506,0.4489,8.89,15.6,88.99
20,6,0.3,30,alternate,50,2,0.7386,0.1269,0.4209,0.5791,6.81,15.58,116.42
25,10,0.4,130,always_short,40,1,0.7097,0.063,0.5246,0.4754,8.48,15.58,93.4
25,10,0.4,100,always_short,40,1,0.7096,0.0629,0.5242,0.4758,8.48,15.57,93.47
40,5,0.125,100,always_short,50,1,0.88,0.0359,0.813,0.176,13.17,15.56,60.27
30,12,0.4,30,always_short,20,2,0.7135,0.0386,0.6065,0.3935,9.82,15.56,80.79
25,10,0.4,45,always_short,40,1,0.7095,0.0629,0.524,0.476,8.48,15.56,93.51
40,5,0.125,45,always_short,50,1,0.88,0.0359,0.813,0.176,13.17,15.56,60.27
40,5,0.125,66,always_short,50,1,0.88,0.0359,0.813,0.176,13.17,15.56,60.27
40,5,0.125,130,always_short,50,1,0.8801,0.0359,0.8131,0.1759,13.17,15.56,60.26
25,10,0.4,66,always_short,40,1,0.7095,0.0629,0.524,0.476,8.48,15.56,93.51
30,8,0.267,45,alternate,30,2,0.7787,0.0533,0.491,0.509,7.97,15.52,99.8
20,10,0.5,66,always_long,50,1,0.6497,0.0892,0.4647,0.5353,7.55,15.52,105.43
20,10,0.5,100,always_long,50,1,0.6498,0.0892,0.4647,0.5353,7.55,15.52,105.43
20,10,0.5,45,always_long,50,1,0.6498,0.0891,0.4647,0.5353,7.55,15.52,105.43
30,8,0.267,130,alternate,30,2,0.7788,0.0533,0.4911,0.5089,7.97,15.52,99.77
20,10,0.5,130,always_long,50,1,0.6497,0.0893,0.4647,0.5353,7.55,15.52,105.43
30,8,0.267,100,alternate,30,2,0.7787,0.0533,0.4911,0.5089,7.97,15.52,99.77
30,8,0.267,66,alternate,30,2,0.7787,0.0533,0.491,0.509,7.97,15.52,99.8
20,10,0.5,30,always_long,50,1,0.6495,0.0891,0.4644,0.5356,7.55,15.5,105.52
25,10,0.4,30,always_short,40,1,0.7088,0.0629,0.5221,0.4779,8.49,15.5,93.85
40,5,0.125,30,always_short,50,1,0.8784,0.0359,0.8084,0.1799,13.18,15.46,60.62
25,5,0.2,130,always_long,50,2,0.8029,0.0995,0.462,0.538,7.53,15.45,106.06
25,5,0.2,45,always_long,50,2,0.8029,0.0993,0.462,0.538,7.53,15.45,106.06
25,5,0.2,100,always_long,50,2,0.8029,0.0994,0.462,0.538,7.53,15.45,106.06
50,25,0.5,100,always_long,10,2,0.6579,0.0068,0.5624,0.4336,9.17,15.45,87.13
50,25,0.5,66,always_long,10,2,0.6578,0.0068,0.5623,0.4338,9.17,15.45,87.15
25,5,0.2,66,always_long,50,2,0.8029,0.0994,0.462,0.538,7.53,15.45,106.06
30,15,0.5,30,alternate,20,2,0.662,0.0315,0.5455,0.454,8.9,15.44,89.83
50,20,0.4,100,always_long,20,1,0.7076,0.0085,0.52,0.48,8.49,15.43,94.23
50,25,0.5,130,always_long,10,2,0.6577,0.0068,0.5615,0.4345,9.17,15.43,87.27
50,20,0.4,66,always_long,20,1,0.7076,0.0085,0.52,0.48,8.49,15.43,94.23
40,5,0.125,66,alternate,50,1,0.8775,0.0377,0.8069,0.1817,13.19,15.42,60.73
40,5,0.125,100,alternate,50,1,0.8775,0.0377,0.8067,0.1819,13.19,15.42,60.74
40,5,0.125,130,alternate,50,1,0.8775,0.0378,0.8069,0.1817,13.19,15.42,60.73
30,8,0.267,30,alternate,30,2,0.7779,0.0532,0.4881,0.5119,7.98,15.42,100.38
25,5,0.2,30,always_long,50,2,0.8027,0.0993,0.4611,0.5389,7.54,15.42,106.26
40,5,0.125,45,alternate,50,1,0.8775,0.0377,0.8069,0.1817,13.19,15.42,60.73
50,20,0.4,130,always_long,20,1,0.7074,0.0085,0.5198,0.4803,8.49,15.42,94.28
40,10,0.25,130,always_short,20,2,0.7988,0.024,0.571,0.429,9.34,15.41,85.81
40,10,0.25,100,always_short,20,2,0.7988,0.024,0.5709,0.4291,9.34,15.41,85.83
40,10,0.25,66,always_short,20,2,0.7987,0.024,0.5706,0.4294,9.34,15.4,85.87
40,10,0.25,45,always_short,20,2,0.7986,0.024,0.5701,0.4299,9.34,15.39,85.95
40,5,0.125,30,alternate,50,1,0.8766,0.0377,0.8044,0.1842,13.19,15.36,60.92
50,20,0.4,45,always_long,20,1,0.7065,0.0085,0.5175,0.4825,8.49,15.35,94.69
50,20,0.4,30,always_short,20,1,0.7059,0.0089,0.5162,0.4838,8.5,15.31,94.92
30,6,0.2,130,always_short,50,1,0.8203,0.063,0.69,0.31,11.37,15.29,71.01
30,6,0.2,66,always_short,50,1,0.8202,0.063,0.6897,0.3103,11.37,15.28,71.04
30,8,0.267,130,always_short,40,1,0.7834,0.0537,0.637,0.363,10.51,15.28,76.92
30,6,0.2,45,always_short,50,1,0.8201,0.0629,0.6897,0.3103,11.37,15.28,71.04
30,6,0.2,100,always_short,50,1,0.8202,0.0629,0.6897,0.3103,11.37,15.28,71.04
40,5,0.125,45,always_long,50,1,0.8751,0.0395,0.8,0.1881,13.21,15.27,61.25
40,5,0.125,66,always_long,50,1,0.8751,0.0395,0.8001,0.188,13.21,15.27,61.24
30,8,0.267,66,always_short,40,1,0.7832,0.0537,0.6366,0.3634,10.51,15.27,76.97
30,8,0.267,100,always_short,40,1,0.7833,0.0537,0.6368,0.3633,10.51,15.27,76.95
30,8,0.267,45,always_short,40,1,0.7831,0.0537,0.6361,0.3639,10.51,15.26,77.03
40,5,0.125,100,always_long,50,1,0.875,0.0395,0.7999,0.1883,13.21,15.26,61.26
40,5,0.125,130,always_long,50,1,0.875,0.0396,0.8,0.1881,13.21,15.26,61.25
40,5,0.125,30,always_long,50,1,0.8747,0.0395,0.7989,0.1894,13.21,15.24,61.34
30,6,0.2,30,always_short,50,1,0.8192,0.0629,0.6875,0.3125,11.38,15.22,71.27
50,3,0.06,66,always_short,50,2,0.9352,0.0246,0.7965,0.1921,13.23,15.18,61.52
50,3,0.06,130,always_short,50,2,0.9351,0.0246,0.7963,0.1923,13.23,15.17,61.54
50,3,0.06,100,always_short,50,2,0.9351,0.0246,0.7963,0.1923,13.23,15.17,61.54
20,6,0.3,45,always_long,50,2,0.735,0.1278,0.4106,0.5894,6.82,15.17,119.33
50,3,0.06,45,always_short,50,2,0.9352,0.0245,0.7963,0.1923,13.22,15.17,61.54
30,8,0.267,30,always_short,40,1,0.782,0.0536,0.6325,0.3675,10.51,15.16,77.47
50,25,0.5,45,always_long,10,2,0.6554,0.0068,0.5523,0.4437,9.18,15.16,88.73
25,10,0.4,130,alternate,40,1,0.7042,0.0625,0.5111,0.4889,8.5,15.15,95.87
25,10,0.4,100,alternate,40,1,0.7042,0.0625,0.5111,0.4889,8.5,15.15,95.87
20,6,0.3,66,always_long,50,2,0.735,0.1279,0.4103,0.5897,6.82,15.15,119.44
20,6,0.3,100,always_long,50,2,0.7349,0.128,0.41,0.59,6.82,15.14,119.51
30,12,0.4,130,alternate,20,2,0.7093,0.0388,0.593,0.407,9.87,15.14,82.63
30,12,0.4,100,alternate,20,2,0.7093,0.0388,0.593,0.407,9.87,15.14,82.63
25,10,0.4,66,alternate,40,1,0.7041,0.0624,0.5105,0.4895,8.5,15.13,95.98
30,12,0.4,66,alternate,20,2,0.7092,0.0387,0.5926,0.4074,9.87,15.13,82.68
25,10,0.4,45,alternate,40,1,0.7041,0.0624,0.5105,0.4895,8.5,15.13,95.98
20,6,0.3,130,always_long,50,2,0.7349,0.1281,0.4098,0.5903,6.82,15.13,119.59
20,6,0.3,30,always_long,50,2,0.7348,0.1278,0.4095,0.5905,6.82,15.12,119.66
30,12,0.4,45,alternate,20,2,0.7091,0.0387,0.5921,0.4079,9.87,15.11,82.75
25,10,0.4,30,alternate,40,1,0.7035,0.0624,0.5091,0.4909,8.5,15.09,96.24
50,25,0.5,30,always_short,10,2,0.6549,0.0075,0.5497,0.4462,9.19,15.08,89.13
50,3,0.06,30,always_short,50,2,0.9343,0.0245,0.7917,0.1965,13.24,15.07,61.89
50,5,0.1,130,always_short,30,2,0.9049,0.021,0.6811,0.3189,11.39,15.06,71.94
50,5,0.1,100,always_short,30,2,0.9048,0.021,0.6809,0.3191,11.4,15.06,71.97
50,5,0.1,66,always_short,30,2,0.9049,0.021,0.6811,0.3189,11.39,15.06,71.94
50,5,0.1,45,always_short,30,2,0.9048,0.0209,0.6807,0.3192,11.4,15.05,71.98
50,20,0.4,30,alternate,20,1,0.7029,0.0087,0.5079,0.4921,8.51,15.04,96.48
30,6,0.2,130,alternate,50,1,0.8167,0.0636,0.6791,0.3209,11.39,15.03,72.15
30,6,0.2,100,alternate,50,1,0.8166,0.0636,0.679,0.321,11.39,15.02,72.16
30,6,0.2,45,alternate,50,1,0.8166,0.0636,0.6789,0.3211,11.39,15.02,72.18
40,10,0.25,30,always_short,20,2,0.7957,0.024,0.5581,0.4419,9.36,15.02,87.79
30,6,0.2,66,alternate,50,1,0.8166,0.0636,0.6789,0.3211,11.39,15.02,72.18
30,12,0.4,30,alternate,20,2,0.7081,0.0387,0.5876,0.4124,9.88,14.99,83.39
30,8,0.267,45,always_long,30,2,0.7743,0.0529,0.4756,0.5244,8.0,14.99,103.02
30,8,0.267,66,always_long,30,2,0.7743,0.0529,0.4754,0.5246,7.99,14.98,103.08
30,8,0.267,130,always_long,30,2,0.7742,0.053,0.4754,0.5246,8.0,14.98,103.08
30,8,0.267,100,always_long,30,2,0.7742,0.0529,0.4754,0.5246,7.99,14.98,103.08
30,6,0.2,30,alternate,50,1,0.816,0.0635,0.6773,0.3227,11.4,14.98,72.35
50,3,0.06,100,alternate,50,2,0.9334,0.0269,0.7849,0.2032,13.24,14.94,62.43
50,3,0.06,45,alternate,50,2,0.9334,0.0269,0.7853,0.2028,13.24,14.94,62.4
50,3,0.06,66,alternate,50,2,0.9335,0.0269,0.7853,0.2028,13.24,14.94,62.4
50,3,0.06,130,alternate,50,2,0.9334,0.0269,0.7849,0.2032,13.24,14.94,62.43
30,8,0.267,30,always_long,30,2,0.7738,0.0528,0.4738,0.5262,7.99,14.93,103.43
30,15,0.5,100,always_long,20,2,0.6571,0.0316,0.5294,0.4701,8.95,14.9,92.56
30,15,0.5,130,always_long,20,2,0.6571,0.0316,0.5291,0.4704,8.95,14.89,92.61
30,15,0.5,66,always_long,20,2,0.6571,0.0315,0.529,0.4705,8.95,14.89,92.63
30,8,0.267,100,alternate,40,1,0.7787,0.0533,0.6212,0.3787,10.52,14.88,78.87
40,10,0.25,130,alternate,20,2,0.7945,0.0251,0.553,0.447,9.37,14.88,88.61
30,8,0.267,66,alternate,40,1,0.7787,0.0533,0.6212,0.3787,10.52,14.88,78.87
30,8,0.267,130,alternate,40,1,0.7788,0.0533,0.6214,0.3786,10.52,14.88,78.86
40,10,0.25,100,alternate,20,2,0.7945,0.0251,0.5527,0.4472,9.37,14.87,88.65
30,15,0.5,45,always_long,20,2,0.657,0.0315,0.5282,0.4713,8.95,14.87,92.76
20,8,0.4,130,always_short,40,2,0.7,0.1075,0.4507,0.5493,7.64,14.87,108.71
40,10,0.25,66,alternate,20,2,0.7945,0.025,0.5526,0.4474,9.37,14.87,88.67
30,8,0.267,45,alternate,40,1,0.7787,0.0533,0.6211,0.3789,10.52,14.87,78.89
20,8,0.4,100,always_short,40,2,0.6999,0.1074,0.4506,0.5494,7.64,14.86,108.74
40,10,0.25,45,alternate,20,2,0.7944,0.025,0.5524,0.4476,9.37,14.86,88.71
50,3,0.06,30,alternate,50,2,0.933,0.0268,0.7814,0.2062,13.25,14.86,62.71
20,8,0.4,45,always_short,40,2,0.6998,0.1073,0.4502,0.5497,7.64,14.85,108.83
20,8,0.4,66,always_short,40,2,0.6998,0.1074,0.4502,0.5497,7.64,14.85,108.83
20,8,0.4,30,always_short,40,2,0.6994,0.1073,0.4494,0.5506,7.64,14.81,109.04
50,5,0.1,30,always_short,30,2,0.9025,0.0209,0.671,0.329,11.42,14.81,73.03
20,8,0.4,130,always_short,50,1,0.7,0.1075,0.5002,0.4998,8.52,14.8,97.95
20,8,0.4,100,always_short,50,1,0.6999,0.1074,0.4999,0.5001,8.52,14.79,98.02
30,8,0.267,30,alternate,40,1,0.7779,0.0532,0.618,0.382,10.53,14.79,79.29
50,20,0.4,30,always_long,20,1,0.6999,0.0084,0.4999,0.5001,8.52,14.79,98.02
30,6,0.2,130,always_long,50,1,0.8131,0.0643,0.6695,0.3305,11.41,14.79,73.19
30,6,0.2,66,always_long,50,1,0.8131,0.0642,0.6696,0.3304,11.41,14.79,73.18
30,6,0.2,45,always_long,50,1,0.8131,0.0642,0.6696,0.3304,11.41,14.79,73.18
30,6,0.2,100,always_long,50,1,0.8131,0.0642,0.6695,0.3305,11.41,14.79,73.19
20,8,0.4,66,always_short,50,1,0.6998,0.1074,0.4998,0.5002,8.52,14.78,98.05
30,15,0.5,30,always_long,20,2,0.6561,0.0315,0.5252,0.4743,8.96,14.78,93.29
20,8,0.4,45,always_short,50,1,0.6998,0.1073,0.4994,0.5006,8.52,14.77,98.12
30,6,0.2,30,always_long,50,1,0.8128,0.0642,0.6686,0.3314,11.41,14.77,73.28
20,8,0.4,30,always_short,50,1,0.6994,0.1073,0.4989,0.5011,8.52,14.76,98.22
25,10,0.4,66,always_long,40,1,0.6986,0.062,0.498,0.502,8.52,14.73,98.39
20,10,0.5,130,always_short,30,2,0.6602,0.0892,0.5118,0.4883,8.75,14.73,95.75
25,10,0.4,130,always_long,40,1,0.6987,0.0621,0.4981,0.5019,8.52,14.73,98.37
25,10,0.4,45,always_long,40,1,0.6986,0.0619,0.498,0.502,8.52,14.73,98.39
25,10,0.4,100,always_long,40,1,0.6987,0.062,0.4981,0.5019,8.52,14.73,98.37
20,10,0.5,100,always_short,30,2,0.6602,0.0891,0.5118,0.4883,8.76,14.73,95.75
50,5,0.1,100,alternate,30,2,0.902,0.0223,0.6669,0.3331,11.42,14.71,73.48
50,3,0.06,45,always_long,50,2,0.9317,0.0292,0.7744,0.2124,13.26,14.71,63.28
50,5,0.1,130,alternate,30,2,0.902,0.0223,0.667,0.333,11.42,14.71,73.46
50,5,0.1,66,alternate,30,2,0.9021,0.0223,0.667,0.333,11.42,14.71,73.46
50,5,0.1,45,alternate,30,2,0.902,0.0222,0.6669,0.3331,11.42,14.71,73.48
50,3,0.06,66,always_long,50,2,0.9317,0.0292,0.7744,0.2124,13.26,14.71,63.28
20,10,0.5,66,always_short,30,2,0.6601,0.0891,0.5114,0.4886,8.76,14.71,95.82
20,10,0.5,45,always_short,30,2,0.66,0.089,0.511,0.489,8.76,14.7,95.89
50,3,0.06,100,always_long,50,2,0.9317,0.0292,0.7738,0.213,13.26,14.7,63.33
50,3,0.06,130,always_long,50,2,0.9317,0.0292,0.7738,0.213,13.26,14.7,63.33
50,3,0.06,30,always_long,50,2,0.9316,0.0291,0.773,0.2136,13.26,14.69,63.39
25,10,0.4,30,always_long,40,1,0.6983,0.0619,0.4969,0.5031,8.52,14.69,98.62
20,10,0.5,30,always_short,30,2,0.6597,0.089,0.5096,0.4904,8.76,14.66,96.15
40,6,0.15,100,always_short,30,2,0.8615,0.0329,0.5517,0.4482,9.49,14.65,88.81
40,6,0.15,45,always_short,30,2,0.8615,0.0329,0.5517,0.4482,9.49,14.65,88.81
40,6,0.15,66,always_short,30,2,0.8615,0.0329,0.5517,0.4482,9.49,14.65,88.81
40,6,0.15,130,always_short,30,2,0.8616,0.0329,0.5519,0.4481,9.49,14.65,88.79
30,4,0.133,130,always_short,50,2,0.8614,0.0751,0.5514,0.4486,9.49,14.63,88.87
30,4,0.133,66,always_short,50,2,0.8613,0.075,0.5511,0.4489,9.5,14.63,88.91
30,4,0.133,100,always_short,50,2,0.8613,0.075,0.5511,0.4489,9.5,14.63,88.91
30,4,0.133,45,always_short,50,2,0.8612,0.075,0.551,0.449,9.5,14.62,88.93
40,10,0.25,30,alternate,20,2,0.7926,0.025,0.5434,0.4566,9.38,14.6,90.18
50,10,0.2,100,always_short,20,2,0.8333,0.0143,0.4926,0.5074,8.51,14.6,99.47
50,10,0.2,130,always_short,20,2,0.8333,0.0143,0.4926,0.5074,8.5,14.6,99.47
50,10,0.2,66,always_short,20,2,0.8332,0.0143,0.4925,0.5075,8.51,14.59,99.49
30,8,0.267,66,always_long,40,1,0.7743,0.0529,0.6089,0.3911,10.54,14.56,80.48
30,8,0.267,45,always_long,40,1,0.7743,0.0529,0.6089,0.3911,10.54,14.56,80.48
30,8,0.267,130,always_long,40,1,0.7742,0.053,0.6086,0.3914,10.54,14.55,80.51
30,8,0.267,100,always_long,40,1,0.7742,0.0529,0.6086,0.3914,10.54,14.55,80.51
30,4,0.133,30,always_short,50,2,0.8607,0.075,0.5473,0.4527,9.5,14.52,89.54
50,5,0.1,30,alternate,30,2,0.9006,0.0222,0.6593,0.3407,11.44,14.52,74.33
30,8,0.267,30,always_long,40,1,0.7738,0.0528,0.6076,0.3924,10.54,14.52,80.64
20,8,0.4,45,alternate,50,1,0.6954,0.1065,0.4899,0.5101,8.53,14.47,100.03
20,8,0.4,100,alternate,50,1,0.6954,0.1066,0.4899,0.5101,8.53,14.47,100.03
20,8,0.4,130,alternate,50,1,0.6954,0.1067,0.4899,0.5101,8.53,14.47,100.03
20,8,0.4,66,alternate,50,1,0.6954,0.1065,0.4899,0.5101,8.53,14.47,100.03
50,10,0.2,45,always_short,20,2,0.8322,0.0143,0.4886,0.5114,8.51,14.47,100.28
50,25,0.5,30,alternate,10,2,0.6495,0.0071,0.5294,0.467,9.22,14.46,92.56
25,8,0.32,130,always_short,30,2,0.7468,0.0752,0.4926,0.5074,8.59,14.46,99.47
50,15,0.3,130,always_short,20,1,0.773,0.0109,0.6049,0.3951,10.55,14.45,81.01
25,8,0.32,100,always_short,30,2,0.7468,0.0751,0.4923,0.5078,8.59,14.45,99.54
50,15,0.3,100,always_short,20,1,0.773,0.0109,0.6046,0.3954,10.54,14.45,81.04
20,8,0.4,30,alternate,50,1,0.6951,0.1064,0.4891,0.5109,8.53,14.45,100.18
25,8,0.32,66,always_short,30,2,0.7467,0.0751,0.492,0.508,8.59,14.44,99.59
50,15,0.3,66,always_short,20,1,0.7729,0.0109,0.6041,0.3959,10.55,14.44,81.11
25,8,0.32,45,always_short,30,2,0.7466,0.0751,0.4919,0.5081,8.59,14.43,99.62
30,12,0.4,66,always_long,20,2,0.7034,0.0388,0.5674,0.4326,9.91,14.43,86.36
30,12,0.4,100,always_long,20,2,0.7034,0.0388,0.5675,0.4325,9.91,14.43,86.34
30,12,0.4,130,always_long,20,2,0.7034,0.0389,0.5674,0.4326,9.91,14.43,86.36
30,12,0.4,45,always_long,20,2,0.7033,0.0388,0.5667,0.4333,9.91,14.42,86.46
20,8,0.4,45,alternate,40,2,0.6954,0.1065,0.4376,0.5624,7.67,14.38,111.97
40,6,0.15,30,always_short,30,2,0.8597,0.0329,0.5425,0.4575,9.5,14.38,90.32
20,8,0.4,130,alternate,40,2,0.6954,0.1067,0.4376,0.5624,7.67,14.38,111.97
20,8,0.4,66,alternate,40,2,0.6954,0.1065,0.4376,0.5624,7.67,14.38,111.97
20,8,0.4,100,alternate,40,2,0.6954,0.1066,0.4376,0.5624,7.67,14.38,111.97
50,5,0.1,45,always_long,30,2,0.8993,0.0235,0.6525,0.3475,11.45,14.36,75.1
25,8,0.32,30,always_short,30,2,0.7459,0.075,0.4898,0.5102,8.59,14.36,100.05
50,5,0.1,100,always_long,30,2,0.8992,0.0236,0.6524,0.3476,11.45,14.36,75.11
50,5,0.1,66,always_long,30,2,0.8992,0.0236,0.6525,0.3475,11.45,14.36,75.1
30,4,0.133,45,alternate,50,2,0.8594,0.0771,0.5411,0.4589,9.51,14.35,90.55
30,4,0.133,100,alternate,50,2,0.8594,0.0771,0.5411,0.4589,9.51,14.35,90.55
30,4,0.133,66,alternate,50,2,0.8594,0.0771,0.5411,0.4589,9.51,14.35,90.55
30,4,0.133,130,alternate,50,2,0.8594,0.0772,0.5411,0.4589,9.51,14.35,90.55
50,5,0.1,130,always_long,30,2,0.8992,0.0236,0.652,0.348,11.45,14.35,75.15
20,8,0.4,30,alternate,40,2,0.6951,0.1064,0.4368,0.5633,7.67,14.35,112.19
30,12,0.4,30,always_long,20,2,0.7026,0.0387,0.5643,0.4358,9.91,14.34,86.84
50,8,0.16,130,always_short,30,1,0.8619,0.0171,0.7545,0.2295,13.29,14.31,64.94
50,8,0.16,66,always_short,30,1,0.8618,0.0171,0.754,0.2303,13.29,14.3,64.99
30,4,0.133,30,alternate,50,2,0.859,0.0771,0.5397,0.4602,9.51,14.3,90.78
50,8,0.16,100,always_short,30,1,0.8618,0.0171,0.7539,0.2304,13.29,14.29,65.0
40,10,0.25,66,always_long,20,2,0.7903,0.0261,0.5326,0.4674,9.39,14.29,92.0
40,10,0.25,100,always_long,20,2,0.7902,0.0261,0.5326,0.4674,9.39,14.29,92.0
40,10,0.25,130,always_long,20,2,0.7902,0.0261,0.5326,0.4674,9.39,14.29,92.0
40,10,0.25,45,always_long,20,2,0.7902,0.0261,0.5325,0.4675,9.39,14.28,92.02
50,5,0.1,30,always_long,30,2,0.8987,0.0234,0.6491,0.3509,11.46,14.28,75.49
50,15,0.3,45,always_short,20,1,0.7708,0.0109,0.5979,0.4021,10.55,14.27,81.96
40,6,0.15,130,always_short,40,1,0.8616,0.0329,0.7529,0.2311,13.29,14.27,65.08
40,6,0.15,100,always_short,40,1,0.8615,0.0329,0.7525,0.2315,13.29,14.27,65.12
40,6,0.15,66,always_short,40,1,0.8615,0.0329,0.7522,0.2316,13.29,14.26,65.14
40,6,0.15,45,always_short,40,1,0.8615,0.0329,0.7522,0.2316,13.29,14.26,65.14
50,8,0.16,45,always_short,30,1,0.8611,0.0171,0.7511,0.2328,13.29,14.24,65.24
40,6,0.15,45,alternate,30,2,0.8587,0.0342,0.5373,0.4627,9.51,14.23,91.21
40,6,0.15,130,alternate,30,2,0.8587,0.0343,0.5373,0.4627,9.51,14.23,91.21
40,6,0.15,100,alternate,30,2,0.8587,0.0343,0.5371,0.4629,9.51,14.23,91.23
40,6,0.15,66,alternate,30,2,0.8587,0.0343,0.5373,0.4627,9.51,14.23,91.21
40,10,0.25,30,always_long,20,2,0.7894,0.026,0.5295,0.4705,9.4,14.2,92.54
40,4,0.1,130,always_short,40,2,0.8975,0.039,0.6438,0.3563,11.47,14.15,76.12
40,4,0.1,100,always_short,40,2,0.8975,0.0389,0.6436,0.3564,11.47,14.14,76.13
40,4,0.1,66,always_short,40,2,0.8975,0.0389,0.6434,0.3566,11.47,14.14,76.16
40,4,0.1,45,always_short,40,2,0.8975,0.0389,0.6436,0.3564,11.47,14.14,76.13
40,6,0.15,30,alternate,30,2,0.8576,0.0342,0.5339,0.4661,9.52,14.13,91.78
50,10,0.2,130,alternate,20,2,0.8292,0.0155,0.4779,0.5221,8.53,14.12,102.54
30,4,0.133,45,always_long,50,2,0.8575,0.0792,0.5335,0.4665,9.52,14.12,91.85
50,10,0.2,66,alternate,20,2,0.8292,0.0154,0.4779,0.5221,8.53,14.12,102.54
50,10,0.2,100,alternate,20,2,0.8292,0.0155,0.4779,0.5221,8.53,14.12,102.54
30,4,0.133,66,always_long,50,2,0.8575,0.0792,0.5333,0.4667,9.52,14.11,91.89
30,4,0.133,100,always_long,50,2,0.8575,0.0793,0.5331,0.4669,9.52,14.11,91.91
40,6,0.15,30,always_short,40,1,0.8597,0.0329,0.7446,0.2377,13.3,14.11,65.8
30,4,0.133,130,always_long,50,2,0.8575,0.0793,0.5331,0.4669,9.52,14.11,91.91
30,4,0.133,30,always_long,50,2,0.8574,0.0792,0.5329,0.4671,9.52,14.1,91.95
20,10,0.5,45,alternate,30,2,0.6549,0.0891,0.492,0.508,8.8,14.09,99.59
20,10,0.5,130,alternate,30,2,0.655,0.0892,0.4921,0.5079,8.8,14.09,99.57
20,10,0.5,66,alternate,30,2,0.6549,0.0891,0.492,0.508,8.8,14.09,99.59
20,8,0.4,45,always_long,50,1,0.691,0.1056,0.4775,0.5225,8.54,14.09,102.62
20,10,0.5,100,alternate,30,2,0.655,0.0892,0.4921,0.5079,8.8,14.09,99.57
20,8,0.4,100,always_long,50,1,0.6909,0.1058,0.4774,0.5226,8.54,14.08,102.64
20,8,0.4,130,always_long,50,1,0.6908,0.1058,0.4774,0.5226,8.54,14.08,102.64
20,8,0.4,66,always_long,50,1,0.6909,0.1057,0.4774,0.5226,8.54,14.08,102.64
20,8,0.4,30,always_long,50,1,0.6907,0.1056,0.4773,0.5228,8.54,14.08,102.67
50,10,0.2,45,alternate,20,2,0.8286,0.0154,0.4763,0.5238,8.53,14.06,102.89
20,10,0.5,30,alternate,30,2,0.6546,0.089,0.4908,0.5092,8.8,14.05,99.85
40,6,0.15,100,alternate,40,1,0.8587,0.0343,0.742,0.2404,13.31,14.05,66.04
40,6,0.15,130,alternate,40,1,0.8587,0.0343,0.7421,0.2402,13.31,14.05,66.03
40,6,0.15,45,alternate,40,1,0.8587,0.0342,0.7421,0.2402,13.31,14.05,66.03
40,6,0.15,66,alternate,40,1,0.8587,0.0343,0.7421,0.2402,13.31,14.05,66.03
50,15,0.3,100,alternate,20,1,0.7673,0.0113,0.588,0.412,10.57,14.02,83.33
50,15,0.3,130,alternate,20,1,0.7673,0.0113,0.5876,0.4124,10.57,14.01,83.39
50,15,0.3,66,alternate,20,1,0.7673,0.0113,0.5876,0.4124,10.57,14.01,83.39
40,4,0.1,30,always_short,40,2,0.8965,0.0389,0.6376,0.3624,11.48,14.0,76.85
50,8,0.16,130,alternate,30,1,0.8578,0.0178,0.7386,0.2439,13.31,13.98,66.34
50,8,0.16,66,alternate,30,1,0.8579,0.0177,0.7388,0.2437,13.31,13.98,66.33
50,8,0.16,100,alternate,30,1,0.8578,0.0178,0.7386,0.2439,13.31,13.98,66.34
25,8,0.32,100,alternate,30,2,0.7426,0.0745,0.4781,0.5219,8.62,13.98,102.48
25,8,0.32,45,alternate,30,2,0.7426,0.0744,0.4781,0.5219,8.62,13.98,102.48
25,8,0.32,130,alternate,30,2,0.7426,0.0746,0.4783,0.5218,8.62,13.98,102.46
20,8,0.4,45,always_long,40,2,0.691,0.1056,0.4268,0.5733,7.69,13.98,114.82
50,8,0.16,30,always_short,30,1,0.8578,0.0171,0.7386,0.2439,13.31,13.98,66.34
25,8,0.32,66,alternate,30,2,0.7426,0.0745,0.4781,0.5219,8.62,13.98,102.48
40,6,0.15,30,alternate,40,1,0.8576,0.0342,0.7379,0.2445,13.31,13.97,66.41
20,8,0.4,66,always_long,40,2,0.6909,0.1057,0.4268,0.5733,7.7,13.97,114.82
50,10,0.2,30,always_short,20,2,0.828,0.0143,0.4733,0.5268,8.54,13.97,103.54
20,8,0.4,100,always_long,40,2,0.6909,0.1058,0.4266,0.5734,7.7,13.97,114.85
50,8,0.16,45,alternate,30,1,0.8576,0.0177,0.7376,0.2447,13.31,13.96,66.43
20,8,0.4,30,always_long,40,2,0.6907,0.1056,0.4263,0.5737,7.7,13.96,114.96
20,8,0.4,130,always_long,40,2,0.6908,0.1058,0.4264,0.5736,7.7,13.96,114.92
40,4,0.1,45,alternate,40,2,0.8961,0.0418,0.6348,0.3653,11.48,13.94,77.2
40,4,0.1,66,alternate,40,2,0.8961,0.0418,0.6346,0.3654,11.48,13.93,77.21
40,4,0.1,130,alternate,40,2,0.896,0.0418,0.6345,0.3655,11.48,13.93,77.23
40,4,0.1,100,alternate,40,2,0.896,0.0418,0.6345,0.3655,11.48,13.93,77.23
25,8,0.32,30,alternate,30,2,0.7421,0.0744,0.4763,0.5238,8.62,13.92,102.89
50,15,0.3,45,alternate,20,1,0.766,0.0112,0.584,0.416,10.58,13.91,83.9
50,25,0.5,30,always_long,10,2,0.6441,0.0068,0.5111,0.4856,9.27,13.89,95.87
40,6,0.15,45,always_long,30,2,0.8559,0.0356,0.525,0.475,9.53,13.89,93.33
40,6,0.15,66,always_long,30,2,0.8559,0.0356,0.525,0.475,9.53,13.89,93.33
40,6,0.15,130,always_long,30,2,0.8558,0.0357,0.5248,0.4753,9.53,13.88,93.38
40,6,0.15,100,always_long,30,2,0.8558,0.0357,0.5249,0.4751,9.53,13.88,93.36
40,6,0.15,130,always_long,40,1,0.8558,0.0357,0.7325,0.2494,13.33,13.85,66.89
40,6,0.15,100,always_long,40,1,0.8558,0.0357,0.7325,0.2494,13.33,13.85,66.89
40,6,0.15,45,always_long,40,1,0.8559,0.0356,0.7325,0.2494,13.33,13.85,66.89
40,6,0.15,66,always_long,40,1,0.8559,0.0356,0.7325,0.2494,13.32,13.85,66.89
40,6,0.15,30,always_long,30,2,0.8555,0.0356,0.5235,0.4765,9.53,13.85,93.6
40,6,0.15,30,always_long,40,1,0.8555,0.0356,0.7318,0.2501,13.33,13.84,66.96
40,4,0.1,30,alternate,40,2,0.8955,0.0418,0.6306,0.3694,11.48,13.84,77.7
50,8,0.16,30,alternate,30,1,0.8553,0.0177,0.7314,0.2505,13.33,13.83,67.0
50,15,0.3,30,always_short,20,1,0.7646,0.0109,0.5803,0.4198,10.58,13.82,84.45
50,8,0.16,45,always_long,30,1,0.854,0.0184,0.7282,0.2535,13.34,13.76,67.28
50,8,0.16,66,always_long,30,1,0.854,0.0184,0.7281,0.2536,13.34,13.76,67.3
50,8,0.16,100,always_long,30,1,0.8539,0.0184,0.728,0.2537,13.34,13.75,67.31
50,8,0.16,130,always_long,30,1,0.8538,0.0184,0.7278,0.254,13.34,13.75,67.33
40,4,0.1,45,always_long,40,2,0.8947,0.0446,0.6266,0.3734,11.49,13.74,78.2
40,4,0.1,100,always_long,40,2,0.8946,0.0447,0.6265,0.3735,11.49,13.74,78.21
40,4,0.1,66,always_long,40,2,0.8947,0.0447,0.6266,0.3734,11.49,13.74,78.2
40,4,0.1,30,always_long,40,2,0.8945,0.0446,0.6262,0.3738,11.49,13.73,78.24
40,4,0.1,130,always_long,40,2,0.8945,0.0447,0.6262,0.3738,11.49,13.73,78.24
50,10,0.2,30,alternate,20,2,0.8257,0.0154,0.4641,0.5359,8.54,13.69,105.58
50,8,0.16,30,always_long,30,1,0.8529,0.0183,0.7244,0.257,13.34,13.68,67.64
50,10,0.2,66,always_long,20,2,0.8251,0.0166,0.4621,0.5379,8.55,13.63,106.03
50,10,0.2,100,always_long,20,2,0.8251,0.0166,0.4621,0.5379,8.55,13.63,106.03
50,10,0.2,130,always_long,20,2,0.8251,0.0166,0.4614,0.5386,8.55,13.6,106.2
50,10,0.2,45,always_long,20,2,0.825,0.0166,0.4611,0.5389,8.55,13.6,106.26
50,15,0.3,66,always_long,20,1,0.7617,0.0116,0.5707,0.4293,10.59,13.58,85.85
50,15,0.3,130,always_long,20,1,0.7616,0.0116,0.5707,0.4293,10.59,13.58,85.85
50,15,0.3,100,always_long,20,1,0.7617,0.0116,0.571,0.429,10.59,13.58,85.81
50,15,0.3,30,alternate,20,1,0.7613,0.0112,0.57,0.43,10.59,13.56,85.96
50,15,0.3,45,always_long,20,1,0.7612,0.0116,0.57,0.43,10.59,13.56,85.96
20,10,0.5,45,always_long,30,2,0.6498,0.0891,0.4736,0.5264,8.83,13.52,103.46
20,10,0.5,100,always_long,30,2,0.6498,0.0892,0.4738,0.5262,8.83,13.52,103.43
25,8,0.32,66,always_long,30,2,0.7384,0.0739,0.4636,0.5364,8.64,13.52,105.69
25,8,0.32,45,always_long,30,2,0.7385,0.0738,0.4639,0.5361,8.64,13.52,105.63
25,8,0.32,100,always_long,30,2,0.7384,0.0739,0.4636,0.5364,8.65,13.51,105.69
25,8,0.32,130,always_long,30,2,0.7384,0.074,0.4635,0.5365,8.65,13.51,105.72
20,10,0.5,130,always_long,30,2,0.6497,0.0893,0.473,0.527,8.83,13.5,103.59
20,10,0.5,66,always_long,30,2,0.6497,0.0892,0.4731,0.5269,8.83,13.5,103.57
25,8,0.32,30,always_long,30,2,0.7382,0.0738,0.463,0.537,8.65,13.49,105.83
20,10,0.5,30,always_long,30,2,0.6495,0.0891,0.4728,0.5272,8.83,13.48,103.65
30,10,0.333,130,always_short,20,2,0.7487,0.0453,0.5584,0.4416,10.46,13.45,87.75
30,10,0.333,100,always_short,20,2,0.7487,0.0453,0.558,0.442,10.46,13.44,87.81
30,10,0.333,66,always_short,20,2,0.7486,0.0453,0.5577,0.4422,10.46,13.43,87.85
30,10,0.333,45,always_short,20,2,0.7485,0.0453,0.5576,0.4424,10.46,13.43,87.87
25,6,0.24,130,always_short,40,2,0.7872,0.0884,0.4054,0.5946,7.61,13.42,120.88
25,6,0.24,100,always_short,40,2,0.7871,0.0883,0.4052,0.5948,7.61,13.41,120.91
25,6,0.24,66,always_short,40,2,0.7871,0.0884,0.4052,0.5948,7.61,13.41,120.91
25,6,0.24,45,always_short,40,2,0.787,0.0883,0.4051,0.5949,7.61,13.41,120.95
50,10,0.2,30,always_long,20,2,0.8235,0.0165,0.4542,0.5457,8.55,13.39,107.87
25,6,0.24,30,always_short,40,2,0.7865,0.0883,0.4034,0.5966,7.62,13.34,121.48
50,15,0.3,30,always_long,20,1,0.7579,0.0116,0.5601,0.4399,10.61,13.31,87.48
30,10,0.333,30,always_short,20,2,0.7471,0.0453,0.5523,0.4477,10.47,13.29,88.73
25,6,0.24,130,alternate,40,2,0.7834,0.0891,0.3927,0.6072,7.63,12.97,124.76
25,6,0.24,100,alternate,40,2,0.7834,0.089,0.3926,0.6074,7.63,12.96,124.8
25,6,0.24,66,alternate,40,2,0.7834,0.089,0.3926,0.6074,7.63,12.96,124.8
25,6,0.24,45,alternate,40,2,0.7834,0.089,0.3924,0.6076,7.63,12.95,124.88
30,12,0.4,130,always_short,30,1,0.7153,0.0387,0.4943,0.5058,9.65,12.91,99.14
25,6,0.24,30,alternate,40,2,0.783,0.0889,0.3909,0.6091,7.64,12.9,125.36
30,12,0.4,100,always_short,30,1,0.7152,0.0387,0.494,0.506,9.65,12.9,99.19
50,20,0.4,130,always_short,10,2,0.7184,0.0089,0.5821,0.3794,11.38,12.89,84.17
30,12,0.4,66,always_short,30,1,0.7151,0.0386,0.4939,0.5061,9.65,12.89,99.22
50,20,0.4,100,always_short,10,2,0.7184,0.0089,0.582,0.3795,11.38,12.89,84.19
30,12,0.4,45,always_short,30,1,0.715,0.0386,0.4934,0.5066,9.65,12.88,99.32
50,20,0.4,66,always_short,10,2,0.7181,0.0089,0.5807,0.3807,11.38,12.86,84.37
20,6,0.3,130,always_short,40,2,0.7428,0.1263,0.4281,0.5719,8.4,12.84,114.45
20,6,0.3,100,always_short,40,2,0.7427,0.1262,0.4279,0.5721,8.4,12.84,114.52
20,6,0.3,66,always_short,40,2,0.7427,0.1262,0.4278,0.5723,8.4,12.83,114.55
20,6,0.3,45,always_short,40,2,0.7427,0.1261,0.4278,0.5723,8.4,12.83,114.55
30,5,0.167,130,always_short,50,1,0.8408,0.0687,0.6831,0.2959,13.42,12.83,71.73
30,5,0.167,100,always_short,50,1,0.8408,0.0686,0.6826,0.2964,13.42,12.82,71.78
30,5,0.167,66,always_short,50,1,0.8408,0.0687,0.6826,0.2964,13.42,12.82,71.78
30,5,0.167,45,always_short,50,1,0.8407,0.0686,0.6826,0.2964,13.42,12.82,71.78
30,10,0.333,130,alternate,20,2,0.743,0.0453,0.5344,0.4656,10.51,12.81,91.7
30,10,0.333,100,alternate,20,2,0.743,0.0453,0.5341,0.4659,10.51,12.8,91.74
30,10,0.333,66,alternate,20,2,0.7429,0.0453,0.5337,0.4662,10.51,12.79,91.8
20,6,0.3,30,always_short,40,2,0.7424,0.1261,0.4264,0.5736,8.4,12.79,114.92
30,12,0.4,30,always_short,30,1,0.7135,0.0386,0.4898,0.5102,9.66,12.78,100.05
30,10,0.333,45,alternate,20,2,0.7429,0.0452,0.5334,0.4666,10.51,12.78,91.87
25,6,0.24,130,always_short,50,1,0.7872,0.0884,0.5847,0.4153,11.55,12.76,83.8
30,5,0.167,30,always_short,50,1,0.8398,0.0686,0.6799,0.2983,13.42,12.76,72.07
25,6,0.24,66,always_short,50,1,0.7871,0.0884,0.5845,0.4155,11.55,12.75,83.83
25,6,0.24,100,always_short,50,1,0.7871,0.0883,0.5846,0.4154,11.55,12.75,83.81
25,6,0.24,45,always_short,50,1,0.787,0.0883,0.584,0.416,11.55,12.74,83.9
25,6,0.24,30,always_short,50,1,0.7865,0.0883,0.5829,0.4171,11.56,12.71,84.07
30,10,0.333,30,alternate,20,2,0.7419,0.0452,0.5281,0.4719,10.52,12.66,92.78
30,10,0.333,130,always_short,30,1,0.7487,0.0453,0.5345,0.4655,10.65,12.65,91.67
30,10,0.333,100,always_short,30,1,0.7487,0.0453,0.5341,0.4659,10.65,12.64,91.74
30,10,0.333,66,always_short,30,1,0.7486,0.0453,0.5337,0.4662,10.65,12.63,91.8
30,5,0.167,130,alternate,50,1,0.838,0.0698,0.6731,0.3041,13.43,12.63,72.79
30,5,0.167,66,alternate,50,1,0.8379,0.0697,0.6729,0.3044,13.44,12.62,72.82
30,10,0.333,45,always_short,30,1,0.7485,0.0453,0.5335,0.4665,10.65,12.62,91.85
30,5,0.167,45,alternate,50,1,0.8379,0.0697,0.6729,0.3044,13.44,12.62,72.82
30,5,0.167,100,alternate,50,1,0.8379,0.0697,0.6729,0.3044,13.44,12.62,72.82
30,5,0.167,30,alternate,50,1,0.8373,0.0697,0.6709,0.3063,13.44,12.58,73.04
40,20,0.5,100,always_short,20,1,0.6708,0.0141,0.4289,0.5711,8.6,12.57,114.25
40,20,0.5,66,always_short,20,1,0.6708,0.0141,0.4286,0.5714,8.6,12.57,114.32
40,20,0.5,130,always_short,20,1,0.6709,0.0141,0.4289,0.5711,8.6,12.57,114.25
25,6,0.24,45,always_long,40,2,0.7797,0.0896,0.3811,0.6189,7.65,12.56,128.57
25,6,0.24,66,always_long,40,2,0.7796,0.0896,0.3811,0.6189,7.65,12.56,128.57
25,6,0.24,130,always_long,40,2,0.7796,0.0897,0.3811,0.6189,7.65,12.56,128.57
25,6,0.24,100,always_long,40,2,0.7796,0.0897,0.3811,0.6189,7.65,12.56,128.57
30,10,0.333,30,always_short,30,1,0.7471,0.0453,0.5299,0.4701,10.66,12.53,92.47
40,3,0.075,100,always_short,50,2,0.9153,0.0425,0.668,0.3093,13.45,12.52,73.35
40,3,0.075,130,always_short,50,2,0.9153,0.0425,0.668,0.3093,13.45,12.52,73.35
40,3,0.075,45,always_short,50,2,0.9153,0.0425,0.668,0.3093,13.45,12.52,73.35
25,6,0.24,30,always_long,40,2,0.7794,0.0895,0.38,0.62,7.65,12.51,128.95
25,8,0.32,100,always_short,40,1,0.7468,0.0751,0.5292,0.4708,10.66,12.51,92.58
40,3,0.075,66,always_short,50,2,0.9153,0.0425,0.6679,0.3094,13.45,12.51,73.37
25,8,0.32,130,always_short,40,1,0.7468,0.0752,0.5294,0.4706,10.66,12.51,92.56
25,6,0.24,130,alternate,50,1,0.7834,0.0891,0.5737,0.4263,11.57,12.5,85.4
25,12,0.48,130,always_short,20,2,0.6747,0.0535,0.5212,0.4647,10.51,12.5,94.0
25,12,0.48,100,always_short,20,2,0.6747,0.0534,0.5212,0.4647,10.51,12.5,94.0
25,8,0.32,66,always_short,40,1,0.7467,0.0751,0.529,0.471,10.66,12.5,92.63
25,12,0.48,66,always_short,20,2,0.6746,0.0534,0.5209,0.4652,10.51,12.49,94.07
25,12,0.48,45,always_short,20,2,0.6746,0.0534,0.5208,0.4654,10.51,12.49,94.1
25,6,0.24,45,alternate,50,1,0.7834,0.089,0.5736,0.4264,11.57,12.49,85.42
25,8,0.32,45,always_short,40,1,0.7466,0.0751,0.5286,0.4714,10.66,12.49,92.69
25,6,0.24,100,alternate,50,1,0.7834,0.089,0.5736,0.4264,11.57,12.49,85.42
25,6,0.24,66,alternate,50,1,0.7834,0.089,0.5736,0.4264,11.57,12.49,85.42
50,20,0.4,45,always_short,10,2,0.7147,0.0089,0.565,0.3947,11.4,12.49,86.73
25,6,0.24,30,alternate,50,1,0.783,0.0889,0.5725,0.4275,11.57,12.47,85.59
40,20,0.5,45,always_short,20,1,0.6692,0.0141,0.4259,0.5741,8.6,12.47,115.06
50,12,0.24,130,always_short,20,1,0.8084,0.0125,0.621,0.379,12.55,12.46,78.9
50,12,0.24,100,always_short,20,1,0.8083,0.0125,0.6204,0.3796,12.56,12.45,78.98
50,12,0.24,66,always_short,20,1,0.8083,0.0125,0.6204,0.3796,12.56,12.45,78.98
40,3,0.075,30,always_short,50,2,0.9149,0.0425,0.6643,0.3121,13.46,12.44,73.77
30,12,0.4,100,alternate,30,1,0.7093,0.0388,0.4778,0.5222,9.68,12.44,102.56
30,12,0.4,66,alternate,30,1,0.7092,0.0387,0.4776,0.5224,9.68,12.44,102.59
30,12,0.4,130,alternate,30,1,0.7093,0.0388,0.4778,0.5222,9.68,12.44,102.56
25,8,0.32,30,always_short,40,1,0.7459,0.075,0.5261,0.4739,10.67,12.43,93.13
30,12,0.4,45,alternate,30,1,0.7091,0.0387,0.4774,0.5226,9.68,12.43,102.64
20,6,0.3,45,alternate,40,2,0.7388,0.127,0.4146,0.5854,8.42,12.41,118.18
30,5,0.167,45,always_long,50,1,0.8351,0.0708,0.6623,0.3146,13.45,12.41,73.99
25,12,0.48,30,always_short,20,2,0.6738,0.0533,0.5178,0.4685,10.51,12.41,94.64
20,6,0.3,66,alternate,40,2,0.7388,0.127,0.4145,0.5855,8.42,12.41,118.21
30,5,0.167,66,always_long,50,1,0.8351,0.0708,0.6623,0.3146,13.45,12.41,73.99
30,5,0.167,100,always_long,50,1,0.8351,0.0708,0.6623,0.3146,13.45,12.41,73.99
20,6,0.3,100,alternate,40,2,0.7388,0.1271,0.4145,0.5855,8.42,12.41,118.21
20,6,0.3,130,alternate,40,2,0.7388,0.1272,0.4145,0.5855,8.42,12.41,118.21
30,5,0.167,130,always_long,50,1,0.8351,0.0709,0.6623,0.3146,13.45,12.41,73.99
30,5,0.167,130,always_short,40,2,0.8408,0.0687,0.4746,0.5254,9.65,12.39,103.24
30,5,0.167,100,always_short,40,2,0.8408,0.0686,0.4745,0.5255,9.66,12.38,103.27
30,5,0.167,66,always_short,40,2,0.8408,0.0687,0.4744,0.5256,9.66,12.38,103.29
30,5,0.167,45,always_short,40,2,0.8407,0.0686,0.4741,0.5259,9.65,12.38,103.35
30,5,0.167,30,always_long,50,1,0.8348,0.0708,0.6607,0.3161,13.45,12.38,74.16
20,6,0.3,30,alternate,40,2,0.7386,0.1269,0.413,0.587,8.42,12.37,118.64
30,12,0.4,30,alternate,30,1,0.7081,0.0387,0.4749,0.5251,9.68,12.36,103.19
15,6,0.4,45,always_short,50,2,0.6799,0.1879,0.377,0.623,7.7,12.34,129.97
15,6,0.4,130,always_short,50,2,0.6799,0.1882,0.377,0.623,7.7,12.34,129.97
15,6,0.4,100,always_short,50,2,0.6799,0.188,0.377,0.623,7.7,12.34,129.97
15,6,0.4,66,always_short,50,2,0.6799,0.188,0.377,0.623,7.7,12.34,129.97
15,6,0.4,30,always_short,50,2,0.6798,0.1878,0.3767,0.6232,7.7,12.33,130.06
50,12,0.24,45,always_short,20,1,0.8069,0.0125,0.6145,0.3855,12.56,12.33,79.74
50,20,0.4,100,alternate,10,2,0.713,0.0087,0.5581,0.4029,11.42,12.32,87.79
50,20,0.4,130,alternate,10,2,0.7129,0.0087,0.558,0.4029,11.42,12.32,87.81
50,20,0.4,66,alternate,10,2,0.7129,0.0087,0.5574,0.4036,11.42,12.3,87.91
40,3,0.075,100,alternate,50,2,0.9138,0.0456,0.6556,0.3199,13.46,12.27,74.74
40,3,0.075,45,alternate,50,2,0.9138,0.0455,0.6556,0.3199,13.46,12.27,74.74
40,3,0.075,66,alternate,50,2,0.9138,0.0455,0.6556,0.3199,13.46,12.27,74.74
40,3,0.075,130,alternate,50,2,0.9138,0.0456,0.6555,0.32,13.46,12.27,74.75
30,5,0.167,30,always_short,40,2,0.8398,0.0686,0.4696,0.5304,9.66,12.25,104.34
40,3,0.075,30,alternate,50,2,0.9136,0.0455,0.6539,0.3212,13.46,12.24,74.94
30,10,0.333,130,alternate,30,1,0.743,0.0453,0.517,0.483,10.68,12.2,94.78
25,6,0.24,130,always_long,50,1,0.7796,0.0897,0.5609,0.4391,11.58,12.2,87.36
30,10,0.333,66,alternate,30,1,0.7429,0.0453,0.5168,0.4833,10.68,12.2,94.82
25,6,0.24,66,always_long,50,1,0.7796,0.0896,0.561,0.439,11.58,12.2,87.34
25,6,0.24,100,always_long,50,1,0.7796,0.0897,0.5609,0.4391,11.58,12.2,87.36
25,6,0.24,45,always_long,50,1,0.7797,0.0896,0.561,0.439,11.58,12.2,87.34
30,10,0.333,100,alternate,30,1,0.743,0.0453,0.5169,0.4831,10.68,12.2,94.8
30,10,0.333,45,alternate,30,1,0.7429,0.0452,0.5164,0.4836,10.68,12.19,94.89
25,6,0.24,30,always_long,50,1,0.7794,0.0895,0.5601,0.4399,11.59,12.18,87.48
25,8,0.32,100,alternate,40,1,0.7426,0.0745,0.516,0.484,10.68,12.18,94.96
25,8,0.32,45,alternate,40,1,0.7426,0.0744,0.516,0.484,10.68,12.18,94.96
25,8,0.32,66,alternate,40,1,0.7426,0.0745,0.516,0.484,10.68,12.18,94.96
25,8,0.32,130,alternate,40,1,0.7426,0.0746,0.516,0.484,10.68,12.18,94.96
50,8,0.16,130,always_short,20,2,0.8619,0.0171,0.5154,0.4846,10.67,12.17,95.08
30,10,0.333,100,always_long,20,2,0.7373,0.0453,0.5084,0.4916,10.54,12.15,96.39
30,10,0.333,66,always_long,20,2,0.7372,0.0452,0.5081,0.4919,10.54,12.15,96.43
50,8,0.16,66,always_short,20,2,0.8618,0.0171,0.5146,0.4854,10.67,12.15,95.21
30,10,0.333,130,always_long,20,2,0.7373,0.0453,0.5084,0.4916,10.54,12.15,96.39
50,8,0.16,100,always_short,20,2,0.8618,0.0171,0.5145,0.4855,10.67,12.15,95.24
30,10,0.333,45,always_long,20,2,0.7372,0.0452,0.508,0.492,10.54,12.14,96.46
40,20,0.5,130,alternate,20,1,0.6653,0.0139,0.4146,0.5854,8.62,12.13,118.18
25,8,0.32,30,alternate,40,1,0.7421,0.0744,0.5141,0.4859,10.68,12.13,95.31
40,20,0.5,100,alternate,20,1,0.6653,0.0139,0.4146,0.5854,8.62,12.13,118.18
30,10,0.333,30,alternate,30,1,0.7419,0.0452,0.5138,0.4863,10.68,12.12,95.38
40,20,0.5,66,alternate,20,1,0.6653,0.0139,0.4145,0.5855,8.62,12.12,118.21
40,20,0.5,45,alternate,20,1,0.6642,0.0139,0.413,0.587,8.62,12.08,118.64
30,10,0.333,30,always_long,20,2,0.7366,0.0451,0.5055,0.4945,10.55,12.07,96.93
50,20,0.4,45,alternate,10,2,0.7106,0.0087,0.548,0.4124,11.44,12.07,89.42
15,6,0.4,45,alternate,50,2,0.6769,0.1874,0.3691,0.6309,7.71,12.07,132.75
25,12,0.48,100,always_short,30,1,0.6747,0.0534,0.4786,0.5214,10.0,12.06,102.38
50,8,0.16,45,always_short,20,2,0.8611,0.0171,0.5111,0.4889,10.68,12.06,95.87
40,20,0.5,30,always_short,20,1,0.6638,0.0141,0.4124,0.5876,8.62,12.06,118.82
25,12,0.48,130,always_short,30,1,0.6747,0.0535,0.4788,0.5212,10.0,12.06,102.35
15,6,0.4,66,alternate,50,2,0.6769,0.1875,0.3689,0.6311,7.71,12.06,132.84
15,6,0.4,100,alternate,50,2,0.6769,0.1876,0.3689,0.6311,7.71,12.06,132.84
40,3,0.075,45,always_long,50,2,0.9124,0.0485,0.644,0.3309,13.47,12.05,76.09
40,3,0.075,66,always_long,50,2,0.9124,0.0486,0.644,0.3309,13.47,12.05,76.09
25,12,0.48,66,always_short,30,1,0.6746,0.0534,0.4784,0.5216,10.0,12.05,102.43
50,12,0.24,100,alternate,20,1,0.8034,0.0134,0.6014,0.3986,12.58,12.05,81.48
25,12,0.48,45,always_short,30,1,0.6746,0.0534,0.4781,0.5219,10.0,12.05,102.48
15,6,0.4,30,alternate,50,2,0.6768,0.1873,0.3688,0.6312,7.71,12.05,132.88
15,6,0.4,130,alternate,50,2,0.6768,0.1877,0.3688,0.6312,7.71,12.05,132.88
50,12,0.24,66,alternate,20,1,0.8034,0.0134,0.6012,0.3987,12.58,12.04,81.5
50,12,0.24,130,alternate,20,1,0.8034,0.0134,0.6012,0.3987,12.58,12.04,81.5
40,3,0.075,100,always_long,50,2,0.9123,0.0486,0.6432,0.3316,13.47,12.03,76.18
40,3,0.075,130,always_long,50,2,0.9123,0.0486,0.643,0.3319,13.47,12.03,76.21
30,5,0.167,130,alternate,40,2,0.838,0.0698,0.4614,0.5386,9.67,12.02,106.2
40,8,0.2,100,always_short,30,1,0.8296,0.0286,0.6428,0.3331,13.48,12.02,76.23
40,8,0.2,66,always_short,30,1,0.8295,0.0286,0.6428,0.3331,13.48,12.02,76.23
40,3,0.075,30,always_long,50,2,0.9122,0.0485,0.6429,0.3321,13.47,12.02,76.22
40,8,0.2,130,always_short,30,1,0.8296,0.0287,0.6429,0.3329,13.48,12.02,76.22
30,5,0.167,66,alternate,40,2,0.8379,0.0697,0.461,0.539,9.67,12.01,106.29
30,5,0.167,45,alternate,40,2,0.8379,0.0697,0.4609,0.5391,9.67,12.01,106.32
40,8,0.2,45,always_short,30,1,0.8295,0.0286,0.6424,0.3334,13.48,12.01,76.28
30,5,0.167,100,alternate,40,2,0.8379,0.0697,0.461,0.539,9.67,12.01,106.29
25,12,0.48,30,always_short,30,1,0.6738,0.0533,0.476,0.524,10.01,11.99,102.94
20,6,0.3,45,always_long,40,2,0.735,0.1278,0.4011,0.5989,8.44,11.98,122.16
50,12,0.24,45,alternate,20,1,0.8026,0.0134,0.598,0.402,12.58,11.98,81.94
20,6,0.3,66,always_long,40,2,0.735,0.1279,0.4007,0.5992,8.44,11.97,122.27
30,12,0.4,100,always_long,30,1,0.7034,0.0388,0.4604,0.5396,9.69,11.97,106.43
20,6,0.3,130,always_long,40,2,0.7349,0.1281,0.4002,0.5998,8.44,11.96,122.42
20,6,0.3,100,always_long,40,2,0.7349,0.128,0.4005,0.5995,8.44,11.96,122.35
30,12,0.4,66,always_long,30,1,0.7034,0.0388,0.46,0.54,9.69,11.96,106.52
30,12,0.4,45,always_long,30,1,0.7033,0.0388,0.46,0.54,9.69,11.96,106.52
30,12,0.4,130,always_long,30,1,0.7034,0.0389,0.46,0.54,9.69,11.96,106.52
20,6,0.3,30,always_long,40,2,0.7348,0.1278,0.4001,0.5999,8.44,11.95,122.46
30,5,0.167,30,alternate,40,2,0.8373,0.0697,0.4589,0.5411,9.68,11.95,106.78
50,12,0.24,30,always_short,20,1,0.8021,0.0125,0.5959,0.4041,12.59,11.93,82.23
30,12,0.4,30,always_long,30,1,0.7026,0.0387,0.4589,0.5411,9.7,11.92,106.78
40,8,0.2,130,always_short,20,2,0.8296,0.0287,0.5369,0.4631,11.37,11.9,91.27
20,8,0.4,130,always_short,30,2,0.7,0.1075,0.4462,0.5537,9.46,11.89,109.8
40,8,0.2,100,always_short,20,2,0.8296,0.0286,0.5365,0.4635,11.37,11.89,91.33
25,8,0.32,45,always_long,40,1,0.7385,0.0738,0.5039,0.4961,10.69,11.88,97.25
40,8,0.2,45,always_short,20,2,0.8295,0.0286,0.5361,0.4639,11.37,11.88,91.4
20,8,0.4,100,always_short,30,2,0.6999,0.1074,0.4461,0.5539,9.46,11.88,109.83
40,8,0.2,66,always_short,20,2,0.8295,0.0286,0.5364,0.4636,11.37,11.88,91.35
20,8,0.4,66,always_short,30,2,0.6998,0.1074,0.4457,0.5543,9.46,11.87,109.93
25,8,0.32,100,always_long,40,1,0.7384,0.0739,0.5036,0.4964,10.69,11.87,97.29
20,8,0.4,45,always_short,30,2,0.6998,0.1073,0.4457,0.5543,9.46,11.87,109.93
25,8,0.32,130,always_long,40,1,0.7384,0.074,0.5035,0.4965,10.69,11.87,97.32
25,8,0.32,66,always_long,40,1,0.7384,0.0739,0.5036,0.4964,10.69,11.87,97.29
40,5,0.125,130,always_short,30,2,0.8801,0.0359,0.5469,0.4531,11.62,11.86,89.6
40,8,0.2,30,always_short,30,1,0.8273,0.0286,0.6349,0.3401,13.49,11.86,77.18
25,12,0.48,100,alternate,20,2,0.6688,0.053,0.4963,0.4895,10.54,11.86,98.74
25,12,0.48,130,alternate,20,2,0.6688,0.053,0.4963,0.4895,10.54,11.86,98.74
25,8,0.32,30,always_long,40,1,0.7382,0.0738,0.5032,0.4968,10.69,11.86,97.37
40,5,0.125,45,always_short,30,2,0.88,0.0359,0.5466,0.4534,11.62,11.86,89.64
40,5,0.125,66,always_short,30,2,0.88,0.0359,0.5464,0.4536,11.62,11.85,89.68
25,12,0.48,45,alternate,20,2,0.6687,0.0529,0.4955,0.4904,10.54,11.85,98.89
40,5,0.125,100,always_short,30,2,0.88,0.0359,0.5464,0.4536,11.62,11.85,89.68
25,12,0.48,66,alternate,20,2,0.6687,0.053,0.4959,0.4899,10.54,11.85,98.82
30,10,0.333,45,always_long,30,1,0.7372,0.0452,0.5019,0.4981,10.69,11.83,97.63
30,10,0.333,100,always_long,30,1,0.7373,0.0453,0.5019,0.4981,10.69,11.83,97.63
20,8,0.4,30,always_short,30,2,0.6994,0.1073,0.4445,0.5555,9.47,11.83,110.24
30,10,0.333,66,always_long,30,1,0.7372,0.0452,0.5019,0.4981,10.69,11.83,97.63
30,10,0.333,130,always_long,30,1,0.7373,0.0453,0.5019,0.4981,10.69,11.83,97.63
40,8,0.2,45,alternate,30,1,0.8263,0.0293,0.6312,0.3429,13.49,11.79,77.62
25,12,0.48,30,alternate,20,2,0.6681,0.0529,0.4929,0.4928,10.54,11.79,99.42
40,8,0.2,130,alternate,30,1,0.8263,0.0293,0.6312,0.3429,13.49,11.79,77.62
40,8,0.2,100,alternate,30,1,0.8263,0.0293,0.6311,0.343,13.49,11.79,77.64
20,10,0.5,130,always_short,40,1,0.6602,0.0892,0.4039,0.5961,8.63,11.79,121.32
20,10,0.5,100,always_short,40,1,0.6602,0.0891,0.4037,0.5962,8.63,11.79,121.36
40,8,0.2,66,alternate,30,1,0.8263,0.0293,0.6312,0.3429,13.49,11.79,77.62
30,15,0.5,100,always_short,20,1,0.6699,0.0317,0.5453,0.4547,11.66,11.78,89.87
30,10,0.333,30,always_long,30,1,0.7366,0.0451,0.5,0.5,10.7,11.78,98.0
30,15,0.5,130,always_short,20,1,0.6699,0.0317,0.5453,0.4547,11.66,11.78,89.87
20,10,0.5,66,always_short,40,1,0.6601,0.0891,0.4032,0.5968,8.63,11.77,121.51
20,10,0.5,45,always_short,40,1,0.66,0.089,0.4032,0.5968,8.63,11.77,121.51
30,15,0.5,66,always_short,20,1,0.6698,0.0316,0.5449,0.4551,11.66,11.77,89.93
30,15,0.5,45,always_short,20,1,0.6697,0.0316,0.5444,0.4556,11.67,11.76,90.01
40,20,0.5,100,always_long,20,1,0.6597,0.0137,0.4025,0.5975,8.63,11.75,121.74
40,20,0.5,66,always_long,20,1,0.6598,0.0137,0.4025,0.5975,8.63,11.75,121.74
20,10,0.5,30,always_short,40,1,0.6597,0.089,0.4021,0.5979,8.63,11.74,121.85
40,20,0.5,130,always_long,20,1,0.6597,0.0137,0.4021,0.5979,8.63,11.74,121.85
50,20,0.4,66,always_long,10,2,0.7076,0.0085,0.534,0.4264,11.47,11.73,91.76
15,6,0.4,45,always_long,50,2,0.674,0.187,0.3593,0.6408,7.72,11.73,136.4
50,20,0.4,100,always_long,10,2,0.7076,0.0085,0.534,0.4263,11.47,11.73,91.76
15,6,0.4,66,always_long,50,2,0.6739,0.1871,0.3589,0.6411,7.72,11.72,136.54
15,6,0.4,100,always_long,50,2,0.6739,0.1871,0.3589,0.6411,7.72,11.72,136.54
40,20,0.5,30,alternate,20,1,0.6595,0.0137,0.4016,0.5984,8.63,11.72,122.0
30,5,0.167,130,always_long,40,2,0.8351,0.0709,0.4505,0.5495,9.7,11.71,108.77
30,5,0.167,100,always_long,40,2,0.8351,0.0708,0.4505,0.5495,9.7,11.71,108.77
30,5,0.167,66,always_long,40,2,0.8351,0.0708,0.4505,0.5495,9.7,11.71,108.77
40,20,0.5,45,always_long,20,1,0.6593,0.0137,0.4014,0.5986,8.64,11.71,122.08
25,10,0.4,130,always_short,30,1,0.7097,0.063,0.512,0.488,11.01,11.71,95.7
30,5,0.167,45,always_long,40,2,0.8351,0.0708,0.4505,0.5495,9.7,11.71,108.77
25,10,0.4,100,always_short,30,1,0.7096,0.0629,0.5115,0.4885,11.01,11.7,95.8
50,20,0.4,130,always_long,10,2,0.7074,0.0085,0.533,0.4276,11.48,11.7,91.93
40,8,0.2,30,alternate,30,1,0.8249,0.0293,0.6268,0.3466,13.5,11.7,78.18
15,6,0.4,30,always_long,50,2,0.6738,0.1869,0.3585,0.6415,7.72,11.7,136.68
25,10,0.4,45,always_short,30,1,0.7095,0.0629,0.5108,0.4893,11.01,11.69,95.94
50,12,0.24,30,alternate,20,1,0.7992,0.0133,0.5846,0.4154,12.6,11.69,83.81
15,6,0.4,130,always_long,50,2,0.6738,0.1873,0.3584,0.6416,7.72,11.69,136.73
25,10,0.4,66,always_short,30,1,0.7095,0.0629,0.5109,0.4891,11.01,11.69,95.91
30,5,0.167,30,always_long,40,2,0.8348,0.0708,0.4497,0.5503,9.7,11.68,108.95
50,8,0.16,130,alternate,20,2,0.8578,0.0178,0.4954,0.5046,10.71,11.66,98.91
50,8,0.16,66,alternate,20,2,0.8579,0.0177,0.4955,0.5045,10.71,11.66,98.89
50,8,0.16,100,alternate,20,2,0.8578,0.0178,0.4953,0.5048,10.71,11.65,98.94
50,12,0.24,66,always_long,20,1,0.7985,0.0143,0.5826,0.4174,12.6,11.65,84.1
50,8,0.16,30,always_short,20,2,0.8578,0.0171,0.4953,0.5048,10.71,11.65,98.94
25,12,0.48,100,alternate,30,1,0.6688,0.053,0.4637,0.5363,10.03,11.65,105.66
30,15,0.5,30,always_short,20,1,0.6678,0.0316,0.5399,0.4601,11.68,11.65,90.76
50,12,0.24,100,always_long,20,1,0.7985,0.0143,0.5826,0.4174,12.6,11.65,84.1
50,12,0.24,130,always_long,20,1,0.7984,0.0144,0.582,0.418,12.6,11.64,84.19
25,10,0.4,30,always_short,30,1,0.7088,0.0629,0.5088,0.4913,11.02,11.64,96.31
25,12,0.48,130,alternate,30,1,0.6688,0.053,0.4635,0.5365,10.03,11.64,105.72
40,5,0.125,30,always_short,30,2,0.8784,0.0359,0.5373,0.4627,11.63,11.64,91.21
25,12,0.48,66,alternate,30,1,0.6687,0.053,0.4631,0.5369,10.03,11.63,105.8
50,8,0.16,45,alternate,20,2,0.8576,0.0177,0.4945,0.5055,10.71,11.63,99.09
50,12,0.24,45,always_long,20,1,0.7984,0.0143,0.5817,0.4183,12.6,11.63,84.23
25,12,0.48,45,alternate,30,1,0.6687,0.0529,0.4631,0.5369,10.03,11.63,105.8
40,8,0.2,30,always_short,20,2,0.8273,0.0286,0.5252,0.4748,11.39,11.62,93.29
50,20,0.4,45,always_long,10,2,0.7065,0.0085,0.5286,0.4313,11.48,11.61,92.69
40,8,0.2,66,always_long,30,1,0.8231,0.03,0.6215,0.3511,13.51,11.59,78.84
25,12,0.48,30,alternate,30,1,0.6681,0.0529,0.4612,0.5387,10.03,11.59,106.23
40,8,0.2,45,always_long,30,1,0.8231,0.03,0.6214,0.3513,13.51,11.59,78.86
40,8,0.2,130,always_long,30,1,0.823,0.03,0.6206,0.3519,13.51,11.58,78.95
40,8,0.2,100,always_long,30,1,0.823,0.03,0.6209,0.3516,13.51,11.58,78.92
25,10,0.4,130,always_short,20,2,0.7097,0.063,0.5209,0.4611,11.34,11.57,94.07
25,10,0.4,100,always_short,20,2,0.7096,0.0629,0.5208,0.4612,11.34,11.57,94.1
25,10,0.4,45,always_short,20,2,0.7095,0.0629,0.5204,0.4616,11.34,11.56,94.16
25,10,0.4,66,always_short,20,2,0.7095,0.0629,0.5205,0.4615,11.34,11.56,94.14
30,6,0.2,130,always_short,30,2,0.8203,0.063,0.4556,0.5444,9.94,11.55,107.54
50,20,0.4,30,always_short,10,2,0.7059,0.0089,0.5256,0.4339,11.48,11.54,93.22
30,6,0.2,45,always_short,30,2,0.8201,0.0629,0.4552,0.5447,9.94,11.54,107.63
30,6,0.2,66,always_short,30,2,0.8202,0.063,0.4552,0.5447,9.94,11.54,107.63
30,6,0.2,100,always_short,30,2,0.8202,0.0629,0.4552,0.5447,9.94,11.54,107.63
40,8,0.2,30,always_long,30,1,0.8224,0.0299,0.6185,0.3536,13.51,11.53,79.22
40,8,0.2,66,alternate,20,2,0.8263,0.0293,0.521,0.479,11.39,11.52,94.05
40,8,0.2,100,alternate,20,2,0.8263,0.0293,0.521,0.479,11.4,11.52,94.05
40,8,0.2,130,alternate,20,2,0.8263,0.0293,0.521,0.479,11.39,11.52,94.05
40,8,0.2,45,alternate,20,2,0.8263,0.0293,0.521,0.479,11.39,11.52,94.05
40,5,0.125,100,alternate,30,2,0.8775,0.0377,0.5315,0.4685,11.64,11.51,92.19
40,5,0.125,130,alternate,30,2,0.8775,0.0378,0.5317,0.4682,11.64,11.51,92.15
40,5,0.125,45,alternate,30,2,0.8775,0.0377,0.5316,0.4684,11.64,11.51,92.17
40,5,0.125,66,alternate,30,2,0.8775,0.0377,0.5316,0.4684,11.64,11.51,92.17
25,10,0.4,30,always_short,20,2,0.7088,0.0629,0.5176,0.4646,11.35,11.49,94.66
50,12,0.24,30,always_long,20,1,0.7963,0.0142,0.5747,0.4253,12.62,11.48,85.25
50,25,0.5,100,always_short,10,1,0.6726,0.0075,0.5965,0.3327,13.11,11.47,82.15
50,25,0.5,130,always_short,10,1,0.6726,0.0075,0.5968,0.3324,13.11,11.47,82.11
20,8,0.4,130,alternate,30,2,0.6954,0.1067,0.4316,0.5684,9.49,11.46,113.52
20,8,0.4,100,alternate,30,2,0.6954,0.1066,0.4316,0.5684,9.49,11.46,113.52
20,8,0.4,66,alternate,30,2,0.6954,0.1065,0.4316,0.5684,9.49,11.46,113.52
20,8,0.4,45,alternate,30,2,0.6954,0.1065,0.4316,0.5684,9.49,11.46,113.52
40,20,0.5,30,always_long,20,1,0.6551,0.0134,0.393,0.607,8.65,11.44,124.68
20,10,0.5,100,alternate,40,1,0.655,0.0892,0.3925,0.6075,8.66,11.43,124.84
20,10,0.5,45,alternate,40,1,0.6549,0.0891,0.3925,0.6075,8.66,11.43,124.84
20,10,0.5,66,alternate,40,1,0.6549,0.0891,0.3925,0.6075,8.66,11.43,124.84
20,10,0.5,130,alternate,40,1,0.655,0.0892,0.3925,0.6075,8.66,11.43,124.84
20,8,0.4,30,alternate,30,2,0.6951,0.1064,0.4301,0.5699,9.5,11.42,113.92
30,6,0.2,30,always_short,30,2,0.8192,0.0629,0.4504,0.5496,9.94,11.42,108.8
50,25,0.5,66,always_short,10,1,0.672,0.0075,0.5941,0.3345,13.11,11.42,82.47
20,10,0.5,30,alternate,40,1,0.6546,0.089,0.392,0.608,8.65,11.41,125.0
30,6,0.2,130,always_short,40,1,0.8203,0.063,0.6116,0.3606,13.53,11.4,80.11
30,6,0.2,100,always_short,40,1,0.8202,0.0629,0.6114,0.3609,13.53,11.39,80.15
30,6,0.2,45,always_short,40,1,0.8201,0.0629,0.6114,0.3609,13.53,11.39,80.15
40,5,0.125,30,alternate,30,2,0.8766,0.0377,0.5266,0.4734,11.65,11.39,93.05
30,6,0.2,66,always_short,40,1,0.8202,0.063,0.6114,0.3609,13.53,11.39,80.15
40,8,0.2,30,alternate,20,2,0.8249,0.0293,0.5151,0.4849,11.41,11.38,95.12
30,15,0.5,130,alternate,20,1,0.6635,0.0316,0.5286,0.4714,11.7,11.38,92.69
30,15,0.5,100,alternate,20,1,0.6635,0.0316,0.5286,0.4714,11.7,11.38,92.69
30,15,0.5,66,alternate,20,1,0.6634,0.0316,0.5285,0.4715,11.7,11.38,92.72
30,15,0.5,45,alternate,20,1,0.6633,0.0316,0.5279,0.4721,11.7,11.37,92.83
50,8,0.16,30,alternate,20,2,0.8553,0.0177,0.4831,0.5169,10.72,11.36,101.42
30,6,0.2,30,always_short,40,1,0.8192,0.0629,0.6088,0.3633,13.53,11.34,80.49
25,10,0.4,100,alternate,30,1,0.7042,0.0625,0.496,0.504,11.03,11.33,98.79
25,10,0.4,130,alternate,30,1,0.7042,0.0625,0.496,0.504,11.03,11.33,98.79
25,10,0.4,45,alternate,30,1,0.7041,0.0624,0.4955,0.5045,11.03,11.32,98.89
25,10,0.4,66,alternate,30,1,0.7041,0.0624,0.4956,0.5044,11.03,11.32,98.87
40,15,0.375,100,always_short,20,1,0.73,0.0174,0.481,0.519,10.73,11.3,101.87
40,15,0.375,130,always_short,20,1,0.73,0.0174,0.481,0.519,10.73,11.3,101.87
40,15,0.375,66,always_short,20,1,0.7299,0.0173,0.4804,0.5196,10.73,11.28,102.0
25,10,0.4,30,alternate,30,1,0.7035,0.0624,0.4936,0.5064,11.03,11.28,99.27
25,12,0.48,100,always_long,20,2,0.6629,0.0526,0.4729,0.5125,10.59,11.26,103.62
25,12,0.48,130,always_long,20,2,0.6628,0.0526,0.4726,0.5128,10.59,11.25,103.68
25,12,0.48,66,always_long,20,2,0.6628,0.0525,0.4725,0.5129,10.59,11.25,103.7
30,15,0.5,30,alternate,20,1,0.662,0.0315,0.5225,0.4775,11.7,11.25,93.78
25,12,0.48,45,always_long,20,2,0.6627,0.0525,0.4725,0.5129,10.59,11.24,103.7
50,20,0.4,30,alternate,10,2,0.7029,0.0087,0.5125,0.4467,11.5,11.23,95.61
40,15,0.375,45,always_short,20,1,0.7291,0.0173,0.4781,0.5219,10.73,11.23,102.48
50,8,0.16,45,always_long,20,2,0.854,0.0184,0.4781,0.5219,10.74,11.22,102.48
50,8,0.16,66,always_long,20,2,0.854,0.0184,0.4779,0.5221,10.74,11.22,102.54
25,12,0.48,30,always_long,20,2,0.6625,0.0525,0.4715,0.5136,10.59,11.22,103.92
50,8,0.16,130,always_long,20,2,0.8538,0.0184,0.4775,0.5225,10.74,11.21,102.62
25,12,0.48,100,always_long,30,1,0.6629,0.0526,0.4474,0.5526,10.05,11.21,109.53
25,12,0.48,130,always_long,30,1,0.6628,0.0526,0.4472,0.5527,10.05,11.21,109.56
50,8,0.16,100,always_long,20,2,0.8539,0.0184,0.4776,0.5224,10.74,11.21,102.59
25,12,0.48,66,always_long,30,1,0.6628,0.0525,0.4471,0.5529,10.05,11.21,109.59
25,12,0.48,45,always_long,30,1,0.6627,0.0525,0.4469,0.5531,10.05,11.2,109.65
25,12,0.48,30,always_long,30,1,0.6625,0.0525,0.4466,0.5534,10.05,11.2,109.71
40,5,0.125,66,always_long,30,2,0.8751,0.0395,0.5179,0.4821,11.66,11.19,94.62
40,5,0.125,45,always_long,30,2,0.8751,0.0395,0.5175,0.4825,11.66,11.18,94.69
40,5,0.125,100,always_long,30,2,0.875,0.0395,0.5171,0.4829,11.66,11.18,94.75
40,5,0.125,130,always_long,30,2,0.875,0.0396,0.5172,0.4828,11.66,11.18,94.73
30,6,0.2,130,alternate,40,1,0.8167,0.0636,0.6004,0.3713,13.54,11.17,81.62
40,8,0.2,45,always_long,20,2,0.8231,0.03,0.5059,0.4941,11.42,11.17,96.86
30,6,0.2,100,alternate,40,1,0.8166,0.0636,0.6001,0.3714,13.54,11.17,81.65
40,8,0.2,66,always_long,20,2,0.8231,0.03,0.5059,0.4941,11.42,11.17,96.86
30,6,0.2,45,alternate,40,1,0.8166,0.0636,0.6,0.3715,13.54,11.16,81.67
40,5,0.125,30,always_long,30,2,0.8747,0.0395,0.5164,0.4836,11.66,11.16,94.89
30,6,0.2,66,alternate,40,1,0.8166,0.0636,0.6,0.3715,13.54,11.16,81.67
40,8,0.2,100,always_long,20,2,0.823,0.03,0.505,0.495,11.42,11.15,97.03
40,8,0.2,130,always_long,20,2,0.823,0.03,0.5049,0.4951,11.42,11.14,97.05
30,6,0.2,130,alternate,30,2,0.8167,0.0636,0.4394,0.5606,9.95,11.13,111.52
30,6,0.2,45,alternate,30,2,0.8166,0.0636,0.439,0.561,9.95,11.12,111.62
30,6,0.2,100,alternate,30,2,0.8166,0.0636,0.439,0.561,9.95,11.12,111.62
30,6,0.2,66,alternate,30,2,0.8166,0.0636,0.439,0.561,9.95,11.12,111.62
30,6,0.2,30,alternate,40,1,0.816,0.0635,0.5972,0.3739,13.55,11.11,82.04
50,25,0.5,45,always_short,10,1,0.6672,0.0075,0.5787,0.3474,13.13,11.1,84.67
50,8,0.16,30,always_long,20,2,0.8529,0.0183,0.4728,0.5272,10.74,11.09,103.65
40,8,0.2,30,always_long,20,2,0.8224,0.0299,0.5026,0.4974,11.43,11.08,97.49
25,4,0.16,66,always_short,50,2,0.8314,0.1066,0.4245,0.5755,9.68,11.05,115.43
25,4,0.16,45,always_short,50,2,0.8313,0.1065,0.4245,0.5755,9.68,11.05,115.43
25,4,0.16,130,always_short,50,2,0.8314,0.1066,0.4246,0.5754,9.68,11.05,115.4
25,4,0.16,100,always_short,50,2,0.8314,0.1066,0.4245,0.5755,9.68,11.05,115.43
20,8,0.4,45,always_long,30,2,0.691,0.1056,0.4174,0.5826,9.53,11.04,117.4
30,6,0.2,30,alternate,30,2,0.816,0.0635,0.4361,0.5639,9.96,11.04,112.35
20,8,0.4,66,always_long,30,2,0.6909,0.1057,0.4171,0.5829,9.53,11.03,117.47
25,10,0.4,100,alternate,20,2,0.7042,0.0625,0.4978,0.4843,11.39,11.02,98.44
25,10,0.4,130,alternate,20,2,0.7042,0.0625,0.4978,0.4843,11.39,11.02,98.44
20,8,0.4,100,always_long,30,2,0.6909,0.1058,0.4169,0.5831,9.53,11.02,117.54
25,10,0.4,45,alternate,20,2,0.7041,0.0624,0.4974,0.4849,11.39,11.01,98.52
25,10,0.4,66,alternate,20,2,0.7041,0.0624,0.4975,0.4848,11.39,11.01,98.49
25,4,0.16,30,always_short,50,2,0.831,0.1065,0.4234,0.5766,9.69,11.01,115.74
20,8,0.4,130,always_long,30,2,0.6908,0.1058,0.4165,0.5835,9.54,11.01,117.65
20,5,0.25,100,always_short,50,2,0.7658,0.1387,0.3365,0.6635,7.71,11.0,145.62
20,10,0.5,100,always_long,40,1,0.6498,0.0892,0.3785,0.6215,8.67,11.0,129.46
20,5,0.25,130,always_short,50,2,0.7658,0.1388,0.3365,0.6635,7.71,11.0,145.62
20,10,0.5,130,always_long,40,1,0.6497,0.0893,0.3785,0.6215,8.67,11.0,129.46
20,10,0.5,66,always_long,40,1,0.6497,0.0892,0.3785,0.6215,8.67,11.0,129.46
20,5,0.25,66,always_short,50,2,0.7658,0.1386,0.3365,0.6635,7.71,11.0,145.62
20,10,0.5,30,always_long,40,1,0.6495,0.0891,0.3784,0.6216,8.67,11.0,129.5
20,8,0.4,30,always_long,30,2,0.6907,0.1056,0.4164,0.5836,9.54,11.0,117.68
20,10,0.5,45,always_long,40,1,0.6498,0.0891,0.3785,0.6215,8.67,11.0,129.46
40,15,0.375,30,always_short,20,1,0.7253,0.0173,0.4689,0.5311,10.76,10.99,104.51
20,5,0.25,45,always_short,50,2,0.7657,0.1386,0.3362,0.6637,7.71,10.99,145.72
50,25,0.5,130,alternate,10,1,0.6652,0.0071,0.5734,0.3521,13.15,10.99,85.46
50,25,0.5,100,alternate,10,1,0.6652,0.0071,0.5735,0.352,13.15,10.99,85.44
50,25,0.5,66,alternate,10,1,0.6649,0.0071,0.5726,0.3529,13.15,10.97,85.57
20,5,0.25,30,always_short,50,2,0.7655,0.1385,0.3357,0.6643,7.71,10.97,145.94
25,10,0.4,30,alternate,20,2,0.7035,0.0624,0.4946,0.4878,11.39,10.94,99.06
30,15,0.5,100,always_long,20,1,0.6571,0.0316,0.5094,0.4906,11.73,10.94,96.2
30,15,0.5,130,always_long,20,1,0.6571,0.0316,0.5092,0.4908,11.73,10.94,96.22
30,15,0.5,66,always_long,20,1,0.6571,0.0315,0.5092,0.4908,11.73,10.94,96.22
25,10,0.4,130,always_long,30,1,0.6987,0.0621,0.4793,0.5208,11.05,10.93,102.24
50,20,0.4,30,always_long,10,2,0.6999,0.0084,0.5002,0.4581,11.53,10.93,97.95
40,15,0.375,66,alternate,20,1,0.7246,0.0181,0.4669,0.5331,10.76,10.93,104.95
30,6,0.2,66,always_long,40,1,0.8131,0.0642,0.5879,0.3824,13.56,10.93,83.35
30,6,0.2,45,always_long,40,1,0.8131,0.0642,0.5879,0.3824,13.56,10.93,83.35
40,15,0.375,100,alternate,20,1,0.7247,0.0182,0.4669,0.5331,10.76,10.93,104.95
30,15,0.5,45,always_long,20,1,0.657,0.0315,0.5089,0.4911,11.73,10.93,96.29
40,15,0.375,130,alternate,20,1,0.7247,0.0182,0.4669,0.5331,10.76,10.93,104.95
25,10,0.4,100,always_long,30,1,0.6987,0.062,0.4794,0.5206,11.05,10.93,102.22
25,10,0.4,45,always_long,30,1,0.6986,0.0619,0.4789,0.5211,11.05,10.92,102.32
30,6,0.2,130,always_long,40,1,0.8131,0.0643,0.5877,0.3825,13.56,10.92,83.37
25,10,0.4,66,always_long,30,1,0.6986,0.062,0.4789,0.5211,11.05,10.92,102.32
30,6,0.2,100,always_long,40,1,0.8131,0.0642,0.5877,0.3825,13.56,10.92,83.37
30,6,0.2,30,always_long,40,1,0.8128,0.0642,0.587,0.3836,13.56,10.91,83.48
40,15,0.375,45,alternate,20,1,0.7241,0.0181,0.4654,0.5346,10.76,10.9,105.29
25,10,0.4,30,always_long,30,1,0.6983,0.0619,0.4778,0.5222,11.05,10.89,102.56
30,15,0.5,30,always_long,20,1,0.6561,0.0315,0.5066,0.4934,11.74,10.88,96.72
25,4,0.16,100,alternate,50,2,0.8292,0.1087,0.4163,0.5837,9.7,10.82,117.72
25,4,0.16,66,alternate,50,2,0.8292,0.1087,0.4164,0.5836,9.7,10.82,117.68
25,4,0.16,130,alternate,50,2,0.8291,0.1088,0.4163,0.5837,9.7,10.81,117.72
25,4,0.16,45,alternate,50,2,0.8292,0.1086,0.4163,0.5837,9.7,10.81,117.72
25,4,0.16,30,alternate,50,2,0.8289,0.1086,0.4154,0.5846,9.7,10.79,117.97
30,6,0.2,45,always_long,30,2,0.8131,0.0642,0.4248,0.5753,9.97,10.74,115.36
30,6,0.2,66,always_long,30,2,0.8131,0.0642,0.4248,0.5753,9.97,10.74,115.36
50,25,0.5,45,alternate,10,1,0.6613,0.0071,0.5606,0.3644,13.17,10.73,87.4
30,6,0.2,100,always_long,30,2,0.8131,0.0642,0.4245,0.5755,9.97,10.73,115.43
30,6,0.2,130,always_long,30,2,0.8131,0.0643,0.4245,0.5755,9.97,10.73,115.43
30,6,0.2,30,always_long,30,2,0.8128,0.0642,0.4238,0.5763,9.97,10.71,115.63
40,15,0.375,30,alternate,20,1,0.7214,0.0181,0.4579,0.5421,10.77,10.71,107.02
20,5,0.25,66,alternate,50,2,0.7632,0.1405,0.3277,0.6723,7.72,10.7,149.5
20,5,0.25,45,alternate,50,2,0.7632,0.1404,0.3277,0.6723,7.72,10.7,149.5
20,5,0.25,100,alternate,50,2,0.7632,0.1405,0.3277,0.6723,7.72,10.7,149.5
20,5,0.25,130,alternate,50,2,0.7632,0.1406,0.3277,0.6723,7.72,10.7,149.5
20,5,0.25,30,alternate,50,2,0.763,0.1403,0.3271,0.6729,7.72,10.68,149.79
50,15,0.3,130,always_short,10,2,0.773,0.0109,0.5425,0.3444,12.82,10.66,90.32
50,15,0.3,100,always_short,10,2,0.773,0.0109,0.5424,0.3448,12.82,10.66,90.34
50,15,0.3,66,always_short,10,2,0.7729,0.0109,0.542,0.3454,12.82,10.65,90.41
25,5,0.2,100,always_short,50,1,0.8094,0.0968,0.5731,0.3966,13.58,10.64,85.5
25,5,0.2,130,always_short,50,1,0.8094,0.0968,0.5734,0.3965,13.58,10.64,85.46
25,5,0.2,66,always_short,50,1,0.8094,0.0968,0.5733,0.3966,13.58,10.64,85.48
25,5,0.2,45,always_short,50,1,0.8093,0.0967,0.5729,0.3967,13.58,10.63,85.53
25,5,0.2,30,always_short,50,1,0.8089,0.0967,0.5711,0.398,13.58,10.6,85.8
25,4,0.16,45,always_long,50,2,0.827,0.1108,0.4081,0.5919,9.71,10.59,120.06
25,4,0.16,130,always_long,50,2,0.8269,0.111,0.4076,0.5924,9.71,10.58,120.21
25,4,0.16,30,always_long,50,2,0.8269,0.1107,0.4076,0.5924,9.71,10.58,120.21
25,4,0.16,66,always_long,50,2,0.8269,0.1108,0.4078,0.5923,9.71,10.58,120.17
25,4,0.16,100,always_long,50,2,0.8269,0.1109,0.4076,0.5924,9.71,10.58,120.21
40,15,0.375,100,always_long,20,1,0.7194,0.019,0.4515,0.5485,10.78,10.55,108.53
40,15,0.375,66,always_long,20,1,0.7194,0.0189,0.4515,0.5485,10.78,10.55,108.53
40,15,0.375,130,always_long,20,1,0.7193,0.019,0.4515,0.5485,10.78,10.55,108.53
40,15,0.375,45,always_long,20,1,0.7191,0.0189,0.4509,0.5491,10.78,10.54,108.68
50,25,0.5,100,always_long,10,1,0.6579,0.0068,0.5495,0.3743,13.19,10.5,89.17
50,25,0.5,66,always_long,10,1,0.6578,0.0068,0.5493,0.3744,13.19,10.49,89.21
25,10,0.4,100,always_long,20,2,0.6987,0.062,0.4763,0.5061,11.44,10.49,102.89
50,25,0.5,130,always_long,10,1,0.6577,0.0068,0.5486,0.3748,13.19,10.48,89.31
25,10,0.4,130,always_long,20,2,0.6987,0.0621,0.4761,0.5062,11.44,10.48,102.91
25,10,0.4,66,always_long,20,2,0.6986,0.062,0.4755,0.507,11.44,10.47,103.05
25,10,0.4,45,always_long,20,2,0.6986,0.0619,0.4756,0.5068,11.44,10.47,103.02
25,10,0.4,30,always_long,20,2,0.6983,0.0619,0.4746,0.5079,11.45,10.45,103.24
50,15,0.3,45,always_short,10,2,0.7708,0.0109,0.5326,0.3535,12.84,10.45,92.0
40,15,0.375,30,always_long,20,1,0.7175,0.0188,0.4475,0.5525,10.79,10.45,109.5
20,5,0.25,66,always_long,50,2,0.7607,0.1423,0.3197,0.6803,7.73,10.43,153.24
20,5,0.25,45,always_long,50,2,0.7607,0.1422,0.3199,0.6801,7.73,10.43,153.18
20,5,0.25,100,always_long,50,2,0.7606,0.1424,0.3197,0.6803,7.73,10.43,153.24
20,5,0.25,130,always_long,50,2,0.7606,0.1425,0.3196,0.6804,7.73,10.42,153.3
25,6,0.24,66,always_short,30,2,0.7871,0.0884,0.4374,0.5626,10.59,10.41,112.03
20,5,0.25,30,always_long,50,2,0.7605,0.1422,0.3194,0.6806,7.73,10.41,153.42
25,6,0.24,100,always_short,30,2,0.7871,0.0883,0.4374,0.5626,10.59,10.41,112.03
25,6,0.24,130,always_short,30,2,0.7872,0.0884,0.4375,0.5625,10.59,10.41,112.0
25,6,0.24,45,always_short,30,2,0.787,0.0883,0.4373,0.5627,10.59,10.4,112.06
25,5,0.2,66,alternate,50,1,0.8061,0.0981,0.5587,0.4099,13.59,10.36,87.7
25,5,0.2,100,alternate,50,1,0.8061,0.0981,0.5587,0.4099,13.59,10.36,87.7
25,5,0.2,45,alternate,50,1,0.8061,0.098,0.5587,0.4099,13.59,10.36,87.7
25,5,0.2,130,alternate,50,1,0.8062,0.0982,0.559,0.4096,13.59,10.36,87.66
25,6,0.24,30,always_short,30,2,0.7865,0.0883,0.4351,0.5649,10.6,10.35,112.61
25,5,0.2,30,alternate,50,1,0.8058,0.098,0.5573,0.4113,13.59,10.33,87.93
50,25,0.5,45,always_long,10,1,0.6554,0.0068,0.5391,0.3816,13.19,10.3,90.89
20,10,0.5,100,always_short,30,1,0.6602,0.0891,0.472,0.528,11.57,10.28,103.81
20,10,0.5,130,always_short,30,1,0.6602,0.0892,0.472,0.528,11.57,10.28,103.81
20,10,0.5,66,always_short,30,1,0.6601,0.0891,0.4716,0.5284,11.57,10.27,103.9
20,10,0.5,45,always_short,30,1,0.66,0.089,0.4714,0.5286,11.57,10.26,103.95
30,8,0.267,130,always_short,20,2,0.7834,0.0537,0.5071,0.4744,12.47,10.25,96.62
50,25,0.5,30,always_short,10,1,0.6549,0.0075,0.5366,0.3831,13.19,10.25,91.31
30,8,0.267,100,always_short,20,2,0.7833,0.0537,0.507,0.4746,12.47,10.25,96.65
20,10,0.5,30,always_short,30,1,0.6597,0.089,0.4703,0.5298,11.58,10.24,104.2
30,8,0.267,66,always_short,20,2,0.7832,0.0537,0.5061,0.4755,12.47,10.23,96.81
30,8,0.267,45,always_short,20,2,0.7831,0.0537,0.506,0.4756,12.47,10.23,96.84
30,8,0.267,30,always_short,20,2,0.782,0.0536,0.5006,0.4808,12.48,10.11,97.88
25,5,0.2,45,always_long,50,1,0.8029,0.0993,0.5447,0.423,13.6,10.09,89.95
25,5,0.2,130,always_long,50,1,0.8029,0.0995,0.5447,0.423,13.6,10.09,89.95
25,5,0.2,66,always_long,50,1,0.8029,0.0994,0.5446,0.4231,13.6,10.09,89.97
25,5,0.2,100,always_long,50,1,0.8029,0.0994,0.5447,0.423,13.6,10.09,89.95
50,15,0.3,100,alternate,10,2,0.7673,0.0113,0.5151,0.369,12.88,10.08,95.12
50,15,0.3,130,alternate,10,2,0.7673,0.0113,0.515,0.3695,12.88,10.08,95.15
50,15,0.3,66,alternate,10,2,0.7673,0.0113,0.5149,0.3699,12.88,10.08,95.17
25,5,0.2,30,always_long,50,1,0.8027,0.0993,0.5437,0.4239,13.6,10.07,90.11
25,6,0.24,130,alternate,30,2,0.7834,0.0891,0.4208,0.5793,10.62,9.99,116.46
25,6,0.24,100,alternate,30,2,0.7834,0.089,0.4206,0.5794,10.61,9.99,116.49
25,6,0.24,66,alternate,30,2,0.7834,0.089,0.4206,0.5794,10.62,9.98,116.49
25,6,0.24,45,alternate,30,2,0.7834,0.089,0.4205,0.5795,10.62,9.98,116.53
50,15,0.3,45,alternate,10,2,0.766,0.0112,0.5099,0.3756,12.89,9.97,96.1
25,6,0.24,30,alternate,30,2,0.783,0.0889,0.4184,0.5816,10.62,9.93,117.12
50,25,0.5,30,alternate,10,1,0.6495,0.0071,0.5201,0.3989,13.22,9.91,94.21
20,10,0.5,130,alternate,30,1,0.655,0.0892,0.4557,0.5443,11.6,9.9,107.52
20,10,0.5,100,alternate,30,1,0.655,0.0892,0.4557,0.5443,11.6,9.9,107.52
20,10,0.5,66,alternate,30,1,0.6549,0.0891,0.4556,0.5444,11.6,9.9,107.54
20,10,0.5,45,alternate,30,1,0.6549,0.0891,0.4556,0.5444,11.6,9.9,107.54
20,10,0.5,30,alternate,30,1,0.6546,0.089,0.4551,0.5449,11.6,9.89,107.66
50,15,0.3,30,always_short,10,2,0.7646,0.0109,0.5026,0.3826,12.89,9.82,97.49
30,8,0.267,66,alternate,20,2,0.7787,0.0533,0.485,0.4958,12.49,9.79,101.03
30,8,0.267,45,alternate,20,2,0.7787,0.0533,0.485,0.4958,12.49,9.79,101.03
30,8,0.267,130,alternate,20,2,0.7788,0.0533,0.4853,0.4955,12.49,9.79,100.98
30,8,0.267,100,alternate,20,2,0.7787,0.0533,0.4853,0.4955,12.49,9.79,100.98
15,5,0.333,30,always_short,50,2,0.7044,0.206,0.3384,0.6616,8.78,9.72,144.81
15,5,0.333,45,always_short,50,2,0.7044,0.2061,0.3384,0.6616,8.78,9.72,144.81
15,5,0.333,66,always_short,50,2,0.7044,0.2062,0.3384,0.6616,8.78,9.72,144.81
15,5,0.333,130,always_short,50,2,0.7044,0.2064,0.3384,0.6616,8.78,9.72,144.81
15,5,0.333,100,always_short,50,2,0.7043,0.2062,0.3382,0.6617,8.78,9.71,144.86
40,12,0.3,130,always_short,20,1,0.7702,0.021,0.4909,0.5091,12.74,9.71,99.82
40,12,0.3,100,always_short,20,1,0.7702,0.021,0.4909,0.5091,12.74,9.71,99.82
30,8,0.267,30,alternate,20,2,0.7779,0.0532,0.4813,0.4995,12.5,9.7,101.82
40,12,0.3,66,always_short,20,1,0.77,0.021,0.4905,0.5095,12.75,9.7,99.9
40,12,0.3,45,always_short,20,1,0.7698,0.021,0.49,0.51,12.75,9.69,100.0
50,25,0.5,30,always_long,10,1,0.6441,0.0068,0.5052,0.4134,13.26,9.6,96.98
25,6,0.24,45,always_long,30,2,0.7797,0.0896,0.4045,0.5955,10.63,9.59,121.14
20,6,0.3,66,always_short,50,1,0.7427,0.1262,0.4469,0.5531,11.75,9.59,109.65
20,6,0.3,130,always_short,50,1,0.7428,0.1263,0.447,0.553,11.74,9.59,109.62
25,6,0.24,66,always_long,30,2,0.7796,0.0896,0.4045,0.5955,10.63,9.59,121.14
20,6,0.3,45,always_short,50,1,0.7427,0.1261,0.4469,0.5531,11.75,9.59,109.65
25,6,0.24,130,always_long,30,2,0.7796,0.0897,0.4045,0.5955,10.63,9.59,121.14
25,6,0.24,100,always_long,30,2,0.7796,0.0897,0.4045,0.5955,10.63,9.59,121.14
20,6,0.3,100,always_short,50,1,0.7427,0.1262,0.4469,0.5531,11.74,9.59,109.65
30,4,0.133,100,always_short,40,2,0.8613,0.075,0.4471,0.5529,11.77,9.57,109.59
25,6,0.24,30,always_long,30,2,0.7794,0.0895,0.4035,0.5965,10.63,9.57,121.44
30,4,0.133,45,always_short,40,2,0.8612,0.075,0.447,0.553,11.78,9.57,109.62
30,4,0.133,130,always_short,40,2,0.8614,0.0751,0.4472,0.5527,11.77,9.57,109.56
30,4,0.133,66,always_short,40,2,0.8613,0.075,0.4471,0.5529,11.77,9.57,109.59
15,5,0.333,66,alternate,50,2,0.7027,0.2071,0.3332,0.6667,8.79,9.56,147.04
15,6,0.4,130,always_short,40,2,0.6799,0.1882,0.3614,0.6386,9.53,9.56,135.59
15,6,0.4,45,always_short,40,2,0.6799,0.1879,0.3614,0.6386,9.53,9.56,135.59
15,5,0.333,45,alternate,50,2,0.7027,0.207,0.3332,0.6667,8.79,9.56,147.04
15,6,0.4,66,always_short,40,2,0.6799,0.188,0.3614,0.6386,9.53,9.56,135.59
15,5,0.333,100,alternate,50,2,0.7026,0.2072,0.333,0.667,8.79,9.55,147.15
15,5,0.333,30,alternate,50,2,0.7026,0.2069,0.333,0.667,8.79,9.55,147.15
15,5,0.333,130,alternate,50,2,0.7026,0.2073,0.333,0.667,8.79,9.55,147.15
15,6,0.4,30,always_short,40,2,0.6798,0.1878,0.3613,0.6388,9.53,9.55,135.64
20,6,0.3,30,always_short,50,1,0.7424,0.1261,0.445,0.555,11.75,9.55,110.11
15,6,0.4,100,always_short,40,2,0.6799,0.188,0.3613,0.6388,9.53,9.55,135.64
20,10,0.5,100,always_long,30,1,0.6498,0.0892,0.4396,0.5604,11.62,9.54,111.46
20,10,0.5,66,always_long,30,1,0.6497,0.0892,0.4395,0.5605,11.62,9.53,111.49
20,10,0.5,45,always_long,30,1,0.6498,0.0891,0.4395,0.5605,11.62,9.53,111.49
20,10,0.5,130,always_long,30,1,0.6497,0.0893,0.4394,0.5606,11.62,9.53,111.52
20,10,0.5,30,always_long,30,1,0.6495,0.0891,0.4391,0.5609,11.62,9.52,111.59
40,12,0.3,30,always_short,20,1,0.7667,0.0209,0.481,0.519,12.77,9.49,101.87
30,4,0.133,30,always_short,40,2,0.8607,0.075,0.4431,0.5569,11.78,9.48,110.58
50,15,0.3,100,always_long,10,2,0.7617,0.0116,0.4849,0.3982,12.91,9.47,101.06
50,15,0.3,66,always_long,10,2,0.7617,0.0116,0.4844,0.3986,12.91,9.46,101.16
50,15,0.3,130,always_long,10,2,0.7616,0.0116,0.4839,0.3989,12.91,9.45,101.27
50,15,0.3,30,alternate,10,2,0.7613,0.0112,0.4828,0.4004,12.91,9.42,101.5
50,15,0.3,45,always_long,10,2,0.7612,0.0116,0.4828,0.4005,12.91,9.42,101.5
40,12,0.3,66,alternate,20,1,0.7653,0.022,0.4771,0.5229,12.77,9.41,102.7
40,12,0.3,100,alternate,20,1,0.7653,0.022,0.4773,0.5228,12.77,9.41,102.67
40,12,0.3,130,alternate,20,1,0.7653,0.022,0.4773,0.5228,12.77,9.41,102.67
15,5,0.333,45,always_long,50,2,0.701,0.2079,0.3277,0.6723,8.79,9.4,149.5
40,12,0.3,45,alternate,20,1,0.7651,0.022,0.4764,0.5236,12.77,9.4,102.86
15,5,0.333,66,always_long,50,2,0.701,0.208,0.3276,0.6724,8.79,9.39,149.56
15,5,0.333,100,always_long,50,2,0.7009,0.2081,0.3276,0.6724,8.79,9.39,149.56
15,5,0.333,30,always_long,50,2,0.7009,0.2078,0.3276,0.6724,8.79,9.39,149.56
15,5,0.333,130,always_long,50,2,0.7009,0.2083,0.3276,0.6724,8.79,9.39,149.56
20,6,0.3,100,alternate,50,1,0.7388,0.1271,0.4374,0.5626,11.76,9.38,112.03
20,6,0.3,130,alternate,50,1,0.7388,0.1272,0.4374,0.5626,11.76,9.38,112.03
20,6,0.3,45,alternate,50,1,0.7388,0.127,0.4375,0.5625,11.76,9.38,112.0
20,6,0.3,66,alternate,50,1,0.7388,0.127,0.4374,0.5626,11.76,9.38,112.03
20,6,0.3,30,alternate,50,1,0.7386,0.1269,0.4364,0.5636,11.75,9.36,112.29
30,12,0.4,100,always_short,20,1,0.7152,0.0387,0.4998,0.4397,13.47,9.35,98.05
30,12,0.4,66,always_short,20,1,0.7151,0.0386,0.4998,0.4397,13.47,9.35,98.05
30,12,0.4,130,always_short,20,1,0.7153,0.0387,0.5,0.4396,13.47,9.35,98.0
30,4,0.133,66,alternate,40,2,0.8594,0.0771,0.437,0.563,11.79,9.34,112.13
40,20,0.5,130,always_short,10,2,0.6709,0.0141,0.448,0.4129,12.08,9.34,109.38
30,4,0.133,100,alternate,40,2,0.8594,0.0771,0.437,0.563,11.79,9.34,112.13
30,4,0.133,130,alternate,40,2,0.8594,0.0772,0.437,0.563,11.79,9.34,112.13
40,20,0.5,100,always_short,10,2,0.6708,0.0141,0.448,0.4129,12.09,9.34,109.38
30,4,0.133,45,alternate,40,2,0.8594,0.0771,0.437,0.563,11.79,9.34,112.13
30,12,0.4,45,always_short,20,1,0.715,0.0386,0.4993,0.4401,13.48,9.34,98.15
40,20,0.5,66,always_short,10,2,0.6708,0.0141,0.4476,0.4135,12.09,9.33,109.47
30,8,0.267,45,always_long,20,2,0.7743,0.0529,0.4635,0.5176,12.53,9.32,105.72
30,8,0.267,66,always_long,20,2,0.7743,0.0529,0.4634,0.518,12.53,9.32,105.75
15,6,0.4,45,alternate,40,2,0.6769,0.1874,0.3531,0.6469,9.55,9.32,138.76
15,6,0.4,66,alternate,40,2,0.6769,0.1875,0.3529,0.6471,9.55,9.31,138.86
15,6,0.4,100,alternate,40,2,0.6769,0.1876,0.3528,0.6472,9.55,9.31,138.91
30,8,0.267,130,always_long,20,2,0.7742,0.053,0.4631,0.5182,12.53,9.31,105.8
30,8,0.267,100,always_long,20,2,0.7742,0.0529,0.4631,0.5182,12.53,9.31,105.8
30,4,0.133,30,alternate,40,2,0.859,0.0771,0.4358,0.5643,11.79,9.31,112.45
15,6,0.4,30,alternate,40,2,0.6768,0.1873,0.3526,0.6474,9.55,9.3,138.96
15,6,0.4,130,alternate,40,2,0.6768,0.1877,0.3526,0.6474,9.55,9.3,138.96
30,8,0.267,30,always_long,20,2,0.7738,0.0528,0.4617,0.5199,12.54,9.28,106.12
40,12,0.3,30,alternate,20,1,0.7631,0.0219,0.4694,0.5306,12.78,9.25,104.39
30,12,0.4,30,always_short,20,1,0.7135,0.0386,0.4939,0.4447,13.48,9.23,99.22
40,20,0.5,45,always_short,10,2,0.6692,0.0141,0.4419,0.4194,12.1,9.21,110.89
20,8,0.4,130,always_short,40,1,0.7,0.1075,0.3955,0.6045,10.85,9.19,123.89
20,8,0.4,66,always_short,40,1,0.6998,0.1074,0.3951,0.6049,10.85,9.18,124.01
20,8,0.4,100,always_short,40,1,0.6999,0.1074,0.3952,0.6048,10.85,9.18,123.97
20,8,0.4,45,always_short,40,1,0.6998,0.1073,0.3949,0.6051,10.85,9.17,124.09
20,6,0.3,66,always_long,50,1,0.735,0.1279,0.4278,0.5723,11.77,9.16,114.55
20,6,0.3,100,always_long,50,1,0.7349,0.128,0.4278,0.5723,11.77,9.16,114.55
20,6,0.3,45,always_long,50,1,0.735,0.1278,0.4279,0.5721,11.77,9.16,114.52
30,4,0.133,45,always_long,40,2,0.8575,0.0792,0.4286,0.5714,11.8,9.15,114.32
30,4,0.133,66,always_long,40,2,0.8575,0.0792,0.4284,0.5716,11.8,9.15,114.39
20,6,0.3,30,always_long,50,1,0.7348,0.1278,0.4273,0.5727,11.77,9.15,114.69
20,6,0.3,130,always_long,50,1,0.7349,0.1281,0.4275,0.5725,11.77,9.15,114.62
20,8,0.4,30,always_short,40,1,0.6994,0.1073,0.3941,0.6059,10.85,9.15,124.33
30,4,0.133,100,always_long,40,2,0.8575,0.0793,0.4284,0.5716,11.8,9.14,114.39
30,4,0.133,30,always_long,40,2,0.8574,0.0792,0.428,0.572,11.81,9.14,114.49
30,4,0.133,130,always_long,40,2,0.8575,0.0793,0.4284,0.5716,11.8,9.14,114.39
40,12,0.3,100,always_long,20,1,0.7604,0.023,0.4614,0.5386,12.79,9.09,106.2
40,12,0.3,130,always_long,20,1,0.7604,0.023,0.4612,0.5387,12.79,9.09,106.23
40,12,0.3,66,always_long,20,1,0.7605,0.023,0.4615,0.5385,12.79,9.09,106.18
40,12,0.3,45,always_long,20,1,0.7604,0.0229,0.4611,0.5389,12.79,9.08,106.26
50,15,0.3,30,always_long,10,2,0.7579,0.0116,0.466,0.4154,12.93,9.08,105.15
50,6,0.12,130,always_short,20,2,0.8892,0.0193,0.4891,0.4778,13.65,9.03,100.18
50,6,0.12,66,always_short,20,2,0.8892,0.0193,0.489,0.4779,13.65,9.03,100.2
15,6,0.4,100,always_long,40,2,0.6739,0.1871,0.3422,0.6577,9.57,9.02,143.17
50,6,0.12,100,always_short,20,2,0.8892,0.0193,0.4886,0.4783,13.65,9.02,100.28
15,6,0.4,45,always_long,40,2,0.674,0.187,0.3424,0.6576,9.56,9.02,143.12
15,6,0.4,66,always_long,40,2,0.6739,0.1871,0.3422,0.6577,9.57,9.02,143.17
15,6,0.4,30,always_long,40,2,0.6738,0.1869,0.342,0.658,9.57,9.01,143.27
40,12,0.3,30,always_long,20,1,0.7594,0.0229,0.4572,0.5427,12.79,9.01,107.16
15,6,0.4,130,always_long,40,2,0.6738,0.1873,0.3419,0.6581,9.57,9.0,143.33
25,6,0.24,130,always_short,40,1,0.7872,0.0884,0.4881,0.4764,13.67,9.0,100.38
25,6,0.24,100,always_short,40,1,0.7871,0.0883,0.488,0.4766,13.67,8.99,100.41
50,6,0.12,45,always_short,20,2,0.8889,0.0193,0.487,0.48,13.65,8.99,100.62
25,6,0.24,66,always_short,40,1,0.7871,0.0884,0.4879,0.4768,13.67,8.99,100.44
25,6,0.24,45,always_short,40,1,0.787,0.0883,0.4875,0.4773,13.67,8.98,100.51
25,6,0.24,30,always_short,40,1,0.7865,0.0883,0.4865,0.4781,13.68,8.96,100.72
30,12,0.4,100,alternate,20,1,0.7093,0.0388,0.4794,0.4577,13.5,8.95,102.22
30,12,0.4,130,alternate,20,1,0.7093,0.0388,0.4794,0.4577,13.5,8.95,102.22
30,12,0.4,66,alternate,20,1,0.7092,0.0387,0.4794,0.4579,13.5,8.95,102.22
30,12,0.4,45,alternate,20,1,0.7091,0.0387,0.479,0.4584,13.5,8.94,102.3
20,8,0.4,45,alternate,40,1,0.6954,0.1065,0.3846,0.6154,10.87,8.92,127.4
20,8,0.4,130,alternate,40,1,0.6954,0.1067,0.3846,0.6154,10.87,8.92,127.4
20,8,0.4,100,alternate,40,1,0.6954,0.1066,0.3846,0.6154,10.87,8.92,127.4
20,8,0.4,66,alternate,40,1,0.6954,0.1065,0.3846,0.6154,10.87,8.92,127.4
20,8,0.4,30,alternate,40,1,0.6951,0.1064,0.3837,0.6162,10.87,8.9,127.69
25,5,0.2,66,always_short,40,2,0.8094,0.0968,0.3469,0.6531,9.84,8.88,141.26
25,5,0.2,130,always_short,40,2,0.8094,0.0968,0.347,0.653,9.84,8.88,141.21
25,5,0.2,100,always_short,40,2,0.8094,0.0968,0.3469,0.6531,9.84,8.88,141.26
25,5,0.2,45,always_short,40,2,0.8093,0.0967,0.3464,0.6536,9.84,8.87,141.47
30,12,0.4,30,alternate,20,1,0.7081,0.0387,0.4744,0.461,13.5,8.85,103.29
40,20,0.5,66,alternate,10,2,0.6653,0.0139,0.4258,0.4346,12.14,8.84,115.09
40,20,0.5,130,alternate,10,2,0.6653,0.0139,0.4258,0.4346,12.14,8.84,115.09
40,20,0.5,100,alternate,10,2,0.6653,0.0139,0.4258,0.4346,12.14,8.84,115.09
25,5,0.2,30,always_short,40,2,0.8089,0.0967,0.3446,0.6554,9.84,8.82,142.18
40,20,0.5,45,alternate,10,2,0.6642,0.0139,0.422,0.4397,12.14,8.76,116.11
25,6,0.24,100,alternate,40,1,0.7834,0.089,0.4749,0.4894,13.7,8.74,103.19
25,6,0.24,66,alternate,40,1,0.7834,0.089,0.4749,0.4894,13.7,8.74,103.19
25,6,0.24,45,alternate,40,1,0.7834,0.089,0.4749,0.4894,13.7,8.74,103.19
30,8,0.267,130,always_short,30,1,0.7834,0.0537,0.4749,0.4894,13.7,8.74,103.19
25,6,0.24,130,alternate,40,1,0.7834,0.0891,0.475,0.4893,13.7,8.74,103.16
30,8,0.267,100,always_short,30,1,0.7833,0.0537,0.4749,0.4894,13.7,8.74,103.19
30,8,0.267,45,always_short,30,1,0.7831,0.0537,0.4746,0.4898,13.7,8.73,103.24
30,8,0.267,66,always_short,30,1,0.7832,0.0537,0.4748,0.4895,13.7,8.73,103.21
25,6,0.24,30,alternate,40,1,0.783,0.0889,0.4739,0.4903,13.7,8.72,103.4
40,20,0.5,30,always_short,10,2,0.6638,0.0141,0.4194,0.4417,12.14,8.71,116.84
50,6,0.12,30,always_short,20,2,0.8863,0.0193,0.472,0.4946,13.67,8.7,103.81
50,6,0.12,130,alternate,20,2,0.886,0.0205,0.4699,0.4966,13.67,8.66,104.28
50,6,0.12,100,alternate,20,2,0.886,0.0205,0.4698,0.4968,13.67,8.66,104.31
50,6,0.12,66,alternate,20,2,0.886,0.0205,0.4699,0.4966,13.67,8.66,104.28
30,8,0.267,30,always_short,30,1,0.782,0.0536,0.4704,0.4933,13.7,8.65,104.17
50,6,0.12,45,alternate,20,2,0.8859,0.0204,0.4691,0.4974,13.68,8.64,104.45
20,8,0.4,45,always_long,40,1,0.691,0.1056,0.372,0.628,10.88,8.62,131.72
20,8,0.4,66,always_long,40,1,0.6909,0.1057,0.372,0.628,10.88,8.61,131.72
20,8,0.4,100,always_long,40,1,0.6909,0.1058,0.3716,0.6284,10.88,8.61,131.85
20,8,0.4,130,always_long,40,1,0.6908,0.1058,0.3716,0.6284,10.88,8.6,131.85
20,8,0.4,30,always_long,40,1,0.6907,0.1056,0.3716,0.6284,10.88,8.6,131.85
20,6,0.3,66,always_short,30,2,0.7427,0.1262,0.3927,0.6072,11.53,8.59,124.76
30,12,0.4,100,always_long,20,1,0.7034,0.0388,0.4609,0.4751,13.53,8.59,106.32
20,6,0.3,130,always_short,30,2,0.7428,0.1263,0.3931,0.6069,11.53,8.59,124.64
20,6,0.3,100,always_short,30,2,0.7427,0.1262,0.393,0.607,11.53,8.59,124.68
30,12,0.4,130,always_long,20,1,0.7034,0.0389,0.4606,0.4754,13.53,8.58,106.38
30,12,0.4,45,always_long,20,1,0.7033,0.0388,0.4606,0.4755,13.53,8.58,106.38
30,12,0.4,66,always_long,20,1,0.7034,0.0388,0.4606,0.4754,13.53,8.58,106.38
20,6,0.3,45,always_short,30,2,0.7427,0.1261,0.3926,0.6074,11.53,8.58,124.8
20,6,0.3,30,always_short,30,2,0.7424,0.1261,0.3914,0.6086,11.53,8.55,125.2
30,12,0.4,30,always_long,20,1,0.7026,0.0387,0.4589,0.4769,13.53,8.55,106.78
25,5,0.2,100,alternate,40,2,0.8061,0.0981,0.3329,0.6671,9.86,8.51,147.2
25,5,0.2,45,alternate,40,2,0.8061,0.098,0.3329,0.6671,9.86,8.51,147.2
25,5,0.2,130,alternate,40,2,0.8062,0.0982,0.333,0.667,9.86,8.51,147.15
25,5,0.2,66,alternate,40,2,0.8061,0.0981,0.3329,0.6671,9.86,8.51,147.2
25,6,0.24,66,always_long,40,1,0.7796,0.0896,0.4616,0.5019,13.71,8.49,106.15
25,6,0.24,45,always_long,40,1,0.7797,0.0896,0.4617,0.5019,13.71,8.49,106.12
25,5,0.2,30,alternate,40,2,0.8058,0.098,0.3319,0.6681,9.86,8.48,147.65
25,6,0.24,100,always_long,40,1,0.7796,0.0897,0.4615,0.502,13.71,8.48,106.18
25,6,0.24,130,always_long,40,1,0.7796,0.0897,0.4615,0.502,13.71,8.48,106.18
25,6,0.24,30,always_long,40,1,0.7794,0.0895,0.461,0.5026,13.71,8.47,106.29
50,6,0.12,30,alternate,20,2,0.8843,0.0204,0.4582,0.5078,13.69,8.43,106.93
30,8,0.267,66,alternate,30,1,0.7787,0.0533,0.458,0.5051,13.71,8.42,106.99
30,8,0.267,130,alternate,30,1,0.7788,0.0533,0.4581,0.505,13.71,8.42,106.96
30,8,0.267,100,alternate,30,1,0.7787,0.0533,0.458,0.5051,13.71,8.42,106.99
30,8,0.267,45,alternate,30,1,0.7787,0.0533,0.4579,0.5052,13.71,8.41,107.02
30,8,0.267,30,alternate,30,1,0.7779,0.0532,0.4546,0.5084,13.71,8.35,107.78
40,20,0.5,100,always_long,10,2,0.6597,0.0137,0.4016,0.4574,12.17,8.32,122.0
40,20,0.5,66,always_long,10,2,0.6598,0.0137,0.4017,0.457,12.17,8.32,121.97
40,20,0.5,130,always_long,10,2,0.6597,0.0137,0.4015,0.4576,12.17,8.31,122.04
40,20,0.5,30,alternate,10,2,0.6595,0.0137,0.4002,0.4587,12.17,8.29,122.42
50,6,0.12,66,always_long,20,2,0.8828,0.0216,0.4506,0.5146,13.7,8.29,108.74
50,6,0.12,45,always_long,20,2,0.8828,0.0216,0.4506,0.5146,13.7,8.29,108.74
50,6,0.12,100,always_long,20,2,0.8828,0.0216,0.4504,0.5149,13.7,8.28,108.8
50,6,0.12,130,always_long,20,2,0.8827,0.0216,0.4502,0.5152,13.7,8.28,108.83
40,20,0.5,45,always_long,10,2,0.6593,0.0137,0.3995,0.4599,12.18,8.27,122.65
20,10,0.5,130,always_short,20,2,0.6602,0.0892,0.3944,0.4983,12.11,8.21,124.25
20,10,0.5,100,always_short,20,2,0.6602,0.0891,0.3944,0.4984,12.11,8.21,124.25
50,6,0.12,30,always_long,20,2,0.8822,0.0215,0.4462,0.519,13.71,8.2,109.8
20,10,0.5,66,always_short,20,2,0.6601,0.0891,0.3934,0.499,12.11,8.19,124.56
20,6,0.3,100,alternate,30,2,0.7388,0.1271,0.3746,0.6254,11.55,8.18,130.8
20,6,0.3,45,alternate,30,2,0.7388,0.127,0.3748,0.6252,11.55,8.18,130.75
20,6,0.3,66,alternate,30,2,0.7388,0.127,0.3746,0.6254,11.55,8.18,130.8
20,10,0.5,45,always_short,20,2,0.66,0.089,0.3932,0.499,12.11,8.18,124.6
20,6,0.3,130,alternate,30,2,0.7388,0.1272,0.3746,0.6254,11.55,8.18,130.8
20,6,0.3,30,alternate,30,2,0.7386,0.1269,0.3733,0.6268,11.54,8.15,131.28
25,5,0.2,130,always_long,40,2,0.8029,0.0995,0.3192,0.6807,9.87,8.15,153.48
25,5,0.2,100,always_long,40,2,0.8029,0.0994,0.3192,0.6807,9.87,8.15,153.48
25,5,0.2,45,always_long,40,2,0.8029,0.0993,0.3192,0.6807,9.87,8.15,153.48
25,5,0.2,66,always_long,40,2,0.8029,0.0994,0.3192,0.6807,9.87,8.15,153.48
30,8,0.267,66,always_long,30,1,0.7743,0.0529,0.4436,0.5194,13.73,8.14,110.45
30,8,0.267,100,always_long,30,1,0.7742,0.0529,0.4435,0.5195,13.73,8.14,110.48
30,8,0.267,130,always_long,30,1,0.7742,0.053,0.4435,0.5195,13.73,8.14,110.48
30,8,0.267,45,always_long,30,1,0.7743,0.0529,0.4437,0.5194,13.73,8.14,110.42
30,3,0.1,130,always_short,50,2,0.8816,0.0824,0.4421,0.5228,13.71,8.13,110.83
25,5,0.2,30,always_long,40,2,0.8027,0.0993,0.3185,0.6815,9.87,8.13,153.85
30,3,0.1,100,always_short,50,2,0.8816,0.0823,0.4421,0.5228,13.71,8.13,110.83
20,10,0.5,30,always_short,20,2,0.6597,0.089,0.391,0.5011,12.12,8.13,125.32
30,8,0.267,30,always_long,30,1,0.7738,0.0528,0.4422,0.5208,13.73,8.12,110.8
30,3,0.1,66,always_short,50,2,0.8816,0.0824,0.4417,0.5231,13.71,8.12,110.92
30,3,0.1,45,always_short,50,2,0.8815,0.0823,0.4414,0.5235,13.71,8.11,111.02
30,3,0.1,30,always_short,50,2,0.8813,0.0823,0.4404,0.5248,13.71,8.09,111.27
40,20,0.5,30,always_long,10,2,0.6551,0.0134,0.3846,0.4755,12.2,7.95,127.4
30,3,0.1,130,alternate,50,2,0.8796,0.0848,0.43,0.5339,13.72,7.9,113.95
30,3,0.1,66,alternate,50,2,0.8795,0.0847,0.4299,0.534,13.73,7.89,113.99
30,3,0.1,100,alternate,50,2,0.8795,0.0847,0.4299,0.534,13.73,7.89,113.99
30,3,0.1,45,alternate,50,2,0.8795,0.0847,0.4299,0.534,13.73,7.89,113.99
25,8,0.32,130,always_short,20,2,0.7468,0.0752,0.4064,0.4856,12.98,7.89,120.58
25,8,0.32,100,always_short,20,2,0.7468,0.0751,0.4062,0.4858,12.98,7.88,120.62
25,8,0.32,66,always_short,20,2,0.7467,0.0751,0.4057,0.4859,12.98,7.88,120.76
25,8,0.32,45,always_short,20,2,0.7466,0.0751,0.4056,0.486,12.98,7.87,120.8
30,3,0.1,30,alternate,50,2,0.8793,0.0847,0.4283,0.5359,13.73,7.86,114.42
20,6,0.3,45,always_long,30,2,0.735,0.1278,0.359,0.641,11.56,7.83,136.49
25,8,0.32,30,always_short,20,2,0.7459,0.075,0.403,0.4888,12.99,7.82,121.59
20,6,0.3,66,always_long,30,2,0.735,0.1279,0.3589,0.6411,11.56,7.82,136.54
20,6,0.3,130,always_long,30,2,0.7349,0.1281,0.3585,0.6415,11.56,7.82,136.68
20,6,0.3,100,always_long,30,2,0.7349,0.128,0.3586,0.6414,11.56,7.82,136.63
20,6,0.3,30,always_long,30,2,0.7348,0.1278,0.3585,0.6415,11.56,7.81,136.68
20,10,0.5,130,alternate,20,2,0.655,0.0892,0.3738,0.5206,12.14,7.76,131.1
20,10,0.5,100,alternate,20,2,0.655,0.0892,0.3739,0.5205,12.14,7.76,131.06
20,10,0.5,45,alternate,20,2,0.6549,0.0891,0.3736,0.5208,12.14,7.75,131.15
20,10,0.5,66,alternate,20,2,0.6549,0.0891,0.3736,0.5208,12.14,7.75,131.15
20,10,0.5,30,alternate,20,2,0.6546,0.089,0.3729,0.5221,12.15,7.74,131.41
20,5,0.25,66,always_short,40,2,0.7658,0.1386,0.3252,0.6747,10.62,7.72,150.65
20,5,0.25,130,always_short,40,2,0.7658,0.1388,0.3256,0.6744,10.62,7.72,150.48
20,5,0.25,100,always_short,40,2,0.7658,0.1387,0.3252,0.6747,10.62,7.72,150.65
20,5,0.25,45,always_short,40,2,0.7657,0.1386,0.3251,0.6749,10.62,7.71,150.71
25,12,0.48,100,always_short,20,1,0.6747,0.0534,0.419,0.387,13.75,7.68,116.95
20,5,0.25,30,always_short,40,2,0.7655,0.1385,0.3239,0.6761,10.62,7.68,151.29
25,12,0.48,130,always_short,20,1,0.6747,0.0535,0.4191,0.387,13.75,7.68,116.91
25,12,0.48,45,always_short,20,1,0.6746,0.0534,0.4189,0.3879,13.75,7.68,116.98
25,12,0.48,66,always_short,20,1,0.6746,0.0534,0.4189,0.3877,13.75,7.68,116.98
30,3,0.1,66,always_long,50,2,0.8775,0.0871,0.417,0.547,13.74,7.65,117.51
30,3,0.1,45,always_long,50,2,0.8775,0.0871,0.417,0.547,13.74,7.65,117.51
30,3,0.1,130,always_long,50,2,0.8775,0.0872,0.4169,0.547,13.75,7.64,117.54
30,3,0.1,30,always_long,50,2,0.8774,0.087,0.4168,0.5473,13.75,7.64,117.58
30,3,0.1,100,always_long,50,2,0.8775,0.0871,0.4169,0.5471,13.75,7.64,117.54
25,12,0.48,30,always_short,20,1,0.6738,0.0533,0.4165,0.3901,13.76,7.63,117.65
20,5,0.25,66,always_short,50,1,0.7658,0.1386,0.4164,0.546,13.77,7.62,117.68
20,5,0.25,100,always_short,50,1,0.7658,0.1387,0.4164,0.546,13.77,7.62,117.68
20,5,0.25,130,always_short,50,1,0.7658,0.1388,0.4164,0.5459,13.77,7.62,117.68
20,5,0.25,30,always_short,50,1,0.7655,0.1385,0.4158,0.5465,13.77,7.61,117.86
20,5,0.25,45,always_short,50,1,0.7657,0.1386,0.416,0.5464,13.77,7.61,117.79
25,8,0.32,100,alternate,20,2,0.7426,0.0745,0.3872,0.5041,13.02,7.5,126.53
25,8,0.32,66,alternate,20,2,0.7426,0.0745,0.3872,0.5041,13.02,7.5,126.53
25,8,0.32,130,alternate,20,2,0.7426,0.0746,0.3872,0.5041,13.02,7.5,126.53
25,8,0.32,45,alternate,20,2,0.7426,0.0744,0.3871,0.5042,13.02,7.49,126.57
20,5,0.25,100,alternate,50,1,0.7632,0.1405,0.4085,0.5537,13.78,7.47,119.95
20,5,0.25,45,alternate,50,1,0.7632,0.1404,0.4086,0.5537,13.78,7.47,119.91
20,5,0.25,130,alternate,50,1,0.7632,0.1406,0.4086,0.5537,13.78,7.47,119.91
20,5,0.25,66,alternate,50,1,0.7632,0.1405,0.4086,0.5537,13.78,7.47,119.91
30,5,0.167,130,always_short,30,2,0.8408,0.0687,0.3529,0.6471,11.92,7.46,138.86
20,5,0.25,130,alternate,40,2,0.7632,0.1406,0.3146,0.6854,10.63,7.46,155.74
20,5,0.25,45,alternate,40,2,0.7632,0.1404,0.3146,0.6854,10.63,7.46,155.74
20,5,0.25,30,alternate,50,1,0.763,0.1403,0.4078,0.5544,13.78,7.46,120.17
20,5,0.25,100,alternate,40,2,0.7632,0.1405,0.3146,0.6854,10.63,7.46,155.74
20,5,0.25,66,alternate,40,2,0.7632,0.1405,0.3146,0.6854,10.63,7.46,155.74
25,8,0.32,30,alternate,20,2,0.7421,0.0744,0.3851,0.5075,13.02,7.45,127.23
30,5,0.167,100,always_short,30,2,0.8408,0.0686,0.3525,0.6475,11.92,7.45,139.01
30,5,0.167,66,always_short,30,2,0.8408,0.0687,0.3523,0.6478,11.92,7.45,139.11
30,5,0.167,45,always_short,30,2,0.8407,0.0686,0.3519,0.6481,11.92,7.44,139.25
20,5,0.25,30,alternate,40,2,0.763,0.1403,0.3137,0.6863,10.63,7.44,156.18
30,5,0.167,30,always_short,30,2,0.8398,0.0686,0.3481,0.6519,11.93,7.35,140.75
25,12,0.48,100,alternate,20,1,0.6688,0.053,0.4016,0.4037,13.78,7.34,122.0
25,12,0.48,130,alternate,20,1,0.6688,0.053,0.4014,0.4037,13.78,7.34,122.08
25,12,0.48,66,alternate,20,1,0.6687,0.053,0.4011,0.4039,13.78,7.34,122.16
25,8,0.32,45,always_short,30,1,0.7466,0.0751,0.4052,0.5335,13.94,7.33,120.91
25,12,0.48,45,alternate,20,1,0.6687,0.0529,0.4009,0.4041,13.78,7.33,122.23
25,8,0.32,100,always_short,30,1,0.7468,0.0751,0.4054,0.5327,13.94,7.33,120.88
25,8,0.32,66,always_short,30,1,0.7467,0.0751,0.4052,0.5331,13.94,7.33,120.91
25,8,0.32,130,always_short,30,1,0.7468,0.0752,0.4055,0.5326,13.94,7.33,120.84
25,5,0.2,66,always_short,30,2,0.8094,0.0968,0.367,0.633,12.64,7.32,133.51
25,5,0.2,100,always_short,30,2,0.8094,0.0968,0.367,0.633,12.64,7.32,133.51
25,5,0.2,130,always_short,30,2,0.8094,0.0968,0.3674,0.6326,12.64,7.32,133.38
25,5,0.2,45,always_short,30,2,0.8093,0.0967,0.3668,0.6332,12.64,7.31,133.61
25,12,0.48,30,alternate,20,1,0.6681,0.0529,0.399,0.4052,13.78,7.3,122.81
20,10,0.5,45,always_long,20,2,0.6498,0.0891,0.3523,0.5443,12.16,7.3,139.11
20,10,0.5,100,always_long,20,2,0.6498,0.0892,0.3524,0.5441,12.16,7.3,139.06
20,5,0.25,100,always_long,50,1,0.7606,0.1424,0.3985,0.5625,13.78,7.29,122.96
20,5,0.25,45,always_long,50,1,0.7607,0.1422,0.3987,0.5623,13.78,7.29,122.88
20,10,0.5,130,always_long,20,2,0.6497,0.0893,0.3519,0.5451,12.16,7.29,139.25
20,5,0.25,30,always_long,50,1,0.7605,0.1422,0.3985,0.5626,13.78,7.29,122.96
20,5,0.25,130,always_long,50,1,0.7606,0.1425,0.3985,0.5625,13.78,7.29,122.96
20,5,0.25,66,always_long,50,1,0.7607,0.1423,0.3986,0.5624,13.78,7.29,122.92
20,10,0.5,66,always_long,20,2,0.6497,0.0892,0.352,0.545,12.16,7.29,139.2
25,8,0.32,30,always_short,30,1,0.7459,0.075,0.402,0.5357,13.94,7.27,121.89
20,10,0.5,30,always_long,20,2,0.6495,0.0891,0.3511,0.5464,12.17,7.27,139.55
25,5,0.2,30,always_short,30,2,0.8089,0.0967,0.3641,0.6359,12.65,7.25,134.57
20,5,0.25,100,always_long,40,2,0.7606,0.1424,0.3041,0.6959,10.64,7.21,161.12
20,5,0.25,45,always_long,40,2,0.7607,0.1422,0.3043,0.6957,10.63,7.21,161.05
20,5,0.25,66,always_long,40,2,0.7607,0.1423,0.3041,0.6959,10.63,7.21,161.12
20,5,0.25,30,always_long,40,2,0.7605,0.1422,0.3039,0.6961,10.64,7.2,161.25
20,5,0.25,130,always_long,40,2,0.7606,0.1425,0.3039,0.6961,10.63,7.2,161.25
30,5,0.167,130,alternate,30,2,0.838,0.0698,0.3407,0.6593,11.94,7.19,143.8
30,5,0.167,66,alternate,30,2,0.8379,0.0697,0.3404,0.6596,11.94,7.18,143.96
30,5,0.167,100,alternate,30,2,0.8379,0.0697,0.3404,0.6596,11.94,7.18,143.96
30,5,0.167,45,alternate,30,2,0.8379,0.0697,0.3402,0.6597,11.94,7.18,144.01
40,6,0.15,100,always_short,20,2,0.8615,0.0329,0.3975,0.5126,14.01,7.15,123.27
40,6,0.15,130,always_short,20,2,0.8616,0.0329,0.3977,0.5122,14.01,7.15,123.19
40,6,0.15,66,always_short,20,2,0.8615,0.0329,0.397,0.513,14.01,7.14,123.43
40,6,0.15,45,always_short,20,2,0.8615,0.0329,0.3971,0.513,14.01,7.14,123.39
30,5,0.167,30,alternate,30,2,0.8373,0.0697,0.3371,0.6629,11.95,7.11,145.35
25,8,0.32,130,always_long,20,2,0.7384,0.074,0.3674,0.527,13.04,7.1,133.38
25,8,0.32,100,always_long,20,2,0.7384,0.0739,0.3674,0.5269,13.04,7.1,133.38
25,8,0.32,45,always_long,20,2,0.7385,0.0738,0.3676,0.5266,13.04,7.1,133.29
25,8,0.32,66,always_long,20,2,0.7384,0.0739,0.3675,0.5266,13.04,7.1,133.33
25,8,0.32,66,alternate,30,1,0.7426,0.0745,0.3925,0.5459,13.95,7.09,124.84
25,8,0.32,45,alternate,30,1,0.7426,0.0744,0.3924,0.5459,13.95,7.09,124.88
25,8,0.32,100,alternate,30,1,0.7426,0.0745,0.3925,0.5459,13.95,7.09,124.84
25,8,0.32,130,alternate,30,1,0.7426,0.0746,0.3926,0.5457,13.95,7.09,124.8
25,8,0.32,30,always_long,20,2,0.7382,0.0738,0.367,0.5278,13.05,7.09,133.51
25,8,0.32,30,alternate,30,1,0.7421,0.0744,0.3907,0.5479,13.96,7.05,125.4
40,15,0.375,100,always_short,10,2,0.73,0.0174,0.3691,0.3351,13.23,7.03,132.75
40,15,0.375,130,always_short,10,2,0.73,0.0174,0.3691,0.3351,13.23,7.03,132.75
15,6,0.4,66,always_short,50,1,0.6799,0.188,0.338,0.662,12.13,7.02,144.97
15,6,0.4,100,always_short,50,1,0.6799,0.188,0.338,0.662,12.13,7.02,144.97
15,6,0.4,45,always_short,50,1,0.6799,0.1879,0.338,0.662,12.13,7.02,144.97
40,15,0.375,66,always_short,10,2,0.7299,0.0173,0.3685,0.3361,13.23,7.02,132.97
15,6,0.4,130,always_short,50,1,0.6799,0.1882,0.338,0.662,12.13,7.02,144.97
15,6,0.4,30,always_short,50,1,0.6798,0.1878,0.3379,0.6621,12.13,7.02,145.02
25,5,0.2,130,alternate,30,2,0.8062,0.0982,0.3514,0.6486,12.67,6.99,139.45
25,12,0.48,130,always_long,20,1,0.6628,0.0526,0.3825,0.419,13.8,6.99,128.1
25,12,0.48,100,always_long,20,1,0.6629,0.0526,0.3829,0.4189,13.8,6.99,127.98
25,5,0.2,100,alternate,30,2,0.8061,0.0981,0.3511,0.6489,12.67,6.98,139.55
25,5,0.2,45,alternate,30,2,0.8061,0.098,0.3509,0.6491,12.67,6.98,139.65
25,5,0.2,66,alternate,30,2,0.8061,0.0981,0.3511,0.6489,12.67,6.98,139.55
25,12,0.48,45,always_long,20,1,0.6627,0.0525,0.3822,0.4194,13.8,6.98,128.19
25,12,0.48,66,always_long,20,1,0.6628,0.0525,0.3824,0.4193,13.8,6.98,128.15
25,12,0.48,30,always_long,20,1,0.6625,0.0525,0.3815,0.4199,13.8,6.97,128.44
25,5,0.2,30,alternate,30,2,0.8058,0.098,0.3494,0.6506,12.67,6.95,140.25
40,15,0.375,45,always_short,10,2,0.7291,0.0173,0.3649,0.339,13.24,6.94,134.29
40,6,0.15,30,always_short,20,2,0.8597,0.0329,0.3865,0.5238,14.03,6.94,126.78
30,5,0.167,45,always_long,30,2,0.8351,0.0708,0.3267,0.6733,11.97,6.88,149.96
30,5,0.167,66,always_long,30,2,0.8351,0.0708,0.3267,0.6733,11.97,6.88,149.96
30,5,0.167,100,always_long,30,2,0.8351,0.0708,0.3267,0.6733,11.97,6.88,149.96
30,5,0.167,130,always_long,30,2,0.8351,0.0709,0.3267,0.6733,11.97,6.88,149.96
15,6,0.4,66,alternate,50,1,0.6769,0.1875,0.3307,0.6693,12.14,6.87,148.15
15,6,0.4,45,alternate,50,1,0.6769,0.1874,0.3309,0.6691,12.14,6.87,148.09
15,6,0.4,30,alternate,50,1,0.6768,0.1873,0.3306,0.6694,12.14,6.86,148.2
15,6,0.4,100,alternate,50,1,0.6769,0.1876,0.3307,0.6693,12.14,6.86,148.15
30,5,0.167,30,always_long,30,2,0.8348,0.0708,0.3259,0.6741,11.97,6.86,150.36
15,6,0.4,130,alternate,50,1,0.6768,0.1877,0.3306,0.6694,12.14,6.86,148.2
25,8,0.32,45,always_long,30,1,0.7385,0.0738,0.3795,0.56,13.97,6.85,129.12
25,8,0.32,66,always_long,30,1,0.7384,0.0739,0.3795,0.5601,13.97,6.85,129.12
25,8,0.32,100,always_long,30,1,0.7384,0.0739,0.3794,0.5603,13.97,6.84,129.16
25,8,0.32,130,always_long,30,1,0.7384,0.074,0.3791,0.5604,13.97,6.84,129.24
25,8,0.32,30,always_long,30,1,0.7382,0.0738,0.3787,0.5607,13.97,6.83,129.37
40,6,0.15,45,alternate,20,2,0.8587,0.0342,0.38,0.5295,14.04,6.82,128.95
40,6,0.15,100,alternate,20,2,0.8587,0.0343,0.38,0.5295,14.04,6.82,128.95
40,6,0.15,66,alternate,20,2,0.8587,0.0343,0.38,0.5295,14.04,6.82,128.95
40,6,0.15,130,alternate,20,2,0.8587,0.0343,0.38,0.5295,14.04,6.82,128.95
40,6,0.15,30,alternate,20,2,0.8576,0.0342,0.375,0.535,14.04,6.73,130.67
20,4,0.2,130,always_short,50,2,0.7892,0.1533,0.2645,0.7355,9.92,6.72,185.26
20,4,0.2,100,always_short,50,2,0.7892,0.1532,0.2644,0.7356,9.92,6.72,185.34
20,4,0.2,66,always_short,50,2,0.7892,0.1532,0.2645,0.7355,9.92,6.72,185.26
20,4,0.2,45,always_short,50,2,0.7892,0.1531,0.2642,0.7358,9.92,6.71,185.43
15,6,0.4,45,always_long,50,1,0.674,0.187,0.3229,0.6771,12.15,6.7,151.76
20,4,0.2,30,always_short,50,2,0.789,0.153,0.2632,0.7368,9.92,6.69,186.13
15,6,0.4,100,always_long,50,1,0.6739,0.1871,0.322,0.678,12.15,6.68,152.17
15,6,0.4,66,always_long,50,1,0.6739,0.1871,0.3221,0.6779,12.15,6.68,152.11
15,6,0.4,30,always_long,50,1,0.6738,0.1869,0.3217,0.6783,12.15,6.67,152.29
15,6,0.4,130,always_long,50,1,0.6738,0.1873,0.3215,0.6785,12.15,6.67,152.41
40,15,0.375,30,always_short,10,2,0.7253,0.0173,0.3501,0.3538,13.28,6.65,139.95
25,5,0.2,100,always_long,30,2,0.8029,0.0994,0.3332,0.6667,12.68,6.62,147.04
25,5,0.2,66,always_long,30,2,0.8029,0.0994,0.3332,0.6667,12.68,6.62,147.04
25,5,0.2,45,always_long,30,2,0.8029,0.0993,0.3332,0.6667,12.68,6.62,147.04
25,5,0.2,130,always_long,30,2,0.8029,0.0995,0.3332,0.6667,12.68,6.62,147.04
40,15,0.375,100,alternate,10,2,0.7247,0.0182,0.3479,0.3558,13.28,6.6,140.86
40,15,0.375,66,alternate,10,2,0.7246,0.0181,0.3478,0.3558,13.29,6.6,140.91
40,15,0.375,130,alternate,10,2,0.7247,0.0182,0.3479,0.3558,13.28,6.6,140.86
25,5,0.2,30,always_long,30,2,0.8027,0.0993,0.3322,0.6677,12.69,6.6,147.48
20,4,0.2,45,alternate,50,2,0.7877,0.1552,0.2594,0.7406,9.92,6.59,188.92
20,4,0.2,66,alternate,50,2,0.7877,0.1553,0.2594,0.7406,9.92,6.59,188.92
25,4,0.16,45,always_short,40,2,0.8313,0.1065,0.3139,0.6861,12.0,6.59,156.11
25,4,0.16,66,always_short,40,2,0.8314,0.1066,0.3139,0.6861,12.0,6.59,156.11
20,4,0.2,100,alternate,50,2,0.7876,0.1553,0.2594,0.7406,9.92,6.59,188.92
20,4,0.2,130,alternate,50,2,0.7876,0.1554,0.2594,0.7406,9.92,6.59,188.92
25,4,0.16,100,always_short,40,2,0.8314,0.1066,0.3139,0.6861,12.0,6.59,156.11
25,4,0.16,130,always_short,40,2,0.8314,0.1066,0.3139,0.6861,12.0,6.59,156.11
40,6,0.15,66,always_long,20,2,0.8559,0.0356,0.3671,0.544,14.05,6.58,133.47
40,6,0.15,130,always_long,20,2,0.8558,0.0357,0.3666,0.5447,14.05,6.58,133.65
40,6,0.15,45,always_long,20,2,0.8559,0.0356,0.367,0.5441,14.05,6.58,133.51
20,4,0.2,30,alternate,50,2,0.7876,0.1551,0.2592,0.7408,9.92,6.58,189.01
40,6,0.15,100,always_long,20,2,0.8558,0.0357,0.3668,0.5446,14.05,6.58,133.61
25,4,0.16,30,always_short,40,2,0.831,0.1065,0.313,0.687,12.0,6.57,156.55
40,6,0.15,30,always_long,20,2,0.8555,0.0356,0.3655,0.5463,14.05,6.56,134.06
50,12,0.24,130,always_short,10,2,0.8084,0.0125,0.3625,0.2935,13.92,6.56,135.17
40,15,0.375,45,alternate,10,2,0.7241,0.0181,0.3455,0.3589,13.29,6.55,141.82
50,12,0.24,66,always_short,10,2,0.8083,0.0125,0.3616,0.2935,13.92,6.55,135.5
50,12,0.24,100,always_short,10,2,0.8083,0.0125,0.3618,0.2935,13.92,6.55,135.45
20,4,0.2,45,always_long,50,2,0.7862,0.1573,0.2557,0.7442,9.93,6.49,191.59
20,4,0.2,66,always_long,50,2,0.7861,0.1573,0.2549,0.7451,9.94,6.46,192.25
20,4,0.2,100,always_long,50,2,0.7861,0.1574,0.2547,0.7452,9.94,6.46,192.35
20,4,0.2,30,always_long,50,2,0.7861,0.1572,0.2549,0.7451,9.94,6.46,192.25
25,4,0.16,66,alternate,40,2,0.8292,0.1087,0.3075,0.6925,12.01,6.45,159.35
25,4,0.16,100,alternate,40,2,0.8292,0.1087,0.3075,0.6925,12.01,6.45,159.35
20,4,0.2,130,always_long,50,2,0.786,0.1575,0.2545,0.7455,9.94,6.45,192.53
25,4,0.16,45,alternate,40,2,0.8292,0.1086,0.3075,0.6925,12.01,6.45,159.35
25,4,0.16,130,alternate,40,2,0.8291,0.1088,0.3075,0.6925,12.01,6.45,159.35
25,4,0.16,30,alternate,40,2,0.8289,0.1086,0.3068,0.6933,12.01,6.43,159.74
50,12,0.24,45,always_short,10,2,0.8069,0.0125,0.3538,0.2993,13.93,6.4,138.52
40,15,0.375,30,alternate,10,2,0.7214,0.0181,0.3337,0.3695,13.31,6.32,146.82
25,4,0.16,45,always_long,40,2,0.827,0.1108,0.2993,0.7007,12.03,6.27,163.74
25,4,0.16,100,always_long,40,2,0.8269,0.1109,0.2989,0.7011,12.03,6.26,163.95
25,4,0.16,130,always_long,40,2,0.8269,0.111,0.2986,0.7014,12.03,6.26,164.09
25,4,0.16,30,always_long,40,2,0.8269,0.1107,0.2988,0.7013,12.03,6.26,164.02
20,6,0.3,130,always_short,40,1,0.7428,0.1263,0.3439,0.6172,13.85,6.26,142.49
25,4,0.16,66,always_long,40,2,0.8269,0.1108,0.2989,0.7011,12.03,6.26,163.95
20,6,0.3,100,always_short,40,1,0.7427,0.1262,0.3436,0.6175,13.85,6.25,142.6
20,6,0.3,66,always_short,40,1,0.7427,0.1262,0.3435,0.6175,13.85,6.25,142.65
20,6,0.3,45,always_short,40,1,0.7427,0.1261,0.3435,0.6175,13.85,6.25,142.65
20,6,0.3,30,always_short,40,1,0.7424,0.1261,0.3417,0.6195,13.85,6.22,143.38
10,5,0.5,45,alternate,50,2,0.6183,0.3124,0.2572,0.7409,10.51,6.17,190.48
10,5,0.5,30,alternate,50,2,0.6183,0.3123,0.2572,0.7409,10.51,6.17,190.48
10,5,0.5,45,always_short,50,2,0.6183,0.3116,0.2572,0.7409,10.51,6.17,190.48
10,5,0.5,130,always_short,50,2,0.6183,0.3122,0.2572,0.7409,10.51,6.17,190.48
10,5,0.5,66,alternate,50,2,0.6183,0.3125,0.2571,0.741,10.51,6.17,190.57
10,5,0.5,66,always_short,50,2,0.6183,0.3118,0.2572,0.7409,10.51,6.17,190.48
40,15,0.375,66,always_long,10,2,0.7194,0.0189,0.3261,0.3782,13.33,6.17,150.25
10,5,0.5,30,always_long,50,2,0.6183,0.3131,0.2572,0.7409,10.51,6.17,190.48
10,5,0.5,100,always_short,50,2,0.6183,0.3119,0.2571,0.741,10.51,6.17,190.57
10,5,0.5,45,always_long,50,2,0.6183,0.3132,0.2571,0.741,10.51,6.17,190.57
40,15,0.375,130,always_long,10,2,0.7193,0.019,0.3259,0.3785,13.33,6.16,150.36
10,5,0.5,66,always_long,50,2,0.6182,0.3133,0.2567,0.7414,10.51,6.16,190.85
10,5,0.5,130,alternate,50,2,0.6182,0.3129,0.2569,0.7412,10.51,6.16,190.75
40,15,0.375,100,always_long,10,2,0.7194,0.019,0.3259,0.3784,13.33,6.16,150.36
10,5,0.5,30,always_short,50,2,0.6183,0.3115,0.257,0.7411,10.51,6.16,190.66
10,5,0.5,100,alternate,50,2,0.6182,0.3127,0.2569,0.7412,10.51,6.16,190.75
10,5,0.5,130,always_long,50,2,0.6181,0.3136,0.2564,0.7418,10.51,6.15,191.13
10,5,0.5,100,always_long,50,2,0.6181,0.3134,0.2564,0.7418,10.51,6.15,191.13
40,15,0.375,45,always_long,10,2,0.7191,0.0189,0.3249,0.3794,13.33,6.14,150.83
50,12,0.24,66,alternate,10,2,0.8034,0.0134,0.3359,0.3156,13.95,6.07,145.89
50,12,0.24,100,alternate,10,2,0.8034,0.0134,0.3361,0.3155,13.95,6.07,145.78
20,6,0.3,130,alternate,40,1,0.7388,0.1272,0.3336,0.6281,13.87,6.06,146.87
50,12,0.24,130,alternate,10,2,0.8034,0.0134,0.3356,0.3157,13.95,6.06,146.0
20,6,0.3,100,alternate,40,1,0.7388,0.1271,0.3336,0.6281,13.87,6.06,146.87
20,6,0.3,66,alternate,40,1,0.7388,0.127,0.3336,0.6281,13.87,6.06,146.87
20,6,0.3,45,alternate,40,1,0.7388,0.127,0.3336,0.628,13.87,6.06,146.87
20,6,0.3,30,alternate,40,1,0.7386,0.1269,0.3326,0.6291,13.86,6.05,147.31
40,15,0.375,30,always_long,10,2,0.7175,0.0188,0.3195,0.3855,13.34,6.03,153.36
15,5,0.333,66,always_short,40,2,0.7044,0.2062,0.285,0.7131,11.96,6.01,171.93
15,5,0.333,100,always_short,40,2,0.7043,0.2062,0.2848,0.7134,11.96,6.0,172.08
15,5,0.333,130,always_short,40,2,0.7044,0.2064,0.2849,0.7133,11.96,6.0,172.01
15,5,0.333,30,always_short,40,2,0.7044,0.206,0.2849,0.7133,11.96,6.0,172.01
15,5,0.333,45,always_short,40,2,0.7044,0.2061,0.2849,0.7133,11.96,6.0,172.01
50,12,0.24,45,alternate,10,2,0.8026,0.0134,0.3319,0.3197,13.95,5.99,147.65
50,12,0.24,30,always_short,10,2,0.8021,0.0125,0.3285,0.3234,13.95,5.93,149.16
15,5,0.333,66,alternate,40,2,0.7027,0.2071,0.2782,0.72,11.97,5.86,176.1
20,6,0.3,45,always_long,40,1,0.735,0.1278,0.3226,0.6385,13.87,5.86,151.88
15,5,0.333,45,alternate,40,2,0.7027,0.207,0.2782,0.72,11.97,5.86,176.1
20,6,0.3,100,always_long,40,1,0.7349,0.128,0.3221,0.6389,13.88,5.85,152.11
15,5,0.333,130,alternate,40,2,0.7026,0.2073,0.2776,0.7206,11.97,5.85,176.5
20,6,0.3,66,always_long,40,1,0.735,0.1279,0.3221,0.6389,13.87,5.85,152.11
15,5,0.333,100,alternate,40,2,0.7026,0.2072,0.2777,0.7205,11.97,5.85,176.42
15,5,0.333,30,alternate,40,2,0.7026,0.2069,0.2776,0.7206,11.97,5.85,176.5
20,6,0.3,30,always_long,40,1,0.7348,0.1278,0.3215,0.6395,13.88,5.84,152.41
20,6,0.3,130,always_long,40,1,0.7349,0.1281,0.3217,0.6392,13.87,5.84,152.29
15,5,0.333,45,always_long,40,2,0.701,0.2079,0.2731,0.7251,11.97,5.75,179.41
15,5,0.333,66,always_long,40,2,0.701,0.208,0.2729,0.7254,11.98,5.74,179.57
15,5,0.333,30,always_long,40,2,0.7009,0.2078,0.2729,0.7254,11.98,5.74,179.57
15,5,0.333,130,always_long,40,2,0.7009,0.2083,0.2729,0.7254,11.98,5.74,179.57
15,5,0.333,100,always_long,40,2,0.7009,0.2081,0.2729,0.7254,11.98,5.74,179.57
15,6,0.4,66,always_short,30,2,0.6799,0.188,0.2885,0.6391,12.69,5.73,169.84
15,6,0.4,100,always_short,30,2,0.6799,0.188,0.2884,0.6391,12.69,5.73,169.92
15,6,0.4,130,always_short,30,2,0.6799,0.1882,0.2884,0.6391,12.69,5.73,169.92
15,6,0.4,45,always_short,30,2,0.6799,0.1879,0.2885,0.6391,12.69,5.73,169.84
15,6,0.4,30,always_short,30,2,0.6798,0.1878,0.2883,0.6391,12.69,5.72,169.99
50,12,0.24,30,alternate,10,2,0.7992,0.0133,0.3145,0.3372,13.97,5.67,155.8
50,12,0.24,66,always_long,10,2,0.7985,0.0143,0.3118,0.3395,13.97,5.62,157.18
50,12,0.24,100,always_long,10,2,0.7985,0.0143,0.3116,0.3396,13.98,5.62,157.24
50,12,0.24,45,always_long,10,2,0.7984,0.0143,0.3111,0.3397,13.98,5.61,157.49
50,12,0.24,130,always_long,10,2,0.7984,0.0144,0.3113,0.3397,13.98,5.61,157.43
15,6,0.4,45,alternate,30,2,0.6769,0.1874,0.2777,0.6495,12.69,5.52,176.42
15,6,0.4,100,alternate,30,2,0.6769,0.1876,0.2774,0.65,12.69,5.51,176.66
15,6,0.4,66,alternate,30,2,0.6769,0.1875,0.2775,0.6499,12.69,5.51,176.58
15,6,0.4,130,alternate,30,2,0.6768,0.1877,0.277,0.6504,12.69,5.5,176.9
15,6,0.4,30,alternate,30,2,0.6768,0.1873,0.277,0.6504,12.69,5.5,176.9
20,5,0.25,66,always_short,30,2,0.7658,0.1386,0.2891,0.6601,13.43,5.43,169.48
20,5,0.25,100,always_short,30,2,0.7658,0.1387,0.2891,0.6601,13.43,5.43,169.48
20,5,0.25,45,always_short,30,2,0.7657,0.1386,0.2891,0.6601,13.43,5.43,169.48
20,5,0.25,130,always_short,30,2,0.7658,0.1388,0.2893,0.6597,13.43,5.43,169.4
20,5,0.25,30,always_short,30,2,0.7655,0.1385,0.2884,0.661,13.43,5.41,169.92
50,12,0.24,30,always_long,10,2,0.7963,0.0142,0.2994,0.3483,13.98,5.4,163.67
25,3,0.12,130,always_short,50,2,0.8536,0.1178,0.2954,0.6657,13.92,5.35,165.89
25,3,0.12,100,always_short,50,2,0.8536,0.1177,0.2955,0.6656,13.92,5.35,165.82
25,3,0.12,66,always_short,50,2,0.8536,0.1177,0.2954,0.6657,13.92,5.35,165.89
25,3,0.12,45,always_short,50,2,0.8535,0.1177,0.2949,0.6663,13.92,5.34,166.17
25,3,0.12,30,always_short,50,2,0.8533,0.1176,0.294,0.667,13.92,5.32,166.67
15,6,0.4,45,always_long,30,2,0.674,0.187,0.268,0.6615,12.73,5.31,182.84
15,6,0.4,66,always_long,30,2,0.6739,0.1871,0.2677,0.6616,12.73,5.3,183.01
15,6,0.4,100,always_long,30,2,0.6739,0.1871,0.2677,0.6616,12.73,5.3,183.01
15,6,0.4,30,always_long,30,2,0.6738,0.1869,0.2676,0.6616,12.73,5.3,183.09
15,6,0.4,130,always_long,30,2,0.6738,0.1873,0.2675,0.6616,12.73,5.29,183.18
20,5,0.25,130,alternate,30,2,0.7632,0.1406,0.2792,0.671,13.44,5.24,175.47
20,5,0.25,66,alternate,30,2,0.7632,0.1405,0.2791,0.671,13.44,5.23,175.55
20,5,0.25,100,alternate,30,2,0.7632,0.1405,0.2791,0.6711,13.44,5.23,175.55
20,5,0.25,45,alternate,30,2,0.7632,0.1404,0.2791,0.671,13.44,5.23,175.55
20,5,0.25,30,alternate,30,2,0.763,0.1403,0.2779,0.6724,13.44,5.21,176.34
50,4,0.08,66,always_short,30,2,0.9201,0.0225,0.3023,0.3157,14.69,5.19,162.12
50,4,0.08,100,always_short,30,2,0.92,0.0225,0.3018,0.3164,14.69,5.18,162.39
50,4,0.08,130,always_short,30,2,0.92,0.0225,0.3019,0.3162,14.69,5.18,162.32
50,4,0.08,45,always_short,30,2,0.92,0.0224,0.3018,0.3164,14.69,5.18,162.39
20,8,0.4,66,always_short,30,1,0.6998,0.1074,0.2886,0.5289,14.16,5.14,169.77
20,8,0.4,130,always_short,30,1,0.7,0.1075,0.2888,0.5285,14.16,5.14,169.7
20,8,0.4,100,always_short,30,1,0.6999,0.1074,0.2886,0.5288,14.16,5.14,169.77
20,8,0.4,45,always_short,30,1,0.6998,0.1073,0.2884,0.5291,14.16,5.13,169.92
20,8,0.4,30,always_short,30,1,0.6994,0.1073,0.2875,0.5304,14.16,5.12,170.43
25,3,0.12,66,alternate,50,2,0.8512,0.1199,0.2834,0.6777,13.93,5.12,172.92
25,3,0.12,130,alternate,50,2,0.8512,0.12,0.2834,0.6777,13.93,5.12,172.92
25,3,0.12,45,alternate,50,2,0.8512,0.1198,0.2834,0.6777,13.93,5.12,172.92
25,3,0.12,30,alternate,50,2,0.8511,0.1198,0.2831,0.678,13.94,5.12,173.07
25,3,0.12,100,alternate,50,2,0.8512,0.1199,0.2834,0.6777,13.93,5.12,172.92
20,5,0.25,66,always_long,30,2,0.7607,0.1423,0.2685,0.6824,13.44,5.03,182.5
20,5,0.25,100,always_long,30,2,0.7606,0.1424,0.2684,0.6825,13.44,5.03,182.58
20,5,0.25,45,always_long,30,2,0.7607,0.1422,0.2685,0.6824,13.44,5.03,182.5
20,5,0.25,130,always_long,30,2,0.7606,0.1425,0.2681,0.6827,13.44,5.03,182.75
20,5,0.25,30,always_long,30,2,0.7605,0.1422,0.2679,0.6827,13.44,5.02,182.92
50,4,0.08,30,always_short,30,2,0.9184,0.0224,0.292,0.3257,14.69,5.01,167.81
50,4,0.08,45,alternate,30,2,0.9181,0.0246,0.2906,0.3276,14.7,4.98,168.6
50,4,0.08,66,alternate,30,2,0.9181,0.0246,0.2906,0.3276,14.7,4.98,168.6
50,4,0.08,130,alternate,30,2,0.9181,0.0247,0.2901,0.328,14.7,4.97,168.89
50,4,0.08,100,alternate,30,2,0.9181,0.0246,0.2899,0.3281,14.7,4.97,169.04
20,8,0.4,66,alternate,30,1,0.6954,0.1065,0.277,0.5425,14.17,4.93,176.9
25,3,0.12,45,always_long,50,2,0.8489,0.1219,0.2725,0.6886,13.94,4.93,179.82
20,8,0.4,130,alternate,30,1,0.6954,0.1067,0.277,0.5425,14.17,4.93,176.9
20,8,0.4,45,alternate,30,1,0.6954,0.1065,0.277,0.5425,14.17,4.93,176.9
20,8,0.4,100,alternate,30,1,0.6954,0.1066,0.277,0.5425,14.17,4.93,176.9
25,3,0.12,30,always_long,50,2,0.8488,0.1219,0.272,0.689,13.94,4.92,180.15
25,3,0.12,130,always_long,50,2,0.8488,0.1221,0.272,0.689,13.94,4.92,180.15
25,3,0.12,66,always_long,50,2,0.8488,0.122,0.272,0.689,13.94,4.92,180.15
25,3,0.12,100,always_long,50,2,0.8488,0.122,0.272,0.689,13.94,4.92,180.15
20,8,0.4,30,alternate,30,1,0.6951,0.1064,0.2764,0.543,14.17,4.91,177.3
15,5,0.333,130,always_short,50,1,0.7044,0.2064,0.2727,0.666,14.05,4.89,179.65
15,5,0.333,100,always_short,50,1,0.7043,0.2062,0.2726,0.6663,14.05,4.89,179.73
15,5,0.333,66,always_short,50,1,0.7044,0.2062,0.2729,0.666,14.05,4.89,179.57
15,5,0.333,45,always_short,50,1,0.7044,0.2061,0.2729,0.666,14.05,4.89,179.57
15,5,0.333,30,always_short,50,1,0.7044,0.206,0.2727,0.666,14.05,4.89,179.65
50,4,0.08,30,alternate,30,2,0.9172,0.0246,0.285,0.3326,14.7,4.89,171.93
15,4,0.267,66,always_short,50,2,0.7304,0.2269,0.2086,0.7914,10.78,4.88,234.87
15,4,0.267,100,always_short,50,2,0.7303,0.227,0.2086,0.7914,10.78,4.88,234.87
15,4,0.267,130,always_short,50,2,0.7303,0.2271,0.2086,0.7914,10.78,4.88,234.87
15,4,0.267,45,always_short,50,2,0.7304,0.2268,0.2086,0.7914,10.78,4.88,234.87
15,4,0.267,30,always_short,50,2,0.7304,0.2267,0.2086,0.7914,10.78,4.88,234.87
15,4,0.267,45,alternate,50,2,0.7292,0.2286,0.2051,0.7949,10.78,4.8,238.88
15,4,0.267,66,alternate,50,2,0.7292,0.2287,0.2051,0.7949,10.78,4.8,238.88
15,5,0.333,45,alternate,50,1,0.7027,0.207,0.2679,0.6717,14.06,4.8,182.92
15,5,0.333,30,alternate,50,1,0.7026,0.2069,0.2676,0.6719,14.06,4.8,183.09
15,5,0.333,130,alternate,50,1,0.7026,0.2073,0.2676,0.6719,14.06,4.8,183.09
15,5,0.333,100,alternate,50,1,0.7026,0.2072,0.2676,0.6719,14.06,4.8,183.09
15,5,0.333,66,alternate,50,1,0.7027,0.2071,0.2677,0.6717,14.06,4.8,183.01
15,4,0.267,30,alternate,50,2,0.7292,0.2285,0.2051,0.7949,10.78,4.8,238.88
50,4,0.08,66,always_long,30,2,0.9162,0.0268,0.2795,0.3386,14.7,4.79,175.31
20,4,0.2,66,always_short,40,2,0.7892,0.1532,0.2395,0.7605,12.61,4.79,204.59
50,4,0.08,130,always_long,30,2,0.9162,0.0268,0.2792,0.3389,14.7,4.79,175.47
15,4,0.267,100,alternate,50,2,0.7291,0.2288,0.2049,0.7951,10.78,4.79,239.17
20,4,0.2,130,always_short,40,2,0.7892,0.1533,0.2395,0.7605,12.61,4.79,204.59
50,4,0.08,45,always_long,30,2,0.9162,0.0268,0.2795,0.3387,14.7,4.79,175.31
50,4,0.08,100,always_long,30,2,0.9162,0.0268,0.2792,0.3389,14.7,4.79,175.47
50,4,0.08,30,always_long,30,2,0.916,0.0267,0.2786,0.3392,14.7,4.78,175.86
20,4,0.2,45,always_short,40,2,0.7892,0.1531,0.2392,0.7608,12.61,4.78,204.81
15,4,0.267,130,alternate,50,2,0.7291,0.2289,0.2045,0.7955,10.78,4.78,239.61
20,4,0.2,100,always_short,40,2,0.7892,0.1532,0.2394,0.7606,12.61,4.78,204.7
20,4,0.2,30,always_short,40,2,0.789,0.153,0.2385,0.7615,12.61,4.77,205.45
15,5,0.333,66,always_long,50,1,0.701,0.208,0.2637,0.6765,14.06,4.73,185.78
15,5,0.333,45,always_long,50,1,0.701,0.2079,0.2637,0.6765,14.06,4.73,185.78
15,5,0.333,100,always_long,50,1,0.7009,0.2081,0.2637,0.6765,14.06,4.73,185.78
15,4,0.267,45,always_long,50,2,0.728,0.2304,0.2024,0.7976,10.78,4.73,242.12
20,8,0.4,45,always_long,30,1,0.691,0.1056,0.2657,0.5544,14.19,4.72,184.38
15,4,0.267,66,always_long,50,2,0.7279,0.2305,0.2021,0.7979,10.78,4.72,242.42
15,5,0.333,30,always_long,50,1,0.7009,0.2078,0.2636,0.6766,14.06,4.72,185.87
15,4,0.267,130,always_long,50,2,0.7279,0.2307,0.2021,0.7979,10.78,4.72,242.42
15,4,0.267,30,always_long,50,2,0.728,0.2303,0.2021,0.7979,10.78,4.72,242.42
15,4,0.267,100,always_long,50,2,0.7279,0.2306,0.2021,0.7979,10.78,4.72,242.42
15,5,0.333,130,always_long,50,1,0.7009,0.2083,0.2636,0.6766,14.06,4.72,185.87
20,8,0.4,66,always_long,30,1,0.6909,0.1057,0.2656,0.5544,14.19,4.72,184.47
20,8,0.4,100,always_long,30,1,0.6909,0.1058,0.2655,0.5546,14.19,4.72,184.56
20,8,0.4,130,always_long,30,1,0.6908,0.1058,0.2654,0.5547,14.19,4.71,184.64
20,8,0.4,30,always_long,30,1,0.6907,0.1056,0.2654,0.5549,14.19,4.71,184.64
20,4,0.2,100,alternate,40,2,0.7876,0.1553,0.2331,0.7669,12.61,4.66,210.19
20,4,0.2,66,alternate,40,2,0.7877,0.1553,0.2333,0.7668,12.61,4.66,210.08
20,4,0.2,130,alternate,40,2,0.7876,0.1554,0.2331,0.7669,12.61,4.66,210.19
20,4,0.2,45,alternate,40,2,0.7877,0.1552,0.2333,0.7668,12.61,4.66,210.08
20,4,0.2,30,alternate,40,2,0.7876,0.1551,0.2329,0.7671,12.61,4.65,210.41
20,8,0.4,130,always_short,20,2,0.7,0.1075,0.2471,0.507,13.41,4.64,198.28
20,8,0.4,100,always_short,20,2,0.6999,0.1074,0.2467,0.5072,13.41,4.64,198.58
20,8,0.4,66,always_short,20,2,0.6998,0.1074,0.2466,0.5079,13.41,4.63,198.68
20,8,0.4,45,always_short,20,2,0.6998,0.1073,0.2466,0.5085,13.42,4.63,198.68
20,8,0.4,30,always_short,20,2,0.6994,0.1073,0.2455,0.5096,13.42,4.61,199.59
20,4,0.2,45,always_long,40,2,0.7862,0.1573,0.2294,0.7706,12.63,4.58,213.62
20,4,0.2,66,always_long,40,2,0.7861,0.1573,0.2284,0.7716,12.63,4.56,214.56
20,4,0.2,30,always_long,40,2,0.7861,0.1572,0.2283,0.7718,12.63,4.56,214.68
20,4,0.2,130,always_long,40,2,0.786,0.1575,0.228,0.772,12.63,4.55,214.91
20,4,0.2,100,always_long,40,2,0.7861,0.1574,0.2281,0.7719,12.63,4.55,214.79
50,10,0.2,100,always_short,20,1,0.8333,0.0143,0.262,0.3568,14.71,4.49,187.02
50,10,0.2,130,always_short,20,1,0.8333,0.0143,0.2621,0.3568,14.71,4.49,186.93
50,10,0.2,66,always_short,20,1,0.8332,0.0143,0.2616,0.3569,14.71,4.48,187.29
50,10,0.2,45,always_short,20,1,0.8322,0.0143,0.2591,0.3605,14.71,4.44,189.1
20,8,0.4,66,alternate,20,2,0.6954,0.1065,0.2305,0.5278,13.44,4.32,212.58
20,8,0.4,100,alternate,20,2,0.6954,0.1066,0.2305,0.5278,13.44,4.32,212.58
20,8,0.4,45,alternate,20,2,0.6954,0.1065,0.2305,0.5278,13.44,4.32,212.58
20,8,0.4,130,alternate,20,2,0.6954,0.1067,0.2305,0.5278,13.44,4.32,212.58
20,8,0.4,30,alternate,20,2,0.6951,0.1064,0.2296,0.5292,13.45,4.3,213.39
50,10,0.2,130,alternate,20,1,0.8292,0.0155,0.25,0.3706,14.71,4.28,196.0
50,10,0.2,66,alternate,20,1,0.8292,0.0154,0.25,0.3706,14.71,4.28,196.0
50,10,0.2,100,alternate,20,1,0.8292,0.0155,0.25,0.3706,14.71,4.28,196.0
50,10,0.2,45,alternate,20,1,0.8286,0.0154,0.2482,0.3723,14.71,4.25,197.38
15,6,0.4,66,always_short,40,1,0.6799,0.188,0.2379,0.588,14.21,4.22,205.99
15,6,0.4,130,always_short,40,1,0.6799,0.1882,0.2379,0.588,14.21,4.22,205.99
50,10,0.2,30,always_short,20,1,0.828,0.0143,0.2465,0.3752,14.71,4.22,198.78
15,6,0.4,100,always_short,40,1,0.6799,0.188,0.2379,0.588,14.21,4.22,205.99
15,6,0.4,45,always_short,40,1,0.6799,0.1879,0.2379,0.588,14.21,4.22,205.99
15,6,0.4,30,always_short,40,1,0.6798,0.1878,0.2377,0.5883,14.21,4.22,206.1
15,6,0.4,45,alternate,40,1,0.6769,0.1874,0.2326,0.5952,14.22,4.12,210.64
15,6,0.4,66,alternate,40,1,0.6769,0.1875,0.2325,0.5954,14.22,4.12,210.75
15,6,0.4,30,alternate,40,1,0.6768,0.1873,0.2323,0.5956,14.22,4.12,210.98
15,6,0.4,100,alternate,40,1,0.6769,0.1876,0.2324,0.5954,14.22,4.12,210.87
50,10,0.2,30,alternate,20,1,0.8257,0.0154,0.2407,0.3812,14.71,4.12,203.53
15,6,0.4,130,alternate,40,1,0.6768,0.1877,0.2323,0.5955,14.22,4.12,210.98
50,10,0.2,100,always_long,20,1,0.8251,0.0166,0.2391,0.3827,14.72,4.09,204.91
50,10,0.2,66,always_long,20,1,0.8251,0.0166,0.2391,0.3827,14.72,4.09,204.91
50,10,0.2,130,always_long,20,1,0.8251,0.0166,0.2389,0.3829,14.72,4.09,205.13
50,10,0.2,45,always_long,20,1,0.825,0.0166,0.2389,0.3829,14.72,4.09,205.13
20,8,0.4,45,always_long,20,2,0.691,0.1056,0.2157,0.5477,13.47,4.04,227.11
20,8,0.4,66,always_long,20,2,0.6909,0.1057,0.2154,0.5479,13.47,4.03,227.51
20,8,0.4,100,always_long,20,2,0.6909,0.1058,0.2152,0.5479,13.47,4.03,227.64
20,8,0.4,30,always_long,20,2,0.6907,0.1056,0.215,0.548,13.48,4.02,227.91
20,8,0.4,130,always_long,20,2,0.6908,0.1058,0.2151,0.548,13.47,4.02,227.77
50,10,0.2,30,always_long,20,1,0.8235,0.0165,0.2343,0.3871,14.72,4.01,209.18
15,6,0.4,45,always_long,40,1,0.674,0.187,0.2258,0.6059,14.23,4.0,217.05
15,6,0.4,100,always_long,40,1,0.6739,0.1871,0.2254,0.6065,14.23,3.99,217.42
15,6,0.4,66,always_long,40,1,0.6739,0.1871,0.2254,0.6064,14.23,3.99,217.42
15,6,0.4,30,always_long,40,1,0.6738,0.1869,0.2248,0.6068,14.23,3.98,218.02
15,6,0.4,130,always_long,40,1,0.6738,0.1873,0.2245,0.6069,14.23,3.97,218.26
30,6,0.2,130,always_short,20,2,0.8203,0.063,0.2228,0.4686,14.31,3.92,219.98
30,6,0.2,45,always_short,20,2,0.8201,0.0629,0.222,0.4693,14.31,3.91,220.72
30,6,0.2,66,always_short,20,2,0.8202,0.063,0.2221,0.4693,14.31,3.91,220.6
30,6,0.2,100,always_short,20,2,0.8202,0.0629,0.2223,0.469,14.31,3.91,220.47
30,6,0.2,30,always_short,20,2,0.8192,0.0629,0.2181,0.4745,14.31,3.84,224.64
50,5,0.1,130,always_short,40,1,0.9049,0.021,0.2263,0.1296,15.0,3.8,216.57
50,5,0.1,66,always_short,40,1,0.9049,0.021,0.2263,0.1296,15.0,3.8,216.57
50,5,0.1,100,always_short,40,1,0.9048,0.021,0.226,0.1299,15.0,3.8,216.81
50,5,0.1,45,always_short,40,1,0.9048,0.0209,0.2259,0.1301,15.0,3.79,216.93
30,6,0.2,45,alternate,20,2,0.8166,0.0636,0.2094,0.4884,14.32,3.69,234.03
30,6,0.2,66,alternate,20,2,0.8166,0.0636,0.2094,0.4884,14.32,3.69,234.03
30,6,0.2,100,alternate,20,2,0.8166,0.0636,0.2094,0.4884,14.32,3.69,234.03
30,6,0.2,130,alternate,20,2,0.8167,0.0636,0.2094,0.488,14.32,3.69,234.03
50,5,0.1,30,always_short,40,1,0.9025,0.0209,0.2182,0.1356,15.0,3.67,224.51
30,6,0.2,30,alternate,20,2,0.816,0.0635,0.2069,0.492,14.32,3.64,236.86
50,5,0.1,66,alternate,40,1,0.9021,0.0223,0.2165,0.1373,15.0,3.64,226.33
50,5,0.1,100,alternate,40,1,0.902,0.0223,0.2159,0.1373,15.0,3.63,226.98
50,5,0.1,45,alternate,40,1,0.902,0.0222,0.2159,0.1373,15.0,3.63,226.98
50,5,0.1,130,alternate,40,1,0.902,0.0223,0.216,0.1373,15.0,3.63,226.85
50,5,0.1,30,alternate,40,1,0.9006,0.0222,0.211,0.1417,15.0,3.54,232.23
40,12,0.3,130,always_short,10,2,0.7702,0.021,0.1958,0.2901,14.12,3.49,250.32
40,12,0.3,100,always_short,10,2,0.7702,0.021,0.1956,0.2901,14.12,3.49,250.48
40,12,0.3,66,always_short,10,2,0.77,0.021,0.1951,0.2905,14.12,3.48,251.12
50,5,0.1,130,always_long,40,1,0.8992,0.0236,0.2057,0.1454,15.0,3.46,238.15
50,5,0.1,66,always_long,40,1,0.8992,0.0236,0.206,0.1451,15.0,3.46,237.86
30,6,0.2,130,always_long,20,2,0.8131,0.0643,0.1968,0.5088,14.34,3.46,249.05
30,6,0.2,100,always_long,20,2,0.8131,0.0642,0.1968,0.5089,14.34,3.46,249.05
30,6,0.2,66,always_long,20,2,0.8131,0.0642,0.197,0.5085,14.34,3.46,248.73
50,5,0.1,100,always_long,40,1,0.8992,0.0236,0.206,0.1454,15.0,3.46,237.86
30,6,0.2,45,always_long,20,2,0.8131,0.0642,0.197,0.5085,14.34,3.46,248.73
40,12,0.3,45,always_short,10,2,0.7698,0.021,0.1936,0.2911,14.12,3.46,253.07
50,5,0.1,45,always_long,40,1,0.8993,0.0235,0.206,0.1451,15.0,3.46,237.86
30,6,0.2,30,always_long,20,2,0.8128,0.0642,0.196,0.51,14.34,3.44,250.0
50,5,0.1,30,always_long,40,1,0.8987,0.0234,0.204,0.1464,15.0,3.43,240.2
40,12,0.3,30,always_short,10,2,0.7667,0.0209,0.1835,0.3041,14.12,3.27,267.03
30,15,0.5,100,always_short,10,2,0.6699,0.0317,0.174,0.2706,13.68,3.2,281.61
30,15,0.5,45,always_short,10,2,0.6697,0.0316,0.1735,0.2717,13.68,3.2,282.42
30,15,0.5,66,always_short,10,2,0.6698,0.0316,0.1736,0.271,13.68,3.2,282.22
30,15,0.5,130,always_short,10,2,0.6699,0.0317,0.174,0.2706,13.68,3.2,281.61
40,12,0.3,66,alternate,10,2,0.7653,0.022,0.1781,0.31,14.12,3.18,275.09
40,12,0.3,130,alternate,10,2,0.7653,0.022,0.1782,0.3098,14.12,3.18,274.89
40,12,0.3,100,alternate,10,2,0.7653,0.022,0.1782,0.3098,14.12,3.18,274.89
40,12,0.3,45,alternate,10,2,0.7651,0.022,0.1772,0.3109,14.12,3.16,276.45
15,4,0.267,100,always_short,40,2,0.7303,0.227,0.1671,0.7995,13.56,3.11,293.19
15,4,0.267,66,always_short,40,2,0.7304,0.2269,0.1671,0.7994,13.56,3.11,293.19
15,4,0.267,130,always_short,40,2,0.7303,0.2271,0.1671,0.7995,13.56,3.11,293.19
15,4,0.267,45,always_short,40,2,0.7304,0.2268,0.1671,0.7994,13.56,3.11,293.19
15,4,0.267,30,always_short,40,2,0.7304,0.2267,0.1671,0.7994,13.56,3.11,293.19
30,15,0.5,30,always_short,10,2,0.6678,0.0316,0.1684,0.2779,13.68,3.1,291.02
40,4,0.1,130,always_short,30,2,0.8975,0.039,0.1786,0.4654,14.75,3.05,274.32
40,4,0.1,45,always_short,30,2,0.8975,0.0389,0.1785,0.4654,14.75,3.05,274.51
40,4,0.1,100,always_short,30,2,0.8975,0.0389,0.1784,0.4654,14.75,3.05,274.7
40,12,0.3,30,alternate,10,2,0.7631,0.0219,0.1705,0.319,14.12,3.04,287.39
40,4,0.1,66,always_short,30,2,0.8975,0.0389,0.1781,0.4654,14.75,3.04,275.09
15,4,0.267,45,alternate,40,2,0.7292,0.2286,0.1624,0.8044,13.56,3.02,301.77
15,4,0.267,66,alternate,40,2,0.7292,0.2287,0.1621,0.8045,13.56,3.01,302.24
15,4,0.267,130,alternate,40,2,0.7291,0.2289,0.1618,0.805,13.56,3.01,302.94
15,4,0.267,30,alternate,40,2,0.7292,0.2285,0.1623,0.8044,13.56,3.01,302.0
15,4,0.267,100,alternate,40,2,0.7291,0.2288,0.162,0.8047,13.56,3.01,302.47
10,4,0.4,66,always_long,50,2,0.6461,0.3472,0.1499,0.8349,12.59,3.0,326.94
10,4,0.4,45,always_long,50,2,0.6462,0.347,0.15,0.8349,12.59,3.0,326.67
10,4,0.4,30,always_long,50,2,0.6462,0.3469,0.15,0.8349,12.59,3.0,326.67
10,4,0.4,130,always_long,50,2,0.646,0.3475,0.1495,0.8353,12.59,2.99,327.76
10,4,0.4,100,always_long,50,2,0.646,0.3473,0.1496,0.8351,12.59,2.99,327.49
10,4,0.4,66,alternate,50,2,0.6455,0.3458,0.1489,0.8363,12.6,2.98,329.14
10,4,0.4,30,alternate,50,2,0.6456,0.3456,0.149,0.8361,12.6,2.98,328.86
10,4,0.4,130,alternate,50,2,0.6455,0.3462,0.1489,0.8363,12.6,2.98,329.14
10,4,0.4,45,alternate,50,2,0.6456,0.3457,0.149,0.8361,12.6,2.98,328.86
15,4,0.267,130,always_long,40,2,0.7279,0.2307,0.1599,0.8075,13.57,2.97,306.49
15,4,0.267,66,always_long,40,2,0.7279,0.2305,0.16,0.8073,13.57,2.97,306.25
15,4,0.267,30,always_long,40,2,0.728,0.2303,0.16,0.8071,13.57,2.97,306.25
15,4,0.267,100,always_long,40,2,0.7279,0.2306,0.16,0.8073,13.57,2.97,306.25
15,4,0.267,45,always_long,40,2,0.728,0.2304,0.16,0.8071,13.57,2.97,306.25
40,4,0.1,30,always_short,30,2,0.8965,0.0389,0.1736,0.4719,14.75,2.97,282.22
10,4,0.4,100,alternate,50,2,0.6455,0.346,0.1487,0.8363,12.6,2.97,329.41
10,4,0.4,66,always_short,50,2,0.645,0.3445,0.1479,0.8376,12.61,2.96,331.36
10,4,0.4,130,always_short,50,2,0.645,0.3449,0.1479,0.8376,12.61,2.96,331.36
10,4,0.4,30,always_short,50,2,0.645,0.3443,0.1477,0.8377,12.61,2.95,331.64
10,4,0.4,45,always_short,50,2,0.645,0.3443,0.1477,0.8377,12.61,2.95,331.64
10,4,0.4,100,always_short,50,2,0.6449,0.3447,0.1474,0.8381,12.61,2.95,332.49
40,4,0.1,100,alternate,30,2,0.896,0.0418,0.1719,0.4746,14.75,2.94,285.09
40,4,0.1,130,alternate,30,2,0.896,0.0418,0.1719,0.4746,14.75,2.94,285.09
40,4,0.1,45,alternate,30,2,0.8961,0.0418,0.172,0.4745,14.75,2.94,284.88
40,4,0.1,66,alternate,30,2,0.8961,0.0418,0.1719,0.4745,14.75,2.94,285.09
40,12,0.3,130,always_long,10,2,0.7604,0.023,0.1635,0.3311,14.13,2.92,299.69
40,12,0.3,100,always_long,10,2,0.7604,0.023,0.1636,0.3309,14.13,2.92,299.47
40,12,0.3,66,always_long,10,2,0.7605,0.023,0.1638,0.3305,14.13,2.92,299.24
30,15,0.5,66,alternate,10,2,0.6634,0.0316,0.158,0.2939,13.69,2.91,310.13
30,15,0.5,100,alternate,10,2,0.6635,0.0316,0.1581,0.2936,13.69,2.91,309.88
30,15,0.5,130,alternate,10,2,0.6635,0.0316,0.1581,0.2936,13.69,2.91,309.88
40,12,0.3,45,always_long,10,2,0.7604,0.0229,0.1633,0.3311,14.13,2.91,300.15
30,15,0.5,45,alternate,10,2,0.6633,0.0316,0.1578,0.2943,13.69,2.9,310.62
40,4,0.1,30,alternate,30,2,0.8955,0.0418,0.1694,0.4785,14.75,2.89,289.3
40,12,0.3,30,always_long,10,2,0.7594,0.0229,0.1606,0.3356,14.13,2.86,305.06
50,20,0.4,130,always_short,10,1,0.7184,0.0089,0.1649,0.2819,14.55,2.86,297.19
40,10,0.25,100,always_short,20,1,0.7988,0.024,0.1665,0.4793,14.75,2.85,294.29
50,20,0.4,100,always_short,10,1,0.7184,0.0089,0.1648,0.2819,14.55,2.85,297.42
40,10,0.25,130,always_short,20,1,0.7988,0.024,0.1665,0.479,14.75,2.85,294.29
40,4,0.1,45,always_long,30,2,0.8947,0.0446,0.166,0.4835,14.75,2.84,295.18
40,10,0.25,66,always_short,20,1,0.7987,0.024,0.1663,0.4793,14.75,2.84,294.74
50,20,0.4,66,always_short,10,1,0.7181,0.0089,0.164,0.283,14.54,2.84,298.78
40,10,0.25,45,always_short,20,1,0.7986,0.024,0.1661,0.4794,14.75,2.84,294.96
40,4,0.1,66,always_long,30,2,0.8947,0.0447,0.1659,0.4835,14.75,2.83,295.4
30,15,0.5,30,alternate,10,2,0.662,0.0315,0.1534,0.2973,13.69,2.82,319.48
40,4,0.1,100,always_long,30,2,0.8946,0.0447,0.1653,0.484,14.75,2.82,296.52
40,4,0.1,30,always_long,30,2,0.8945,0.0446,0.1651,0.4841,14.75,2.82,296.74
40,4,0.1,130,always_long,30,2,0.8945,0.0447,0.1651,0.4841,14.75,2.82,296.74
40,10,0.25,30,always_short,20,1,0.7957,0.024,0.159,0.4893,14.75,2.72,308.18
50,20,0.4,45,always_short,10,1,0.7147,0.0089,0.1564,0.29,14.54,2.71,313.35
40,10,0.25,45,alternate,20,1,0.7944,0.025,0.1573,0.493,14.76,2.68,311.61
40,10,0.25,66,alternate,20,1,0.7945,0.025,0.1573,0.4925,14.76,2.68,311.61
40,10,0.25,100,alternate,20,1,0.7945,0.0251,0.1573,0.4925,14.76,2.68,311.61
40,10,0.25,130,alternate,20,1,0.7945,0.0251,0.1573,0.4925,14.76,2.68,311.61
50,20,0.4,100,alternate,10,1,0.713,0.0087,0.1537,0.2945,14.55,2.66,318.7
50,20,0.4,130,alternate,10,1,0.7129,0.0087,0.1537,0.2945,14.55,2.66,318.7
50,20,0.4,66,alternate,10,1,0.7129,0.0087,0.1536,0.2949,14.56,2.66,318.96
40,10,0.25,30,alternate,20,1,0.7926,0.025,0.1526,0.4993,14.76,2.61,321.05
20,3,0.15,30,always_short,50,2,0.8129,0.17,0.1452,0.8211,14.15,2.59,337.35
20,3,0.15,45,always_short,50,2,0.813,0.17,0.1454,0.8209,14.15,2.59,337.06
20,3,0.15,130,always_short,50,2,0.813,0.1703,0.1454,0.8209,14.15,2.59,337.06
20,3,0.15,66,always_short,50,2,0.813,0.1701,0.1454,0.8209,14.15,2.59,337.06
50,20,0.4,45,alternate,10,1,0.7106,0.0087,0.1494,0.301,14.56,2.59,328.03
20,3,0.15,100,always_short,50,2,0.813,0.1702,0.1454,0.8209,14.15,2.59,337.06
30,15,0.5,130,always_long,10,2,0.6571,0.0316,0.1399,0.3156,13.72,2.57,350.31
30,15,0.5,66,always_long,10,2,0.6571,0.0315,0.1398,0.3157,13.72,2.57,350.63
30,15,0.5,100,always_long,10,2,0.6571,0.0316,0.1399,0.3154,13.72,2.57,350.31
30,15,0.5,45,always_long,10,2,0.657,0.0315,0.1395,0.3162,13.72,2.56,351.25
30,15,0.5,30,always_long,10,2,0.6561,0.0315,0.1376,0.32,13.71,2.53,356.04
40,10,0.25,45,always_long,20,1,0.7902,0.0261,0.1475,0.5091,14.76,2.52,332.2
40,10,0.25,100,always_long,20,1,0.7902,0.0261,0.1475,0.5089,14.76,2.52,332.2
40,10,0.25,130,always_long,20,1,0.7902,0.0261,0.1475,0.5089,14.76,2.52,332.2
40,10,0.25,66,always_long,20,1,0.7903,0.0261,0.1477,0.5088,14.76,2.52,331.64
20,3,0.15,130,alternate,50,2,0.8113,0.1721,0.1407,0.826,14.16,2.51,348.13
20,3,0.15,45,alternate,50,2,0.8113,0.1718,0.1407,0.826,14.16,2.51,348.13
20,3,0.15,30,alternate,50,2,0.8112,0.1717,0.1407,0.826,14.16,2.51,348.13
20,3,0.15,100,alternate,50,2,0.8113,0.1719,0.1407,0.826,14.16,2.51,348.13
20,3,0.15,66,alternate,50,2,0.8113,0.1719,0.1407,0.826,14.16,2.51,348.13
40,10,0.25,30,always_long,20,1,0.7894,0.026,0.1455,0.5105,14.77,2.48,336.77
40,5,0.125,100,always_short,40,1,0.88,0.0359,0.1469,0.2045,15.0,2.47,333.62
40,5,0.125,130,always_short,40,1,0.8801,0.0359,0.1471,0.2044,15.0,2.47,333.05
40,5,0.125,66,always_short,40,1,0.88,0.0359,0.1469,0.2045,15.0,2.47,333.62
50,20,0.4,66,always_long,10,1,0.7076,0.0085,0.1424,0.3079,14.55,2.47,344.16
40,5,0.125,45,always_short,40,1,0.88,0.0359,0.147,0.2045,15.0,2.47,333.33
50,20,0.4,100,always_long,10,1,0.7076,0.0085,0.1424,0.3078,14.55,2.47,344.16
50,20,0.4,130,always_long,10,1,0.7074,0.0085,0.1421,0.3085,14.55,2.46,344.77
50,20,0.4,45,always_long,10,1,0.7065,0.0085,0.1412,0.3118,14.55,2.45,346.9
10,5,0.5,30,always_long,40,2,0.6183,0.3131,0.1266,0.7732,13.14,2.43,386.97
20,3,0.15,66,always_long,50,2,0.8096,0.1736,0.1365,0.8306,14.16,2.43,358.97
20,3,0.15,45,always_long,50,2,0.8096,0.1735,0.1366,0.8304,14.16,2.43,358.65
10,5,0.5,130,always_short,40,2,0.6183,0.3122,0.1266,0.7731,13.14,2.43,386.97
20,3,0.15,30,always_long,50,2,0.8096,0.1735,0.1365,0.8305,14.16,2.43,358.97
10,5,0.5,30,alternate,40,2,0.6183,0.3123,0.1265,0.7732,13.14,2.43,387.35
10,5,0.5,66,always_short,40,2,0.6183,0.3118,0.1266,0.7731,13.14,2.43,386.97
50,20,0.4,30,always_short,10,1,0.7059,0.0089,0.1403,0.313,14.56,2.43,349.38
10,5,0.5,100,always_long,40,2,0.6181,0.3134,0.126,0.7744,13.14,2.42,388.89
10,5,0.5,45,alternate,40,2,0.6183,0.3124,0.1264,0.7732,13.14,2.42,387.73
10,5,0.5,130,alternate,40,2,0.6182,0.3129,0.1263,0.7739,13.14,2.42,388.12
10,5,0.5,45,always_long,40,2,0.6183,0.3132,0.1264,0.7734,13.14,2.42,387.73
10,5,0.5,100,always_short,40,2,0.6183,0.3119,0.1264,0.7734,13.14,2.42,387.73
10,5,0.5,45,always_short,40,2,0.6183,0.3116,0.1264,0.7732,13.13,2.42,387.73
20,3,0.15,100,always_long,50,2,0.8095,0.1737,0.1363,0.8309,14.16,2.42,359.63
10,5,0.5,30,always_short,40,2,0.6183,0.3115,0.1264,0.7735,13.14,2.42,387.73
20,3,0.15,130,always_long,50,2,0.8095,0.1738,0.1361,0.8311,14.17,2.42,359.96
10,5,0.5,130,always_long,40,2,0.6181,0.3136,0.126,0.7744,13.14,2.42,388.89
10,5,0.5,66,always_long,40,2,0.6182,0.3133,0.1261,0.774,13.14,2.42,388.5
10,5,0.5,100,alternate,40,2,0.6182,0.3127,0.1263,0.7739,13.14,2.42,388.12
10,5,0.5,66,alternate,40,2,0.6183,0.3125,0.1264,0.7734,13.14,2.42,387.73
40,5,0.125,30,always_short,40,1,0.8784,0.0359,0.1429,0.2084,15.0,2.4,342.96
15,5,0.333,45,always_short,30,2,0.7044,0.2061,0.1313,0.6867,13.88,2.38,373.33
15,5,0.333,100,always_short,30,2,0.7043,0.2062,0.1313,0.6871,13.89,2.38,373.33
15,5,0.333,30,always_short,30,2,0.7044,0.206,0.1313,0.6867,13.89,2.38,373.33
15,5,0.333,130,always_short,30,2,0.7044,0.2064,0.1313,0.6867,13.89,2.38,373.33
15,5,0.333,66,always_short,30,2,0.7044,0.2062,0.1313,0.6867,13.88,2.38,373.33
40,5,0.125,45,alternate,40,1,0.8775,0.0377,0.1411,0.2106,15.0,2.37,347.21
40,5,0.125,66,alternate,40,1,0.8775,0.0377,0.1411,0.2106,15.0,2.37,347.21
40,5,0.125,100,alternate,40,1,0.8775,0.0377,0.1411,0.2107,15.0,2.37,347.21
40,5,0.125,130,alternate,40,1,0.8775,0.0378,0.1412,0.2106,15.0,2.37,346.9
40,5,0.125,30,alternate,40,1,0.8766,0.0377,0.1393,0.2131,15.0,2.34,351.89
50,20,0.4,30,alternate,10,1,0.7029,0.0087,0.1341,0.3215,14.56,2.32,365.33
15,5,0.333,130,alternate,30,2,0.7026,0.2073,0.1275,0.6933,13.91,2.31,384.31
15,5,0.333,45,alternate,30,2,0.7027,0.207,0.1275,0.693,13.91,2.31,384.31
15,5,0.333,66,alternate,30,2,0.7027,0.2071,0.1275,0.6931,13.91,2.31,384.31
15,5,0.333,100,alternate,30,2,0.7026,0.2072,0.1275,0.6933,13.91,2.31,384.31
15,5,0.333,30,alternate,30,2,0.7026,0.2069,0.1275,0.6933,13.91,2.31,384.31
15,5,0.333,30,always_long,30,2,0.7009,0.2078,0.1246,0.7006,13.92,2.26,393.18
40,5,0.125,100,always_long,40,1,0.875,0.0395,0.1345,0.2179,15.0,2.26,364.31
15,5,0.333,66,always_long,30,2,0.701,0.208,0.1249,0.7004,13.92,2.26,392.39
15,5,0.333,130,always_long,30,2,0.7009,0.2083,0.1246,0.7006,13.92,2.26,393.18
15,5,0.333,100,always_long,30,2,0.7009,0.2081,0.1249,0.7004,13.92,2.26,392.39
40,5,0.125,130,always_long,40,1,0.875,0.0396,0.1345,0.2177,15.0,2.26,364.31
40,5,0.125,66,always_long,40,1,0.8751,0.0395,0.1345,0.2176,15.0,2.26,364.31
15,5,0.333,45,always_long,30,2,0.701,0.2079,0.1249,0.7004,13.92,2.26,392.39
40,5,0.125,45,always_long,40,1,0.8751,0.0395,0.1345,0.2177,15.0,2.26,364.31
40,5,0.125,30,always_long,40,1,0.8747,0.0395,0.134,0.2191,15.0,2.25,365.67
50,20,0.4,30,always_long,10,1,0.6999,0.0084,0.1285,0.3291,14.56,2.22,381.32
50,3,0.06,45,always_short,40,2,0.9352,0.0245,0.1301,0.2226,15.0,2.19,376.56
50,3,0.06,66,always_short,40,2,0.9352,0.0246,0.1301,0.2225,15.0,2.19,376.56
50,3,0.06,130,always_short,40,2,0.9351,0.0246,0.13,0.2228,15.0,2.18,376.92
50,3,0.06,100,always_short,40,2,0.9351,0.0246,0.13,0.2228,15.0,2.18,376.92
50,3,0.06,30,always_short,40,2,0.9343,0.0245,0.1268,0.2275,15.0,2.13,386.59
10,5,0.5,130,alternate,50,1,0.6182,0.3129,0.1209,0.6314,14.38,2.12,405.38
10,5,0.5,45,always_long,50,1,0.6183,0.3132,0.121,0.6311,14.38,2.12,404.96
10,5,0.5,30,always_short,50,1,0.6183,0.3115,0.121,0.6311,14.38,2.12,404.96
10,5,0.5,66,alternate,50,1,0.6183,0.3125,0.121,0.6311,14.38,2.12,404.96
10,5,0.5,45,alternate,50,1,0.6183,0.3124,0.121,0.6311,14.38,2.12,404.96
10,5,0.5,30,always_long,50,1,0.6183,0.3131,0.121,0.6311,14.38,2.12,404.96
10,5,0.5,130,always_short,50,1,0.6183,0.3122,0.1211,0.6311,14.38,2.12,404.54
10,5,0.5,100,always_short,50,1,0.6183,0.3119,0.121,0.6311,14.38,2.12,404.96
10,5,0.5,45,always_short,50,1,0.6183,0.3116,0.121,0.6311,14.38,2.12,404.96
10,5,0.5,100,alternate,50,1,0.6182,0.3127,0.1209,0.6314,14.38,2.12,405.38
10,5,0.5,30,alternate,50,1,0.6183,0.3123,0.121,0.6311,14.38,2.12,404.96
10,5,0.5,66,always_short,50,1,0.6183,0.3118,0.1211,0.6311,14.38,2.12,404.54
10,5,0.5,130,always_long,50,1,0.6181,0.3136,0.1205,0.6316,14.38,2.11,406.64
10,5,0.5,66,always_long,50,1,0.6182,0.3133,0.1206,0.6315,14.38,2.11,406.22
10,5,0.5,100,always_long,50,1,0.6181,0.3134,0.1206,0.6315,14.38,2.11,406.22
50,3,0.06,45,alternate,40,2,0.9334,0.0269,0.1242,0.2339,15.0,2.09,394.37
50,3,0.06,66,alternate,40,2,0.9335,0.0269,0.1242,0.2339,15.0,2.09,394.37
50,3,0.06,100,alternate,40,2,0.9334,0.0269,0.124,0.2344,15.0,2.08,395.16
50,3,0.06,130,alternate,40,2,0.9334,0.0269,0.124,0.2344,15.0,2.08,395.16
50,3,0.06,30,alternate,40,2,0.933,0.0268,0.1224,0.238,15.0,2.06,400.41
25,6,0.24,45,always_short,20,2,0.787,0.0883,0.1143,0.4876,14.43,2.0,428.88
25,6,0.24,66,always_short,20,2,0.7871,0.0884,0.1144,0.4869,14.43,2.0,428.42
25,6,0.24,100,always_short,20,2,0.7871,0.0883,0.1144,0.4869,14.43,2.0,428.42
25,6,0.24,130,always_short,20,2,0.7872,0.0884,0.1144,0.4865,14.43,2.0,428.42
50,3,0.06,45,always_long,40,2,0.9317,0.0292,0.1185,0.2459,15.0,1.99,413.5
50,3,0.06,66,always_long,40,2,0.9317,0.0292,0.1185,0.2457,15.0,1.99,413.5
50,3,0.06,100,always_long,40,2,0.9317,0.0292,0.1184,0.2465,15.0,1.99,413.94
50,3,0.06,130,always_long,40,2,0.9317,0.0292,0.1184,0.2465,15.0,1.99,413.94
50,3,0.06,30,always_long,40,2,0.9316,0.0291,0.1181,0.2474,15.0,1.98,414.81
25,6,0.24,30,always_short,20,2,0.7865,0.0883,0.1128,0.4904,14.43,1.97,434.59
25,6,0.24,130,alternate,20,2,0.7834,0.0891,0.106,0.5068,14.45,1.85,462.26
25,6,0.24,66,alternate,20,2,0.7834,0.089,0.106,0.5069,14.45,1.85,462.26
25,6,0.24,100,alternate,20,2,0.7834,0.089,0.106,0.5069,14.45,1.85,462.26
25,6,0.24,45,alternate,20,2,0.7834,0.089,0.1057,0.507,14.45,1.84,463.36
25,6,0.24,30,alternate,20,2,0.783,0.0889,0.1049,0.5086,14.45,1.83,467.22
25,6,0.24,66,always_long,20,2,0.7796,0.0896,0.0993,0.5239,14.46,1.73,493.7
25,6,0.24,30,always_long,20,2,0.7794,0.0895,0.0991,0.5245,14.47,1.73,494.33
25,6,0.24,45,always_long,20,2,0.7797,0.0896,0.0993,0.5238,14.46,1.73,493.7
25,6,0.24,130,always_long,20,2,0.7796,0.0897,0.0993,0.5239,14.47,1.73,493.7
25,6,0.24,100,always_long,20,2,0.7796,0.0897,0.0993,0.5239,14.47,1.73,493.7
40,20,0.5,100,always_short,10,1,0.6708,0.0141,0.0856,0.2333,14.59,1.48,572.26
40,20,0.5,130,always_short,10,1,0.6709,0.0141,0.0856,0.2333,14.59,1.48,572.26
40,20,0.5,66,always_short,10,1,0.6708,0.0141,0.0854,0.2335,14.59,1.48,573.94
40,20,0.5,45,always_short,10,1,0.6692,0.0141,0.0833,0.2371,14.58,1.44,588.59
40,20,0.5,100,alternate,10,1,0.6653,0.0139,0.0789,0.246,14.59,1.36,621.24
40,20,0.5,66,alternate,10,1,0.6653,0.0139,0.0789,0.246,14.59,1.36,621.24
40,20,0.5,130,alternate,10,1,0.6653,0.0139,0.0789,0.246,14.59,1.36,621.24
40,20,0.5,45,alternate,10,1,0.6642,0.0139,0.078,0.2479,14.59,1.35,628.21
40,20,0.5,30,always_short,10,1,0.6638,0.0141,0.0779,0.2491,14.59,1.34,629.21
30,10,0.333,100,always_short,20,1,0.7487,0.0453,0.078,0.3901,14.78,1.33,628.21
30,10,0.333,45,always_short,20,1,0.7485,0.0453,0.0777,0.3906,14.78,1.33,630.23
30,10,0.333,130,always_short,20,1,0.7487,0.0453,0.078,0.39,14.77,1.33,628.21
30,10,0.333,66,always_short,20,1,0.7486,0.0453,0.0777,0.3904,14.77,1.33,630.23
30,10,0.333,30,always_short,20,1,0.7471,0.0453,0.0757,0.3962,14.78,1.29,646.86
40,20,0.5,130,always_long,10,1,0.6597,0.0137,0.0731,0.259,14.6,1.26,670.09
40,20,0.5,100,always_long,10,1,0.6597,0.0137,0.0731,0.2587,14.6,1.26,670.09
40,20,0.5,66,always_long,10,1,0.6598,0.0137,0.0732,0.2586,14.6,1.26,668.94
30,5,0.167,100,always_short,40,1,0.8408,0.0686,0.0742,0.3366,15.0,1.25,659.93
30,5,0.167,66,always_short,40,1,0.8408,0.0687,0.0742,0.3366,15.0,1.25,659.93
30,5,0.167,45,always_short,40,1,0.8407,0.0686,0.0742,0.3366,15.0,1.25,659.93
30,5,0.167,130,always_short,40,1,0.8408,0.0687,0.0744,0.3361,15.0,1.25,658.82
40,20,0.5,30,alternate,10,1,0.6595,0.0137,0.0725,0.2595,14.61,1.25,675.86
40,20,0.5,45,always_long,10,1,0.6593,0.0137,0.0717,0.2597,14.61,1.24,682.93
30,10,0.333,100,alternate,20,1,0.743,0.0453,0.0714,0.409,14.8,1.22,686.51
30,5,0.167,30,always_short,40,1,0.8398,0.0686,0.0727,0.3395,15.0,1.22,673.54
30,10,0.333,130,alternate,20,1,0.743,0.0453,0.0714,0.4089,14.8,1.22,686.51
30,10,0.333,45,alternate,20,1,0.7429,0.0452,0.0711,0.4095,14.8,1.21,688.93
30,10,0.333,66,alternate,20,1,0.7429,0.0453,0.0712,0.4093,14.8,1.21,687.72
30,5,0.167,100,alternate,40,1,0.8379,0.0697,0.0706,0.347,15.0,1.19,693.81
30,5,0.167,66,alternate,40,1,0.8379,0.0697,0.0706,0.347,15.0,1.19,693.81
30,10,0.333,30,alternate,20,1,0.7419,0.0452,0.0698,0.4119,14.8,1.19,702.51
30,5,0.167,130,alternate,40,1,0.838,0.0698,0.0707,0.3466,15.0,1.19,692.58
30,5,0.167,45,alternate,40,1,0.8379,0.0697,0.0705,0.347,15.0,1.18,695.04
30,12,0.4,100,always_short,10,2,0.7152,0.0387,0.0666,0.2122,14.29,1.17,735.46
30,12,0.4,130,always_short,10,2,0.7153,0.0387,0.0666,0.2119,14.29,1.17,735.46
30,5,0.167,30,alternate,40,1,0.8373,0.0697,0.0694,0.3491,15.0,1.17,706.31
30,12,0.4,66,always_short,10,2,0.7151,0.0386,0.0663,0.2126,14.3,1.17,739.62
30,12,0.4,45,always_short,10,2,0.715,0.0386,0.0659,0.2129,14.3,1.16,743.83
40,20,0.5,30,always_long,10,1,0.6551,0.0134,0.067,0.2705,14.6,1.16,731.34
30,4,0.133,130,always_short,30,2,0.8614,0.0751,0.0673,0.6723,14.79,1.15,728.62
30,4,0.133,66,always_short,30,2,0.8613,0.075,0.0671,0.6724,14.79,1.14,729.98
30,4,0.133,100,always_short,30,2,0.8613,0.075,0.0671,0.6724,14.79,1.14,729.98
30,4,0.133,45,always_short,30,2,0.8612,0.075,0.0671,0.6725,14.79,1.14,729.98
30,12,0.4,30,always_short,10,2,0.7135,0.0386,0.064,0.2172,14.3,1.13,765.62
30,10,0.333,45,always_long,20,1,0.7372,0.0452,0.0659,0.4276,14.8,1.12,743.83
30,10,0.333,130,always_long,20,1,0.7373,0.0453,0.0659,0.4275,14.8,1.12,743.83
40,3,0.075,100,always_short,40,2,0.9153,0.0425,0.0668,0.3528,15.0,1.12,734.08
40,3,0.075,130,always_short,40,2,0.9153,0.0425,0.0668,0.3528,15.0,1.12,734.08
30,10,0.333,100,always_long,20,1,0.7373,0.0453,0.0659,0.4275,14.8,1.12,743.83
40,3,0.075,66,always_short,40,2,0.9153,0.0425,0.0666,0.3529,15.0,1.12,735.46
30,10,0.333,66,always_long,20,1,0.7372,0.0452,0.0659,0.4275,14.8,1.12,743.83
40,3,0.075,45,always_short,40,2,0.9153,0.0425,0.0668,0.3528,15.0,1.12,734.08
30,4,0.133,30,always_short,30,2,0.8607,0.075,0.0656,0.6761,14.79,1.12,746.67
40,3,0.075,30,always_short,40,2,0.9149,0.0425,0.0663,0.3561,15.0,1.11,739.62
30,10,0.333,30,always_long,20,1,0.7366,0.0451,0.0651,0.4294,14.8,1.11,752.4
30,5,0.167,45,always_long,40,1,0.8351,0.0708,0.0658,0.3578,15.0,1.1,745.25
30,5,0.167,100,always_long,40,1,0.8351,0.0708,0.0658,0.3578,15.0,1.1,745.25
30,5,0.167,66,always_long,40,1,0.8351,0.0708,0.0658,0.3578,15.0,1.1,745.25
30,5,0.167,130,always_long,40,1,0.8351,0.0709,0.0658,0.3578,15.0,1.1,745.25
30,5,0.167,30,always_long,40,1,0.8348,0.0708,0.0651,0.3593,15.0,1.09,752.4
40,3,0.075,30,alternate,40,2,0.9136,0.0455,0.0648,0.3658,15.0,1.09,756.76
40,3,0.075,100,alternate,40,2,0.9138,0.0456,0.065,0.3639,15.0,1.09,753.85
40,3,0.075,45,alternate,40,2,0.9138,0.0455,0.065,0.3639,15.0,1.09,753.85
40,3,0.075,130,alternate,40,2,0.9138,0.0456,0.065,0.364,15.0,1.09,753.85
40,3,0.075,66,alternate,40,2,0.9138,0.0455,0.065,0.3639,15.0,1.09,753.85
30,4,0.133,130,alternate,30,2,0.8594,0.0772,0.0631,0.6814,14.79,1.08,776.24
30,4,0.133,66,alternate,30,2,0.8594,0.0771,0.0631,0.6814,14.79,1.08,776.24
30,4,0.133,45,alternate,30,2,0.8594,0.0771,0.0631,0.6814,14.79,1.08,776.24
30,4,0.133,100,alternate,30,2,0.8594,0.0771,0.0631,0.6814,14.79,1.08,776.24
30,4,0.133,30,alternate,30,2,0.859,0.0771,0.062,0.6834,14.79,1.06,790.32
40,3,0.075,30,always_long,40,2,0.9122,0.0485,0.0625,0.3769,15.0,1.05,784.0
40,3,0.075,100,always_long,40,2,0.9123,0.0486,0.0625,0.3764,15.0,1.05,784.0
40,3,0.075,130,always_long,40,2,0.9123,0.0486,0.0625,0.3766,15.0,1.05,784.0
40,3,0.075,66,always_long,40,2,0.9124,0.0486,0.0625,0.3757,15.0,1.05,784.0
40,3,0.075,45,always_long,40,2,0.9124,0.0485,0.0625,0.3757,15.0,1.05,784.0
30,12,0.4,66,alternate,10,2,0.7092,0.0387,0.0583,0.2345,14.29,1.03,841.2
30,12,0.4,100,alternate,10,2,0.7093,0.0388,0.0584,0.2339,14.29,1.03,839.4
30,12,0.4,130,alternate,10,2,0.7093,0.0388,0.0584,0.2339,14.29,1.03,839.4
30,12,0.4,45,alternate,10,2,0.7091,0.0387,0.0583,0.235,14.29,1.03,841.2
30,4,0.133,130,always_long,30,2,0.8575,0.0793,0.0599,0.6901,14.79,1.02,818.37
30,4,0.133,66,always_long,30,2,0.8575,0.0792,0.06,0.69,14.79,1.02,816.67
30,4,0.133,45,always_long,30,2,0.8575,0.0792,0.06,0.6897,14.79,1.02,816.67
30,4,0.133,30,always_long,30,2,0.8574,0.0792,0.0596,0.6907,14.79,1.02,821.8
30,4,0.133,100,always_long,30,2,0.8575,0.0793,0.0599,0.6901,14.79,1.02,818.37
30,12,0.4,30,alternate,10,2,0.7081,0.0387,0.0571,0.2386,14.29,1.01,857.77
15,3,0.2,30,always_short,50,2,0.7567,0.2506,0.0521,0.9018,14.44,0.91,940.05
15,3,0.2,45,always_short,50,2,0.7567,0.2507,0.0521,0.9018,14.44,0.91,940.05
15,3,0.2,66,always_short,50,2,0.7568,0.2508,0.0521,0.9018,14.44,0.91,940.05
15,3,0.2,100,always_short,50,2,0.7567,0.2509,0.0521,0.902,14.44,0.91,940.05
15,3,0.2,130,always_short,50,2,0.7567,0.2511,0.0521,0.9021,14.44,0.91,940.05
30,12,0.4,100,always_long,10,2,0.7034,0.0388,0.0509,0.2552,14.31,0.9,963.14
30,12,0.4,45,always_long,10,2,0.7033,0.0388,0.0509,0.2556,14.31,0.9,963.14
30,12,0.4,130,always_long,10,2,0.7034,0.0389,0.0509,0.2554,14.31,0.9,963.14
30,12,0.4,66,always_long,10,2,0.7034,0.0388,0.0509,0.2554,14.31,0.9,963.14
30,12,0.4,30,always_long,10,2,0.7026,0.0387,0.05,0.2575,14.3,0.88,980.0
15,3,0.2,100,alternate,50,2,0.7553,0.2526,0.05,0.905,14.44,0.87,980.0
15,3,0.2,45,alternate,50,2,0.7553,0.2524,0.05,0.9048,14.44,0.87,980.0
15,3,0.2,30,alternate,50,2,0.7553,0.2523,0.05,0.9049,14.44,0.87,980.0
15,3,0.2,130,alternate,50,2,0.7552,0.2528,0.05,0.905,14.44,0.87,980.0
15,3,0.2,66,alternate,50,2,0.7553,0.2525,0.05,0.9049,14.44,0.87,980.0
15,3,0.2,100,always_long,50,2,0.7539,0.2543,0.0486,0.9071,14.43,0.85,1007.71
15,3,0.2,45,always_long,50,2,0.7539,0.2541,0.0488,0.9071,14.43,0.85,1005.13
15,3,0.2,66,always_long,50,2,0.7539,0.2543,0.0486,0.9071,14.43,0.85,1007.71
15,3,0.2,30,always_long,50,2,0.7539,0.2541,0.0488,0.9071,14.43,0.85,1005.13
15,3,0.2,130,always_long,50,2,0.7538,0.2544,0.0486,0.9071,14.43,0.85,1007.71
50,5,0.1,66,always_short,20,2,0.9049,0.021,0.0465,0.4295,15.0,0.78,1053.76
50,5,0.1,130,always_short,20,2,0.9049,0.021,0.0465,0.4295,15.0,0.78,1053.76
50,5,0.1,45,always_short,20,2,0.9048,0.0209,0.0461,0.43,15.0,0.77,1062.33
50,5,0.1,100,always_short,20,2,0.9048,0.021,0.0461,0.4299,15.0,0.77,1062.33
10,4,0.4,30,always_long,40,2,0.6462,0.3469,0.0413,0.806,14.08,0.74,1187.88
20,6,0.3,130,always_short,20,2,0.7428,0.1263,0.0429,0.484,14.54,0.74,1142.86
10,4,0.4,66,always_long,40,2,0.6461,0.3472,0.0413,0.8061,14.08,0.74,1187.88
20,6,0.3,66,always_short,20,2,0.7427,0.1262,0.0426,0.4844,14.54,0.74,1149.56
10,4,0.4,100,always_long,40,2,0.646,0.3473,0.0411,0.8064,14.08,0.74,1191.49
10,4,0.4,130,always_long,40,2,0.646,0.3475,0.0411,0.8064,14.08,0.74,1191.49
10,4,0.4,45,always_long,40,2,0.6462,0.347,0.0413,0.806,14.08,0.74,1187.88
20,6,0.3,45,always_short,20,2,0.7427,0.1261,0.0426,0.4844,14.54,0.74,1149.56
20,6,0.3,100,always_short,20,2,0.7427,0.1262,0.0426,0.4844,14.54,0.74,1149.56
10,4,0.4,130,alternate,40,2,0.6455,0.3462,0.0409,0.8074,14.08,0.73,1198.78
10,4,0.4,66,alternate,40,2,0.6455,0.3458,0.0409,0.8074,14.08,0.73,1198.78
10,4,0.4,45,alternate,40,2,0.6456,0.3457,0.0409,0.8074,14.08,0.73,1198.78
20,6,0.3,30,always_short,20,2,0.7424,0.1261,0.0419,0.4861,14.54,0.73,1170.15
10,4,0.4,30,alternate,40,2,0.6456,0.3456,0.0409,0.8074,14.08,0.73,1198.78
10,4,0.4,100,alternate,40,2,0.6455,0.346,0.0409,0.8074,14.08,0.73,1198.78
50,5,0.1,30,always_short,20,2,0.9025,0.0209,0.0435,0.4426,15.0,0.73,1126.44
10,4,0.4,130,always_short,40,2,0.645,0.3449,0.0404,0.8087,14.07,0.72,1213.62
10,4,0.4,45,always_short,40,2,0.645,0.3443,0.0403,0.809,14.08,0.72,1217.39
10,4,0.4,66,always_short,40,2,0.645,0.3445,0.0404,0.8085,14.07,0.72,1213.62
10,4,0.4,30,always_short,40,2,0.645,0.3443,0.0403,0.809,14.08,0.72,1217.39
10,4,0.4,100,always_short,40,2,0.6449,0.3447,0.0401,0.809,14.07,0.72,1221.18
50,5,0.1,45,alternate,20,2,0.902,0.0222,0.0423,0.4474,15.0,0.71,1159.76
50,5,0.1,66,alternate,20,2,0.9021,0.0223,0.0425,0.447,15.0,0.71,1152.94
50,5,0.1,130,alternate,20,2,0.902,0.0223,0.0424,0.4472,15.0,0.71,1156.34
50,5,0.1,100,alternate,20,2,0.902,0.0223,0.0423,0.4474,15.0,0.71,1159.76
25,10,0.4,45,always_short,20,1,0.7095,0.0629,0.0409,0.3359,14.8,0.7,1198.78
25,5,0.2,100,always_short,40,1,0.8094,0.0968,0.0416,0.4444,15.0,0.7,1177.18
25,10,0.4,66,always_short,20,1,0.7095,0.0629,0.0409,0.3359,14.8,0.7,1198.78
25,5,0.2,66,always_short,40,1,0.8094,0.0968,0.0416,0.4442,15.0,0.7,1177.18
25,10,0.4,130,always_short,20,1,0.7097,0.063,0.0409,0.3355,14.8,0.7,1198.78
25,10,0.4,100,always_short,20,1,0.7096,0.0629,0.0409,0.3357,14.8,0.7,1198.78
25,5,0.2,130,always_short,40,1,0.8094,0.0968,0.0418,0.4441,15.0,0.7,1173.65
25,5,0.2,45,always_short,40,1,0.8093,0.0967,0.0416,0.4446,15.0,0.7,1177.18
25,10,0.4,30,always_short,20,1,0.7088,0.0629,0.0406,0.3381,14.8,0.69,1206.15
25,5,0.2,30,always_short,40,1,0.8089,0.0967,0.0409,0.4457,15.0,0.69,1198.78
50,5,0.1,30,alternate,20,2,0.9006,0.0222,0.0406,0.4565,15.0,0.68,1206.15
20,6,0.3,130,alternate,20,2,0.7388,0.1272,0.0389,0.5042,14.55,0.67,1260.45
20,6,0.3,100,alternate,20,2,0.7388,0.1271,0.0389,0.5042,14.55,0.67,1260.45
20,6,0.3,66,alternate,20,2,0.7388,0.127,0.0389,0.5042,14.55,0.67,1260.45
20,6,0.3,45,alternate,20,2,0.7388,0.127,0.0389,0.504,14.55,0.67,1260.45
20,6,0.3,30,alternate,20,2,0.7386,0.1269,0.0389,0.5055,14.55,0.67,1260.45
25,10,0.4,30,alternate,20,1,0.7035,0.0624,0.0386,0.3524,14.81,0.66,1268.61
25,10,0.4,66,alternate,20,1,0.7041,0.0624,0.0386,0.3499,14.81,0.66,1268.61
25,10,0.4,100,alternate,20,1,0.7042,0.0625,0.0386,0.3498,14.81,0.66,1268.61
25,10,0.4,45,alternate,20,1,0.7041,0.0624,0.0386,0.35,14.81,0.66,1268.61
25,10,0.4,130,alternate,20,1,0.7042,0.0625,0.0386,0.3498,14.81,0.66,1268.61
25,5,0.2,130,alternate,40,1,0.8062,0.0982,0.0387,0.4575,15.0,0.65,1264.52
25,5,0.2,66,alternate,40,1,0.8061,0.0981,0.0386,0.4577,15.0,0.65,1268.61
25,5,0.2,45,alternate,40,1,0.8061,0.098,0.0386,0.4579,15.0,0.65,1268.61
25,5,0.2,100,alternate,40,1,0.8061,0.0981,0.0386,0.4577,15.0,0.65,1268.61
25,5,0.2,30,alternate,40,1,0.8058,0.098,0.0384,0.4592,15.0,0.64,1276.87
50,5,0.1,66,always_long,20,2,0.8992,0.0236,0.0374,0.4639,15.0,0.63,1311.04
50,5,0.1,45,always_long,20,2,0.8993,0.0235,0.0374,0.4639,15.0,0.63,1311.04
50,5,0.1,130,always_long,20,2,0.8992,0.0236,0.0374,0.4646,15.0,0.63,1311.04
50,5,0.1,100,always_long,20,2,0.8992,0.0236,0.0374,0.4644,15.0,0.63,1311.04
20,6,0.3,30,always_long,20,2,0.7348,0.1278,0.0357,0.5245,14.54,0.62,1370.63
20,6,0.3,45,always_long,20,2,0.735,0.1278,0.0359,0.5239,14.53,0.62,1365.85
20,6,0.3,66,always_long,20,2,0.735,0.1279,0.0359,0.5241,14.53,0.62,1365.85
20,6,0.3,130,always_long,20,2,0.7349,0.1281,0.0359,0.5244,14.53,0.62,1365.85
50,5,0.1,30,always_long,20,2,0.8987,0.0234,0.0367,0.468,15.0,0.62,1333.33
20,6,0.3,100,always_long,20,2,0.7349,0.128,0.0359,0.5241,14.53,0.62,1365.85
25,5,0.2,45,always_long,40,1,0.8029,0.0993,0.0361,0.4716,15.0,0.61,1356.4
25,5,0.2,100,always_long,40,1,0.8029,0.0994,0.0361,0.4716,15.0,0.61,1356.4
25,5,0.2,130,always_long,40,1,0.8029,0.0995,0.0361,0.4716,15.0,0.61,1356.4
25,5,0.2,30,always_long,40,1,0.8027,0.0993,0.0361,0.4726,15.0,0.61,1356.4
25,5,0.2,66,always_long,40,1,0.8029,0.0994,0.0361,0.4718,15.0,0.61,1356.4
25,10,0.4,45,always_long,20,1,0.6986,0.0619,0.0348,0.3651,14.82,0.59,1410.07
25,10,0.4,30,always_long,20,1,0.6983,0.0619,0.0348,0.3659,14.82,0.59,1410.07
25,10,0.4,66,always_long,20,1,0.6986,0.062,0.0348,0.3651,14.82,0.59,1410.07
25,10,0.4,130,always_long,20,1,0.6987,0.0621,0.0348,0.365,14.82,0.59,1410.07
25,10,0.4,100,always_long,20,1,0.6987,0.062,0.0348,0.3648,14.82,0.59,1410.07
50,10,0.2,100,always_short,10,2,0.8333,0.0143,0.0274,0.2812,14.82,0.47,1789.95
50,10,0.2,66,always_short,10,2,0.8332,0.0143,0.0274,0.2816,14.82,0.47,1789.95
50,10,0.2,130,always_short,10,2,0.8333,0.0143,0.0274,0.281,14.82,0.47,1789.95
25,12,0.48,100,always_short,10,2,0.6747,0.0534,0.0265,0.175,14.37,0.46,1849.06
25,12,0.48,130,always_short,10,2,0.6747,0.0535,0.0265,0.175,14.37,0.46,1849.06
25,12,0.48,45,always_short,10,2,0.6746,0.0534,0.0264,0.1759,14.36,0.46,1857.82
25,12,0.48,66,always_short,10,2,0.6746,0.0534,0.0264,0.1756,14.36,0.46,1857.82
25,12,0.48,30,always_short,10,2,0.6738,0.0533,0.0257,0.1786,14.35,0.45,1902.91
50,10,0.2,45,always_short,10,2,0.8322,0.0143,0.0265,0.2864,14.82,0.45,1849.06
25,12,0.48,45,alternate,10,2,0.6687,0.0529,0.0248,0.1919,14.42,0.43,1979.8
10,5,0.5,130,always_long,30,2,0.6181,0.3136,0.0241,0.6556,14.25,0.43,2031.09
10,5,0.5,45,always_long,30,2,0.6183,0.3132,0.0243,0.6549,14.26,0.43,2020.62
25,4,0.16,45,always_short,30,2,0.8313,0.1065,0.025,0.6724,14.8,0.43,1960.0
25,4,0.16,66,always_short,30,2,0.8314,0.1066,0.025,0.6723,14.8,0.43,1960.0
10,5,0.5,30,alternate,30,2,0.6183,0.3123,0.0243,0.6549,14.26,0.43,2020.62
25,4,0.16,100,always_short,30,2,0.8314,0.1066,0.025,0.6723,14.8,0.43,1960.0
10,5,0.5,100,always_short,30,2,0.6183,0.3119,0.0243,0.6549,14.26,0.43,2020.62
25,12,0.48,100,alternate,10,2,0.6688,0.053,0.0248,0.1918,14.42,0.43,1979.8
10,5,0.5,130,always_short,30,2,0.6183,0.3122,0.0243,0.6549,14.26,0.43,2020.62
10,5,0.5,100,alternate,30,2,0.6182,0.3127,0.0243,0.655,14.26,0.43,2020.62
25,12,0.48,66,alternate,10,2,0.6687,0.053,0.0248,0.1919,14.42,0.43,1979.8
10,5,0.5,66,always_long,30,2,0.6182,0.3133,0.0243,0.655,14.26,0.43,2020.62
25,4,0.16,130,always_short,30,2,0.8314,0.1066,0.025,0.6723,14.8,0.43,1960.0
10,5,0.5,130,alternate,30,2,0.6182,0.3129,0.0243,0.655,14.26,0.43,2020.62
10,5,0.5,45,always_short,30,2,0.6183,0.3116,0.0243,0.6549,14.26,0.43,2020.62
25,12,0.48,130,alternate,10,2,0.6688,0.053,0.0248,0.1919,14.42,0.43,1979.8
10,5,0.5,45,alternate,30,2,0.6183,0.3124,0.0243,0.6549,14.26,0.43,2020.62
10,5,0.5,30,always_long,30,2,0.6183,0.3131,0.0243,0.6549,14.26,0.43,2020.62
10,5,0.5,66,alternate,30,2,0.6183,0.3125,0.0243,0.6549,14.26,0.43,2020.62
10,5,0.5,30,always_short,30,2,0.6183,0.3115,0.0243,0.6549,14.26,0.43,2020.62
25,12,0.48,30,alternate,10,2,0.6681,0.0529,0.0245,0.1934,14.41,0.43,2000.0
10,5,0.5,100,always_long,30,2,0.6181,0.3134,0.0241,0.6555,14.25,0.43,2031.09
10,5,0.5,66,always_short,30,2,0.6183,0.3118,0.0243,0.6548,14.26,0.43,2020.62
25,4,0.16,30,always_short,30,2,0.831,0.1065,0.0248,0.6737,14.8,0.42,1979.8
50,10,0.2,130,alternate,10,2,0.8292,0.0155,0.0234,0.3006,14.8,0.4,2096.26
50,10,0.2,66,alternate,10,2,0.8292,0.0154,0.0232,0.3006,14.8,0.4,2107.53
50,10,0.2,100,alternate,10,2,0.8292,0.0155,0.0234,0.3006,14.8,0.4,2096.26
25,4,0.16,100,alternate,30,2,0.8292,0.1087,0.0231,0.6807,14.8,0.39,2118.92
25,4,0.16,30,alternate,30,2,0.8289,0.1086,0.0231,0.6817,14.8,0.39,2118.92
25,4,0.16,45,alternate,30,2,0.8292,0.1086,0.0231,0.6807,14.8,0.39,2118.92
25,4,0.16,130,alternate,30,2,0.8291,0.1088,0.0231,0.6807,14.8,0.39,2118.92
50,10,0.2,45,alternate,10,2,0.8286,0.0154,0.023,0.3038,14.8,0.39,2130.43
25,4,0.16,66,alternate,30,2,0.8292,0.1087,0.0231,0.6807,14.8,0.39,2118.92
50,10,0.2,30,always_short,10,2,0.828,0.0143,0.0221,0.3058,14.8,0.38,2214.69
30,3,0.1,45,always_short,40,2,0.8815,0.0823,0.0217,0.574,15.0,0.37,2252.87
25,12,0.48,30,always_long,10,2,0.6625,0.0525,0.0209,0.211,14.39,0.37,2347.31
30,3,0.1,66,always_short,40,2,0.8816,0.0824,0.0219,0.5736,15.0,0.37,2240.0
30,3,0.1,100,always_short,40,2,0.8816,0.0823,0.0222,0.5733,15.0,0.37,2202.25
25,12,0.48,130,always_long,10,2,0.6628,0.0526,0.0211,0.2101,14.38,0.37,2319.53
25,12,0.48,45,always_long,10,2,0.6627,0.0525,0.0211,0.2104,14.38,0.37,2319.53
25,12,0.48,66,always_long,10,2,0.6628,0.0525,0.0211,0.2101,14.38,0.37,2319.53
25,12,0.48,100,always_long,10,2,0.6629,0.0526,0.0211,0.21,14.38,0.37,2319.53
30,3,0.1,130,always_short,40,2,0.8816,0.0824,0.0222,0.5733,15.0,0.37,2202.25
30,3,0.1,30,always_short,40,2,0.8813,0.0823,0.0216,0.5753,15.0,0.36,2265.9
25,4,0.16,66,always_long,30,2,0.8269,0.1108,0.0214,0.6901,14.79,0.36,2292.4
25,4,0.16,30,always_long,30,2,0.8269,0.1107,0.0214,0.6903,14.79,0.36,2292.4
25,4,0.16,100,always_long,30,2,0.8269,0.1109,0.0214,0.6901,14.79,0.36,2292.4
25,4,0.16,45,always_long,30,2,0.827,0.1108,0.0214,0.6899,14.79,0.36,2292.4
25,4,0.16,130,always_long,30,2,0.8269,0.111,0.0214,0.6904,14.79,0.36,2292.4
50,10,0.2,45,always_long,10,2,0.825,0.0166,0.0204,0.3207,14.8,0.35,2404.91
50,10,0.2,100,always_long,10,2,0.8251,0.0166,0.0205,0.3199,14.8,0.35,2390.24
50,10,0.2,130,always_long,10,2,0.8251,0.0166,0.0204,0.3204,14.8,0.35,2404.91
50,10,0.2,30,alternate,10,2,0.8257,0.0154,0.0208,0.3159,14.8,0.35,2361.45
50,10,0.2,66,always_long,10,2,0.8251,0.0166,0.0205,0.3199,14.8,0.35,2390.24
30,3,0.1,66,alternate,40,2,0.8795,0.0847,0.02,0.5847,15.0,0.34,2450.0
40,5,0.125,100,always_short,20,2,0.88,0.0359,0.0203,0.4816,15.0,0.34,2419.75
30,3,0.1,45,alternate,40,2,0.8795,0.0847,0.02,0.5847,15.0,0.34,2450.0
40,5,0.125,45,always_short,20,2,0.88,0.0359,0.0203,0.4813,15.0,0.34,2419.75
30,3,0.1,130,alternate,40,2,0.8796,0.0848,0.0201,0.5846,15.0,0.34,2434.78
40,5,0.125,66,always_short,20,2,0.88,0.0359,0.0203,0.4816,15.0,0.34,2419.75
40,5,0.125,130,always_short,20,2,0.8801,0.0359,0.0203,0.481,15.0,0.34,2419.75
30,3,0.1,100,alternate,40,2,0.8795,0.0847,0.0201,0.5847,15.0,0.34,2434.78
40,5,0.125,30,always_short,20,2,0.8784,0.0359,0.0194,0.4939,15.0,0.33,2529.03
30,3,0.1,30,alternate,40,2,0.8793,0.0847,0.0199,0.5863,15.0,0.33,2465.41
50,10,0.2,30,always_long,10,2,0.8235,0.0165,0.0194,0.3284,14.8,0.33,2529.03
40,5,0.125,130,alternate,20,2,0.8775,0.0378,0.0181,0.4996,15.0,0.3,2703.45
40,5,0.125,100,alternate,20,2,0.8775,0.0377,0.0181,0.4999,15.0,0.3,2703.45
40,5,0.125,45,alternate,20,2,0.8775,0.0377,0.0181,0.4996,15.0,0.3,2703.45
40,5,0.125,66,alternate,20,2,0.8775,0.0377,0.0181,0.4996,15.0,0.3,2703.45
20,10,0.5,130,always_short,20,1,0.6602,0.0892,0.0175,0.2921,14.85,0.3,2800.0
30,3,0.1,130,always_long,40,2,0.8775,0.0872,0.0181,0.5976,15.0,0.3,2703.45
30,3,0.1,100,always_long,40,2,0.8775,0.0871,0.0181,0.5976,15.0,0.3,2703.45
30,3,0.1,30,always_long,40,2,0.8774,0.087,0.0181,0.5979,15.0,0.3,2703.45
30,3,0.1,45,always_long,40,2,0.8775,0.0871,0.0181,0.5976,15.0,0.3,2703.45
30,3,0.1,66,always_long,40,2,0.8775,0.0871,0.0181,0.5976,15.0,0.3,2703.45
40,5,0.125,30,alternate,20,2,0.8766,0.0377,0.0175,0.5056,15.0,0.29,2800.0
20,5,0.25,100,always_short,40,1,0.7658,0.1387,0.0175,0.596,15.0,0.29,2800.0
20,10,0.5,66,always_short,20,1,0.6601,0.0891,0.0174,0.2924,14.85,0.29,2820.14
20,10,0.5,100,always_short,20,1,0.6602,0.0891,0.0174,0.2921,14.85,0.29,2820.14
20,5,0.25,30,always_short,40,1,0.7655,0.1385,0.0174,0.597,15.0,0.29,2820.14
20,10,0.5,45,always_short,20,1,0.66,0.089,0.0174,0.2925,14.86,0.29,2820.14
20,5,0.25,45,alternate,40,1,0.7632,0.1404,0.017,0.604,15.0,0.29,2882.35
20,5,0.25,45,always_short,40,1,0.7657,0.1386,0.0175,0.5965,15.0,0.29,2800.0
20,5,0.25,130,always_short,40,1,0.7658,0.1388,0.0175,0.596,15.0,0.29,2800.0
20,5,0.25,130,alternate,40,1,0.7632,0.1406,0.017,0.604,15.0,0.29,2882.35
20,5,0.25,66,always_short,40,1,0.7658,0.1386,0.0175,0.596,15.0,0.29,2800.0
20,10,0.5,30,always_short,20,1,0.6597,0.089,0.0173,0.294,14.86,0.29,2840.58
20,5,0.25,66,alternate,40,1,0.7632,0.1405,0.017,0.604,15.0,0.29,2882.35
20,10,0.5,130,alternate,20,1,0.655,0.0892,0.0164,0.305,14.87,0.28,2992.37
20,10,0.5,100,alternate,20,1,0.655,0.0892,0.0164,0.305,14.87,0.28,2992.37
20,10,0.5,30,alternate,20,1,0.6546,0.089,0.0163,0.3063,14.87,0.28,3015.38
40,5,0.125,100,always_long,20,2,0.875,0.0395,0.0166,0.5159,15.0,0.28,2947.37
40,5,0.125,66,always_long,20,2,0.8751,0.0395,0.0166,0.5152,15.0,0.28,2947.37
40,5,0.125,30,always_long,20,2,0.8747,0.0395,0.0164,0.5168,15.0,0.28,2992.37
20,10,0.5,45,alternate,20,1,0.6549,0.0891,0.0164,0.3051,14.87,0.28,2992.37
40,5,0.125,45,always_long,20,2,0.8751,0.0395,0.0166,0.5155,15.0,0.28,2947.37
20,10,0.5,66,alternate,20,1,0.6549,0.0891,0.0164,0.3051,14.87,0.28,2992.37
20,5,0.25,30,alternate,40,1,0.763,0.1403,0.0168,0.6052,15.0,0.28,2925.37
40,5,0.125,130,always_long,20,2,0.875,0.0396,0.0166,0.5158,15.0,0.28,2947.37
20,5,0.25,100,alternate,40,1,0.7632,0.1405,0.0169,0.6041,15.0,0.28,2903.7
20,5,0.25,100,always_long,40,1,0.7606,0.1424,0.0158,0.6138,15.0,0.26,3111.11
20,5,0.25,66,always_long,40,1,0.7607,0.1423,0.0158,0.6136,15.0,0.26,3111.11
20,5,0.25,45,always_long,40,1,0.7607,0.1422,0.0158,0.6135,15.0,0.26,3111.11
20,5,0.25,30,always_long,40,1,0.7605,0.1422,0.0158,0.6139,15.0,0.26,3111.11
20,5,0.25,130,always_long,40,1,0.7606,0.1425,0.0158,0.6138,15.0,0.26,3111.11
20,10,0.5,30,always_long,20,1,0.6495,0.0891,0.0149,0.3189,14.87,0.25,3294.12
20,10,0.5,45,always_long,20,1,0.6498,0.0891,0.015,0.3185,14.88,0.25,3266.67
20,10,0.5,100,always_long,20,1,0.6498,0.0892,0.015,0.3185,14.88,0.25,3266.67
20,10,0.5,130,always_long,20,1,0.6497,0.0893,0.015,0.3186,14.88,0.25,3266.67
20,10,0.5,66,always_long,20,1,0.6497,0.0892,0.015,0.3185,14.88,0.25,3266.67
15,6,0.4,45,always_short,20,2,0.6799,0.1879,0.0081,0.4333,14.57,0.14,6030.77
15,6,0.4,30,always_short,20,2,0.6798,0.1878,0.0081,0.4336,14.57,0.14,6030.77
40,10,0.25,130,always_short,10,2,0.7988,0.024,0.0083,0.2485,14.83,0.14,5939.39
40,10,0.25,45,always_short,10,2,0.7986,0.024,0.0083,0.2494,14.83,0.14,5939.39
15,6,0.4,130,always_short,20,2,0.6799,0.1882,0.0081,0.4333,14.57,0.14,6030.77
40,10,0.25,100,always_short,10,2,0.7988,0.024,0.0083,0.2486,14.83,0.14,5939.39
40,10,0.25,66,always_short,10,2,0.7987,0.024,0.0083,0.2491,14.83,0.14,5939.39
15,6,0.4,66,always_short,20,2,0.6799,0.188,0.0081,0.4333,14.57,0.14,6030.77
15,6,0.4,100,always_short,20,2,0.6799,0.188,0.0081,0.4333,14.57,0.14,6030.77
25,3,0.12,130,always_short,40,2,0.8536,0.1178,0.0075,0.7169,15.0,0.13,6533.33
15,6,0.4,45,alternate,20,2,0.6769,0.1874,0.0073,0.4469,14.57,0.13,6758.62
15,6,0.4,66,alternate,20,2,0.6769,0.1875,0.0073,0.4469,14.57,0.13,6758.62
40,10,0.25,30,always_short,10,2,0.7957,0.024,0.0074,0.2625,14.83,0.13,6644.07
25,3,0.12,30,always_short,40,2,0.8533,0.1176,0.0075,0.7183,15.0,0.13,6533.33
25,3,0.12,45,always_short,40,2,0.8535,0.1177,0.0075,0.7173,15.0,0.13,6533.33
25,3,0.12,66,always_short,40,2,0.8536,0.1177,0.0075,0.7169,15.0,0.13,6533.33
25,3,0.12,100,always_short,40,2,0.8536,0.1177,0.0075,0.7167,15.0,0.13,6533.33
25,3,0.12,45,alternate,40,2,0.8512,0.1198,0.007,0.7279,15.0,0.12,7000.0
25,3,0.12,30,alternate,40,2,0.8511,0.1198,0.007,0.7282,15.0,0.12,7000.0
25,3,0.12,130,alternate,40,2,0.8512,0.12,0.007,0.7279,15.0,0.12,7000.0
25,3,0.12,66,alternate,40,2,0.8512,0.1199,0.007,0.7279,15.0,0.12,7000.0
40,10,0.25,30,alternate,10,2,0.7926,0.025,0.007,0.2749,14.82,0.12,7000.0
25,3,0.12,100,alternate,40,2,0.8512,0.1199,0.007,0.7279,15.0,0.12,7000.0
40,10,0.25,130,alternate,10,2,0.7945,0.0251,0.0071,0.2665,14.82,0.12,6877.19
40,10,0.25,45,alternate,10,2,0.7944,0.025,0.0071,0.2672,14.82,0.12,6877.19
40,10,0.25,66,alternate,10,2,0.7945,0.025,0.0071,0.2667,14.82,0.12,6877.19
15,6,0.4,100,alternate,20,2,0.6769,0.1876,0.0071,0.4471,14.56,0.12,6877.19
40,10,0.25,100,alternate,10,2,0.7945,0.0251,0.0071,0.2666,14.82,0.12,6877.19
15,6,0.4,30,alternate,20,2,0.6768,0.1873,0.0071,0.4472,14.56,0.12,6877.19
15,6,0.4,130,alternate,20,2,0.6768,0.1877,0.0071,0.4472,14.56,0.12,6877.19
15,6,0.4,100,always_long,20,2,0.6739,0.1871,0.0064,0.4586,14.55,0.11,7686.27
40,10,0.25,45,always_long,10,2,0.7902,0.0261,0.0066,0.287,14.83,0.11,7396.23
40,10,0.25,100,always_long,10,2,0.7902,0.0261,0.0066,0.2868,14.83,0.11,7396.23
15,6,0.4,130,always_long,20,2,0.6738,0.1873,0.0064,0.4589,14.55,0.11,7686.27
25,3,0.12,66,always_long,40,2,0.8488,0.122,0.0065,0.7399,15.0,0.11,7538.46
25,3,0.12,45,always_long,40,2,0.8489,0.1219,0.0065,0.7394,15.0,0.11,7538.46
15,6,0.4,30,always_long,20,2,0.6738,0.1869,0.0064,0.4589,14.55,0.11,7686.27
40,10,0.25,30,always_long,10,2,0.7894,0.026,0.0064,0.2913,14.82,0.11,7686.27
25,3,0.12,100,always_long,40,2,0.8488,0.122,0.0065,0.7399,15.0,0.11,7538.46
25,3,0.12,30,always_long,40,2,0.8488,0.1219,0.0065,0.7399,15.0,0.11,7538.46
20,4,0.2,130,always_short,30,2,0.7892,0.1533,0.0063,0.7013,14.82,0.11,7840.0
15,6,0.4,45,always_long,20,2,0.674,0.187,0.0064,0.4584,14.55,0.11,7686.27
40,10,0.25,66,always_long,10,2,0.7903,0.0261,0.0066,0.2866,14.83,0.11,7396.23
20,4,0.2,30,always_short,30,2,0.789,0.153,0.0063,0.7024,14.82,0.11,7840.0
15,6,0.4,66,always_long,20,2,0.6739,0.1871,0.0064,0.4585,14.55,0.11,7686.27
20,4,0.2,45,always_short,30,2,0.7892,0.1531,0.0063,0.7015,14.82,0.11,7840.0
40,10,0.25,130,always_long,10,2,0.7902,0.0261,0.0066,0.2869,14.83,0.11,7396.23
25,3,0.12,130,always_long,40,2,0.8488,0.1221,0.0065,0.7399,15.0,0.11,7538.46
20,4,0.2,66,always_short,30,2,0.7892,0.1532,0.0063,0.7013,14.82,0.11,7840.0
20,4,0.2,100,always_short,30,2,0.7892,0.1532,0.0063,0.7014,14.82,0.11,7840.0
20,4,0.2,130,alternate,30,2,0.7876,0.1554,0.0057,0.7093,14.83,0.1,8521.74
10,3,0.3,30,always_long,50,2,0.6728,0.3826,0.0059,0.9144,14.53,0.1,8340.43
20,4,0.2,100,always_long,30,2,0.7861,0.1574,0.0056,0.7145,14.84,0.1,8711.11
20,4,0.2,66,always_long,30,2,0.7861,0.1573,0.0056,0.7144,14.84,0.1,8711.11
10,3,0.3,30,always_short,50,2,0.6731,0.3794,0.006,0.9141,14.52,0.1,8166.67
10,3,0.3,66,always_long,50,2,0.6727,0.3829,0.0059,0.9147,14.53,0.1,8340.43
10,3,0.3,66,always_short,50,2,0.6731,0.3795,0.006,0.9141,14.52,0.1,8166.67
20,4,0.2,45,always_long,30,2,0.7862,0.1573,0.0056,0.7135,14.84,0.1,8711.11
20,4,0.2,130,always_long,30,2,0.786,0.1575,0.0056,0.7145,14.84,0.1,8711.11
20,4,0.2,100,alternate,30,2,0.7876,0.1553,0.0057,0.7093,14.83,0.1,8521.74
20,4,0.2,66,alternate,30,2,0.7877,0.1553,0.0057,0.7087,14.83,0.1,8521.74
10,3,0.3,130,always_short,50,2,0.6731,0.38,0.006,0.9141,14.52,0.1,8166.67
10,3,0.3,66,alternate,50,2,0.6729,0.3812,0.0059,0.9144,14.53,0.1,8340.43
20,4,0.2,45,alternate,30,2,0.7877,0.1552,0.0057,0.7086,14.83,0.1,8521.74
10,3,0.3,100,alternate,50,2,0.6729,0.3814,0.0059,0.9144,14.53,0.1,8340.43
20,4,0.2,30,alternate,30,2,0.7876,0.1551,0.0057,0.7093,14.83,0.1,8521.74
10,3,0.3,130,always_long,50,2,0.6726,0.3832,0.0059,0.9147,14.53,0.1,8340.43
10,3,0.3,30,alternate,50,2,0.673,0.381,0.0059,0.9143,14.53,0.1,8340.43
10,3,0.3,45,alternate,50,2,0.673,0.3811,0.0059,0.9143,14.53,0.1,8340.43
10,3,0.3,130,alternate,50,2,0.6729,0.3816,0.0059,0.9144,14.53,0.1,8340.43
10,3,0.3,100,always_long,50,2,0.6727,0.383,0.0059,0.9147,14.53,0.1,8340.43
10,3,0.3,45,always_long,50,2,0.6728,0.3827,0.0059,0.9144,14.53,0.1,8340.43
20,4,0.2,30,always_long,30,2,0.7861,0.1572,0.0056,0.7145,14.84,0.1,8711.11
10,3,0.3,100,always_short,50,2,0.6731,0.3798,0.006,0.9141,14.52,0.1,8166.67
10,3,0.3,45,always_short,50,2,0.6731,0.3795,0.006,0.9141,14.52,0.1,8166.67
15,5,0.333,130,always_short,40,1,0.7044,0.2064,0.0047,0.5631,15.0,0.08,10315.79
30,5,0.167,66,always_short,20,2,0.8408,0.0687,0.0045,0.4708,15.0,0.08,10888.89
15,5,0.333,45,always_short,40,1,0.7044,0.2061,0.0047,0.5631,15.0,0.08,10315.79
15,5,0.333,66,always_short,40,1,0.7044,0.2062,0.0047,0.5631,15.0,0.08,10315.79
30,5,0.167,100,always_short,20,2,0.8408,0.0686,0.0045,0.4708,15.0,0.08,10888.89
30,5,0.167,45,always_short,20,2,0.8407,0.0686,0.0045,0.4709,15.0,0.08,10888.89
30,5,0.167,130,always_short,20,2,0.8408,0.0687,0.0045,0.4703,15.0,0.08,10888.89
15,5,0.333,100,always_short,40,1,0.7043,0.2062,0.0047,0.5634,15.0,0.08,10315.79
15,5,0.333,30,always_short,40,1,0.7044,0.206,0.0047,0.5631,15.0,0.08,10315.79
15,5,0.333,30,always_long,40,1,0.7009,0.2078,0.0039,0.5743,15.0,0.07,12645.16
15,5,0.333,30,alternate,40,1,0.7026,0.2069,0.0041,0.5693,15.0,0.07,11878.79
30,5,0.167,66,alternate,20,2,0.8379,0.0697,0.0043,0.4875,15.0,0.07,11529.41
15,5,0.333,66,alternate,40,1,0.7027,0.2071,0.0041,0.5691,15.0,0.07,11878.79
15,5,0.333,45,always_long,40,1,0.701,0.2079,0.0039,0.5743,15.0,0.07,12645.16
30,5,0.167,100,alternate,20,2,0.8379,0.0697,0.0043,0.4875,15.0,0.07,11529.41
15,5,0.333,66,always_long,40,1,0.701,0.208,0.0039,0.5743,15.0,0.07,12645.16
15,5,0.333,100,alternate,40,1,0.7026,0.2072,0.0041,0.5691,15.0,0.07,11878.79
15,5,0.333,100,always_long,40,1,0.7009,0.2081,0.0039,0.5743,15.0,0.07,12645.16
30,5,0.167,130,alternate,20,2,0.838,0.0698,0.0043,0.4869,15.0,0.07,11529.41
15,5,0.333,130,alternate,40,1,0.7026,0.2073,0.0041,0.5693,15.0,0.07,11878.79
15,5,0.333,130,always_long,40,1,0.7009,0.2083,0.0039,0.5743,15.0,0.07,12645.16
15,5,0.333,45,alternate,40,1,0.7027,0.207,0.0041,0.5691,15.0,0.07,11878.79
30,5,0.167,30,always_short,20,2,0.8398,0.0686,0.0043,0.4756,15.0,0.07,11529.41
30,5,0.167,30,alternate,20,2,0.8373,0.0697,0.004,0.4904,15.0,0.07,12250.0
30,5,0.167,45,alternate,20,2,0.8379,0.0697,0.0043,0.4875,15.0,0.07,11529.41
30,5,0.167,100,always_long,20,2,0.8351,0.0708,0.0037,0.5021,15.0,0.06,13066.67
30,5,0.167,130,always_long,20,2,0.8351,0.0709,0.0037,0.5019,15.0,0.06,13066.67
30,5,0.167,30,always_long,20,2,0.8348,0.0708,0.0037,0.5038,15.0,0.06,13066.67
30,5,0.167,45,always_long,20,2,0.8351,0.0708,0.0037,0.5021,15.0,0.06,13066.67
30,5,0.167,66,always_long,20,2,0.8351,0.0708,0.0037,0.502,15.0,0.06,13066.67
20,3,0.15,130,always_short,40,2,0.813,0.1703,0.0021,0.8264,15.0,0.04,23058.82
20,3,0.15,66,always_short,40,2,0.813,0.1701,0.0021,0.8264,15.0,0.04,23058.82
20,3,0.15,100,always_short,40,2,0.813,0.1702,0.0021,0.8264,15.0,0.04,23058.82
20,3,0.15,45,always_short,40,2,0.813,0.17,0.0021,0.8265,15.0,0.04,23058.82
30,10,0.333,66,always_short,10,2,0.7486,0.0453,0.002,0.1872,14.88,0.03,24500.0
20,3,0.15,100,alternate,40,2,0.8113,0.1719,0.0019,0.8314,15.0,0.03,26133.33
20,3,0.15,30,alternate,40,2,0.8112,0.1717,0.0019,0.8314,15.0,0.03,26133.33
30,10,0.333,100,always_short,10,2,0.7487,0.0453,0.002,0.1869,14.88,0.03,24500.0
20,3,0.15,66,alternate,40,2,0.8113,0.1719,0.0019,0.8313,15.0,0.03,26133.33
20,3,0.15,45,alternate,40,2,0.8113,0.1718,0.0019,0.8313,15.0,0.03,26133.33
30,10,0.333,30,always_short,10,2,0.7471,0.0453,0.0016,0.1924,14.85,0.03,30153.85
30,10,0.333,130,always_short,10,2,0.7487,0.0453,0.002,0.1867,14.88,0.03,24500.0
20,3,0.15,130,alternate,40,2,0.8113,0.1721,0.0019,0.8314,15.0,0.03,26133.33
30,10,0.333,45,always_short,10,2,0.7485,0.0453,0.002,0.1874,14.88,0.03,24500.0
20,3,0.15,30,always_short,40,2,0.8129,0.17,0.002,0.8269,15.0,0.03,24500.0
20,3,0.15,100,always_long,40,2,0.8095,0.1737,0.0013,0.8366,15.0,0.02,39200.0
20,3,0.15,130,always_long,40,2,0.8095,0.1738,0.0013,0.8369,15.0,0.02,39200.0
25,5,0.2,130,always_short,20,2,0.8094,0.0968,0.0013,0.4565,15.0,0.02,39200.0
20,3,0.15,66,always_long,40,2,0.8096,0.1736,0.0013,0.8364,15.0,0.02,39200.0
25,5,0.2,45,always_short,20,2,0.8093,0.0967,0.0013,0.4571,15.0,0.02,39200.0
25,5,0.2,45,alternate,20,2,0.8061,0.098,0.001,0.474,15.0,0.02,49000.0
25,5,0.2,66,alternate,20,2,0.8061,0.0981,0.001,0.4739,15.0,0.02,49000.0
30,10,0.333,66,always_long,10,2,0.7372,0.0452,0.0011,0.2295,15.0,0.02,43555.56
30,10,0.333,30,always_long,10,2,0.7366,0.0451,0.0011,0.2324,15.0,0.02,43555.56
30,10,0.333,45,alternate,10,2,0.7429,0.0452,0.0013,0.2079,14.9,0.02,39200.0
15,4,0.267,45,always_short,30,2,0.7304,0.2268,0.001,0.7204,15.0,0.02,49000.0
30,10,0.333,130,always_long,10,2,0.7373,0.0453,0.0011,0.2293,15.0,0.02,43555.56
15,4,0.267,100,always_short,30,2,0.7303,0.227,0.001,0.7205,15.0,0.02,49000.0
30,10,0.333,66,alternate,10,2,0.7429,0.0453,0.0013,0.2076,14.9,0.02,39200.0
15,4,0.267,130,always_short,30,2,0.7303,0.2271,0.001,0.7205,15.0,0.02,49000.0
25,5,0.2,130,alternate,20,2,0.8062,0.0982,0.001,0.4738,15.0,0.02,49000.0
15,4,0.267,30,always_short,30,2,0.7304,0.2267,0.001,0.7204,15.0,0.02,49000.0
30,10,0.333,45,always_long,10,2,0.7372,0.0452,0.0011,0.2295,15.0,0.02,43555.56
25,5,0.2,100,alternate,20,2,0.8061,0.0981,0.001,0.4739,15.0,0.02,49000.0
25,5,0.2,66,always_short,20,2,0.8094,0.0968,0.0013,0.4566,15.0,0.02,39200.0
30,10,0.333,100,alternate,10,2,0.743,0.0453,0.0013,0.2074,14.9,0.02,39200.0
20,3,0.15,45,always_long,40,2,0.8096,0.1735,0.0013,0.8361,15.0,0.02,39200.0
25,5,0.2,30,always_short,20,2,0.8089,0.0967,0.0013,0.4599,15.0,0.02,39200.0
30,10,0.333,30,alternate,10,2,0.7419,0.0452,0.0011,0.2112,14.89,0.02,43555.56
15,4,0.267,66,always_short,30,2,0.7304,0.2269,0.001,0.7204,15.0,0.02,49000.0
25,5,0.2,100,always_short,20,2,0.8094,0.0968,0.0013,0.4566,15.0,0.02,39200.0
30,10,0.333,130,alternate,10,2,0.743,0.0453,0.0013,0.2074,14.9,0.02,39200.0
20,3,0.15,30,always_long,40,2,0.8096,0.1735,0.0013,0.8363,15.0,0.02,39200.0
30,10,0.333,100,always_long,10,2,0.7373,0.0453,0.0011,0.2293,15.0,0.02,43555.56
10,5,0.5,100,always_long,40,1,0.6181,0.3134,0.0005,0.4716,15.0,0.01,98000.0
15,4,0.267,66,always_long,30,2,0.7279,0.2305,0.0008,0.7289,15.0,0.01,65333.33
15,4,0.267,66,alternate,30,2,0.7292,0.2287,0.0009,0.7256,15.0,0.01,56000.0
20,5,0.25,45,always_long,20,2,0.7607,0.1422,0.0004,0.5042,15.0,0.01,130666.67
20,5,0.25,30,always_long,20,2,0.7605,0.1422,0.0004,0.5055,15.0,0.01,130666.67
10,5,0.5,66,always_long,40,1,0.6182,0.3133,0.0005,0.4714,15.0,0.01,98000.0
10,5,0.5,66,always_short,40,1,0.6183,0.3118,0.0005,0.4706,15.0,0.01,98000.0
25,10,0.4,130,always_short,10,2,0.7097,0.063,0.0005,0.1441,15.0,0.01,98000.0
10,5,0.5,30,always_short,40,1,0.6183,0.3115,0.0005,0.471,15.0,0.01,98000.0
15,4,0.267,45,alternate,30,2,0.7292,0.2286,0.0009,0.7254,15.0,0.01,56000.0
15,4,0.267,30,alternate,30,2,0.7292,0.2285,0.0009,0.7255,15.0,0.01,56000.0
15,4,0.267,30,always_long,30,2,0.728,0.2303,0.0008,0.7286,15.0,0.01,65333.33
20,5,0.25,30,always_short,20,2,0.7655,0.1385,0.0004,0.4774,15.0,0.01,130666.67
20,5,0.25,45,alternate,20,2,0.7632,0.1404,0.0004,0.4916,15.0,0.01,130666.67
15,4,0.267,45,always_long,30,2,0.728,0.2304,0.0008,0.7286,15.0,0.01,65333.33
20,5,0.25,100,alternate,20,2,0.7632,0.1405,0.0004,0.4919,15.0,0.01,130666.67
20,5,0.25,45,always_short,20,2,0.7657,0.1386,0.0004,0.4759,15.0,0.01,130666.67
10,5,0.5,130,alternate,40,1,0.6182,0.3129,0.0005,0.4713,15.0,0.01,98000.0
25,5,0.2,66,always_long,20,2,0.8029,0.0994,0.0008,0.4919,15.0,0.01,65333.33
25,5,0.2,45,always_long,20,2,0.8029,0.0993,0.0008,0.4919,15.0,0.01,65333.33
25,5,0.2,30,always_long,20,2,0.8027,0.0993,0.0008,0.4926,15.0,0.01,65333.33
25,5,0.2,30,alternate,20,2,0.8058,0.098,0.0009,0.4756,15.0,0.01,56000.0
20,5,0.25,130,always_short,20,2,0.7658,0.1388,0.0004,0.4756,15.0,0.01,130666.67
10,5,0.5,130,always_long,40,1,0.6181,0.3136,0.0005,0.4718,15.0,0.01,98000.0
25,5,0.2,100,always_long,20,2,0.8029,0.0994,0.0008,0.4919,15.0,0.01,65333.33
10,5,0.5,100,alternate,40,1,0.6182,0.3127,0.0005,0.4713,15.0,0.01,98000.0
20,5,0.25,130,always_long,20,2,0.7606,0.1425,0.0004,0.5051,15.0,0.01,130666.67
20,5,0.25,130,alternate,20,2,0.7632,0.1406,0.0004,0.4915,15.0,0.01,130666.67
20,5,0.25,100,always_short,20,2,0.7658,0.1387,0.0004,0.4759,15.0,0.01,130666.67
10,5,0.5,30,always_long,40,1,0.6183,0.3131,0.0005,0.4708,15.0,0.01,98000.0
25,5,0.2,130,always_long,20,2,0.8029,0.0995,0.0008,0.4919,15.0,0.01,65333.33
20,5,0.25,100,always_long,20,2,0.7606,0.1424,0.0004,0.5044,15.0,0.01,130666.67
20,5,0.25,66,always_short,20,2,0.7658,0.1386,0.0004,0.4759,15.0,0.01,130666.67
10,5,0.5,30,alternate,40,1,0.6183,0.3123,0.0005,0.4709,15.0,0.01,98000.0
15,4,0.267,130,always_long,30,2,0.7279,0.2307,0.0008,0.729,15.0,0.01,65333.33
15,4,0.267,130,alternate,30,2,0.7291,0.2289,0.0009,0.7259,15.0,0.01,56000.0
20,5,0.25,66,always_long,20,2,0.7607,0.1423,0.0004,0.5044,15.0,0.01,130666.67
15,4,0.267,100,always_long,30,2,0.7279,0.2306,0.0008,0.7289,15.0,0.01,65333.33
20,5,0.25,66,alternate,20,2,0.7632,0.1405,0.0004,0.4916,15.0,0.01,130666.67
15,4,0.267,100,alternate,30,2,0.7291,0.2288,0.0009,0.7258,15.0,0.01,56000.0
10,5,0.5,45,alternate,40,1,0.6183,0.3124,0.0005,0.4709,15.0,0.01,98000.0
25,10,0.4,45,always_short,10,2,0.7095,0.0629,0.0005,0.1446,15.0,0.01,98000.0
20,5,0.25,30,alternate,20,2,0.763,0.1403,0.0004,0.4935,15.0,0.01,130666.67
25,10,0.4,30,alternate,10,2,0.7035,0.0624,0.0005,0.1629,15.0,0.01,98000.0
25,10,0.4,130,always_long,10,2,0.6987,0.0621,0.0004,0.1757,15.0,0.01,130666.67
25,10,0.4,45,alternate,10,2,0.7041,0.0624,0.0005,0.1611,15.0,0.01,98000.0
10,5,0.5,130,always_short,40,1,0.6183,0.3122,0.0005,0.4706,15.0,0.01,98000.0
25,10,0.4,45,always_long,10,2,0.6986,0.0619,0.0004,0.1759,15.0,0.01,130666.67
10,5,0.5,66,alternate,40,1,0.6183,0.3125,0.0005,0.471,15.0,0.01,98000.0
10,5,0.5,45,always_short,40,1,0.6183,0.3116,0.0005,0.4709,15.0,0.01,98000.0
25,10,0.4,30,always_short,10,2,0.7088,0.0629,0.0005,0.147,15.0,0.01,98000.0
25,10,0.4,66,always_long,10,2,0.6986,0.062,0.0004,0.1759,15.0,0.01,130666.67
25,10,0.4,30,always_long,10,2,0.6983,0.0619,0.0004,0.1765,15.0,0.01,130666.67
25,10,0.4,66,always_short,10,2,0.7095,0.0629,0.0005,0.1444,15.0,0.01,98000.0
10,5,0.5,45,always_long,40,1,0.6183,0.3132,0.0005,0.471,15.0,0.01,98000.0
25,10,0.4,100,alternate,10,2,0.7042,0.0625,0.0005,0.1609,15.0,0.01,98000.0
25,10,0.4,100,always_long,10,2,0.6987,0.062,0.0004,0.1757,15.0,0.01,130666.67
25,10,0.4,66,alternate,10,2,0.7041,0.0624,0.0005,0.161,15.0,0.01,98000.0
10,5,0.5,100,always_short,40,1,0.6183,0.3119,0.0005,0.471,15.0,0.01,98000.0
25,10,0.4,100,always_short,10,2,0.7096,0.0629,0.0005,0.1441,15.0,0.01,98000.0
25,10,0.4,130,alternate,10,2,0.7042,0.0625,0.0005,0.1609,15.0,0.01,98000.0
50,4,0.08,100,always_short,40,1,0.92,0.0225,0.0,0.1148,,0.0,
50,6,0.12,66,always_long,10,2,0.8828,0.0216,0.0,0.2159,,0.0,
50,6,0.12,45,alternate,20,1,0.8859,0.0204,0.0,0.2386,,0.0,
40,4,0.1,130,always_short,40,1,0.8975,0.039,0.0,0.1852,,0.0,
50,5,0.1,66,alternate,30,1,0.9021,0.0223,0.0,0.1704,,0.0,
40,3,0.075,66,always_long,30,2,0.9124,0.0486,0.0,0.4298,,0.0,
50,6,0.12,45,alternate,30,1,0.8859,0.0204,0.0,0.205,,0.0,
50,5,0.1,66,alternate,20,1,0.9021,0.0223,0.0,0.2,,0.0,
40,3,0.075,66,always_long,40,1,0.9124,0.0486,0.0,0.1619,,0.0,
50,12,0.24,66,always_short,10,1,0.8083,0.0125,0.0,0.1517,,0.0,
50,4,0.08,130,alternate,40,1,0.9181,0.0247,0.0,0.1215,,0.0,
50,6,0.12,45,always_long,10,1,0.8828,0.0216,0.0,0.0761,,0.0,
50,6,0.12,45,always_long,10,2,0.8828,0.0216,0.0,0.2157,,0.0,
40,4,0.1,130,always_short,50,1,0.8975,0.039,0.0,0.1659,,0.0,
50,5,0.1,30,always_short,20,1,0.9025,0.0209,0.0,0.1981,,0.0,
50,5,0.1,66,alternate,10,2,0.9021,0.0223,0.0,0.1715,,0.0,
50,4,0.08,130,alternate,50,1,0.9181,0.0247,0.0,0.1077,,0.0,
50,6,0.12,45,alternate,10,1,0.8859,0.0204,0.0,0.07,,0.0,
50,6,0.12,45,alternate,10,2,0.8859,0.0204,0.0,0.202,,0.0,
50,4,0.08,130,always_long,10,2,0.9162,0.0268,0.0,0.1444,,0.0,
50,5,0.1,30,always_short,10,2,0.9025,0.0209,0.0,0.1695,,0.0,
50,6,0.12,30,always_short,10,1,0.8863,0.0193,0.0,0.0689,,0.0,
50,5,0.1,66,always_long,20,1,0.8992,0.0236,0.0,0.2099,,0.0,
50,5,0.1,66,always_long,10,2,0.8992,0.0236,0.0,0.1861,,0.0,
50,4,0.08,130,always_long,20,1,0.9162,0.0268,0.0,0.159,,0.0,
50,6,0.12,30,always_short,10,2,0.8863,0.0193,0.0,0.1998,,0.0,
50,5,0.1,45,alternate,20,1,0.902,0.0222,0.0,0.2,,0.0,
50,6,0.12,45,always_long,30,1,0.8828,0.0216,0.0,0.2152,,0.0,
50,4,0.08,130,always_long,10,1,0.9162,0.0268,0.0,0.0341,,0.0,
50,6,0.12,30,always_short,20,1,0.8863,0.0193,0.0,0.2365,,0.0,
50,6,0.12,30,always_short,30,1,0.8863,0.0193,0.0,0.2031,,0.0,
50,5,0.1,66,always_long,10,1,0.8992,0.0236,0.0,0.0574,,0.0,
50,15,0.3,66,always_short,10,1,0.7729,0.0109,0.0,0.2121,,0.0,
40,3,0.075,66,always_long,20,1,0.9124,0.0486,0.0,0.1735,,0.0,
50,6,0.12,45,always_long,20,1,0.8828,0.0216,0.0,0.2494,,0.0,
40,3,0.075,100,alternate,10,2,0.9138,0.0456,0.0,0.0984,,0.0,
50,5,0.1,45,always_long,10,2,0.8993,0.0235,0.0,0.1861,,0.0,
40,3,0.075,66,always_long,30,1,0.9124,0.0486,0.0,0.1735,,0.0,
50,5,0.1,45,always_short,10,2,0.9048,0.0209,0.0,0.1578,,0.0,
50,5,0.1,45,always_short,10,1,0.9048,0.0209,0.0,0.048,,0.0,
50,5,0.1,45,always_long,10,1,0.8993,0.0235,0.0,0.0574,,0.0,
50,5,0.1,45,always_long,30,1,0.8993,0.0235,0.0,0.1789,,0.0,
50,4,0.08,100,always_short,30,1,0.92,0.0225,0.0,0.1283,,0.0,
50,12,0.24,100,always_long,10,1,0.7985,0.0143,0.0,0.173,,0.0,
50,4,0.08,100,always_short,50,1,0.92,0.0225,0.0,0.1021,,0.0,
50,5,0.1,45,always_long,20,1,0.8993,0.0235,0.0,0.2099,,0.0,
50,5,0.1,45,alternate,10,1,0.902,0.0222,0.0,0.0525,,0.0,
50,6,0.12,66,alternate,10,1,0.886,0.0205,0.0,0.0699,,0.0,
40,3,0.075,100,alternate,10,1,0.9138,0.0456,0.0,0.0095,,0.0,
50,6,0.12,66,alternate,30,1,0.886,0.0205,0.0,0.204,,0.0,
40,5,0.125,30,alternate,30,1,0.8766,0.0377,0.0,0.2551,,0.0,
50,6,0.12,66,alternate,10,2,0.886,0.0205,0.0,0.2015,,0.0,
50,6,0.12,66,alternate,20,1,0.886,0.0205,0.0,0.2375,,0.0,
50,6,0.12,45,always_short,30,1,0.8889,0.0193,0.0,0.194,,0.0,
50,6,0.12,45,always_short,20,1,0.8889,0.0193,0.0,0.2275,,0.0,
50,5,0.1,66,alternate,10,1,0.9021,0.0223,0.0,0.0524,,0.0,
50,5,0.1,45,alternate,30,1,0.902,0.0222,0.0,0.1704,,0.0,
50,5,0.1,45,always_short,30,1,0.9048,0.0209,0.0,0.1616,,0.0,
50,4,0.08,130,alternate,30,1,0.9181,0.0247,0.0,0.136,,0.0,
50,6,0.12,45,always_short,10,1,0.8889,0.0193,0.0,0.0643,,0.0,
50,4,0.08,130,alternate,20,2,0.9181,0.0247,0.0,0.3882,,0.0,
50,5,0.1,45,always_short,20,1,0.9048,0.0209,0.0,0.1908,,0.0,
50,12,0.24,130,alternate,10,1,0.8034,0.0134,0.0,0.161,,0.0,
40,3,0.075,66,always_short,50,1,0.9153,0.0425,0.0,0.1356,,0.0,
50,4,0.08,130,alternate,20,1,0.9181,0.0247,0.0,0.1532,,0.0,
50,6,0.12,66,always_long,10,1,0.8828,0.0216,0.0,0.0761,,0.0,
50,6,0.12,45,always_short,10,2,0.8889,0.0193,0.0,0.1883,,0.0,
50,4,0.08,130,alternate,10,2,0.9181,0.0247,0.0,0.1351,,0.0,
40,4,0.1,130,always_long,50,1,0.8945,0.0447,0.0,0.1754,,0.0,
50,4,0.08,130,alternate,10,1,0.9181,0.0247,0.0,0.032,,0.0,
40,3,0.075,66,always_long,20,2,0.9124,0.0486,0.0,0.438,,0.0,
50,5,0.1,30,always_short,30,1,0.9025,0.0209,0.0,0.1684,,0.0,
50,6,0.12,30,always_long,30,1,0.8822,0.0215,0.0,0.217,,0.0,
50,6,0.12,30,always_long,10,2,0.8822,0.0215,0.0,0.2189,,0.0,
50,4,0.08,130,always_long,20,2,0.9162,0.0268,0.0,0.4007,,0.0,
40,5,0.125,30,alternate,10,2,0.8766,0.0377,0.0,0.1516,,0.0,
50,5,0.1,130,alternate,20,1,0.902,0.0223,0.0,0.2,,0.0,
50,5,0.1,30,always_long,10,2,0.8987,0.0234,0.0,0.1894,,0.0,
40,3,0.075,66,always_short,30,2,0.9153,0.0425,0.0,0.4069,,0.0,
50,4,0.08,130,always_short,50,1,0.92,0.0225,0.0,0.102,,0.0,
50,5,0.1,130,alternate,30,1,0.902,0.0223,0.0,0.1704,,0.0,
50,5,0.1,130,always_long,10,1,0.8992,0.0236,0.0,0.0576,,0.0,
50,5,0.1,30,always_long,20,1,0.8987,0.0234,0.0,0.2124,,0.0,
40,3,0.075,66,always_long,10,2,0.9124,0.0486,0.0,0.1041,,0.0,
50,5,0.1,100,always_long,20,1,0.8992,0.0236,0.0,0.2102,,0.0,
50,4,0.08,130,always_short,40,1,0.92,0.0225,0.0,0.1145,,0.0,
50,5,0.1,130,always_long,10,2,0.8992,0.0236,0.0,0.1867,,0.0,
50,4,0.08,130,always_short,30,1,0.92,0.0225,0.0,0.128,,0.0,
40,4,0.1,130,always_short,20,1,0.8975,0.039,0.0,0.2333,,0.0,
50,5,0.1,130,always_long,20,1,0.8992,0.0236,0.0,0.2104,,0.0,
50,5,0.1,100,always_long,10,2,0.8992,0.0236,0.0,0.1866,,0.0,
40,3,0.075,66,always_short,20,1,0.9153,0.0425,0.0,0.1626,,0.0,
50,5,0.1,30,alternate,10,1,0.9006,0.0222,0.0,0.0554,,0.0,
40,3,0.075,66,always_short,20,2,0.9153,0.0425,0.0,0.4158,,0.0,
40,4,0.1,130,always_short,30,1,0.8975,0.039,0.0,0.2064,,0.0,
40,5,0.125,30,alternate,10,1,0.8766,0.0377,0.0,0.0323,,0.0,
50,5,0.1,100,always_short,10,2,0.9048,0.021,0.0,0.1576,,0.0,
50,5,0.1,100,always_short,20,1,0.9048,0.021,0.0,0.1906,,0.0,
40,3,0.075,66,always_long,10,1,0.9124,0.0486,0.0,0.0105,,0.0,
40,3,0.075,66,always_short,30,1,0.9153,0.0425,0.0,0.1626,,0.0,
50,5,0.1,100,always_short,10,1,0.9048,0.021,0.0,0.0479,,0.0,
50,12,0.24,100,always_short,10,1,0.8083,0.0125,0.0,0.1516,,0.0,
40,4,0.1,130,always_short,20,2,0.8975,0.039,0.0,0.4471,,0.0,
50,5,0.1,30,alternate,30,1,0.9006,0.0222,0.0,0.175,,0.0,
50,5,0.1,30,alternate,10,2,0.9006,0.0222,0.0,0.1796,,0.0,
40,3,0.075,66,alternate,50,1,0.9138,0.0455,0.0,0.1409,,0.0,
50,5,0.1,100,always_long,30,1,0.8992,0.0236,0.0,0.1792,,0.0,
50,5,0.1,100,always_short,30,1,0.9048,0.021,0.0,0.1614,,0.0,
50,5,0.1,30,alternate,20,1,0.9006,0.0222,0.0,0.206,,0.0,
50,5,0.1,130,alternate,10,1,0.902,0.0223,0.0,0.0524,,0.0,
50,5,0.1,30,always_long,10,1,0.8987,0.0234,0.0,0.058,,0.0,
50,5,0.1,130,alternate,10,2,0.902,0.0223,0.0,0.1716,,0.0,
40,3,0.075,66,always_short,40,1,0.9153,0.0425,0.0,0.1517,,0.0,
50,5,0.1,130,always_long,30,1,0.8992,0.0236,0.0,0.1792,,0.0,
40,4,0.1,130,always_short,10,1,0.8975,0.039,0.0,0.0158,,0.0,
50,5,0.1,66,always_short,10,2,0.9049,0.021,0.0,0.1574,,0.0,
50,15,0.3,66,always_long,10,1,0.7617,0.0116,0.0,0.2434,,0.0,
50,6,0.12,30,alternate,10,1,0.8843,0.0204,0.0,0.0734,,0.0,
50,5,0.1,30,always_short,10,1,0.9025,0.0209,0.0,0.0519,,0.0,
50,5,0.1,66,always_short,20,1,0.9049,0.021,0.0,0.1905,,0.0,
40,5,0.125,30,alternate,20,1,0.8766,0.0377,0.0,0.2956,,0.0,
50,6,0.12,30,alternate,10,2,0.8843,0.0204,0.0,0.2086,,0.0,
50,6,0.12,30,alternate,20,1,0.8843,0.0204,0.0,0.2452,,0.0,
50,5,0.1,66,always_short,10,1,0.9049,0.021,0.0,0.0478,,0.0,
50,4,0.08,130,always_long,50,1,0.9162,0.0268,0.0,0.1111,,0.0,
50,5,0.1,66,always_long,30,1,0.8992,0.0236,0.0,0.1789,,0.0,
50,6,0.12,30,alternate,30,1,0.8843,0.0204,0.0,0.2112,,0.0,
50,6,0.12,30,always_long,10,1,0.8822,0.0215,0.0,0.0769,,0.0,
50,4,0.08,130,always_long,40,1,0.9162,0.0268,0.0,0.126,,0.0,
50,6,0.12,30,always_long,20,1,0.8822,0.0215,0.0,0.2514,,0.0,
40,3,0.075,66,always_long,50,1,0.9124,0.0486,0.0,0.1445,,0.0,
50,4,0.08,130,always_long,30,1,0.9162,0.0268,0.0,0.1411,,0.0,
40,3,0.075,66,always_short,10,1,0.9153,0.0425,0.0,0.0091,,0.0,
40,4,0.1,130,always_short,10,2,0.8975,0.039,0.0,0.1066,,0.0,
50,4,0.08,130,always_short,20,2,0.92,0.0225,0.0,0.3751,,0.0,
40,3,0.075,66,always_short,10,2,0.9153,0.0425,0.0,0.0934,,0.0,
50,5,0.1,100,always_long,10,1,0.8992,0.0236,0.0,0.0576,,0.0,
50,4,0.08,130,always_short,20,1,0.92,0.0225,0.0,0.144,,0.0,
50,4,0.08,130,always_short,10,2,0.92,0.0225,0.0,0.1264,,0.0,
50,5,0.1,100,alternate,30,1,0.902,0.0223,0.0,0.1704,,0.0,
50,5,0.1,130,always_short,10,1,0.9049,0.021,0.0,0.0478,,0.0,
50,5,0.1,130,always_short,10,2,0.9049,0.021,0.0,0.1574,,0.0,
50,5,0.1,30,always_long,30,1,0.8987,0.0234,0.0,0.181,,0.0,
50,6,0.12,66,always_long,20,1,0.8828,0.0216,0.0,0.2496,,0.0,
50,5,0.1,66,always_short,30,1,0.9049,0.021,0.0,0.1611,,0.0,
50,4,0.08,130,always_short,10,1,0.92,0.0225,0.0,0.0295,,0.0,
50,5,0.1,130,always_short,20,1,0.9049,0.021,0.0,0.1905,,0.0,
50,5,0.1,100,alternate,20,1,0.902,0.0223,0.0,0.2,,0.0,
50,5,0.1,100,alternate,10,2,0.902,0.0223,0.0,0.1719,,0.0,
50,12,0.24,100,alternate,10,1,0.8034,0.0134,0.0,0.1609,,0.0,
50,5,0.1,130,always_short,30,1,0.9049,0.021,0.0,0.1611,,0.0,
50,5,0.1,100,alternate,10,1,0.902,0.0223,0.0,0.0525,,0.0,
50,5,0.1,45,alternate,10,2,0.902,0.0222,0.0,0.1719,,0.0,
40,3,0.075,130,always_short,40,1,0.9153,0.0425,0.0,0.1516,,0.0,
50,6,0.12,66,always_long,30,1,0.8828,0.0216,0.0,0.2154,,0.0,
40,4,0.1,45,always_short,50,1,0.8975,0.0389,0.0,0.1659,,0.0,
40,4,0.1,66,always_long,30,1,0.8947,0.0447,0.0,0.2172,,0.0,
40,4,0.1,66,always_long,20,2,0.8947,0.0447,0.0,0.4651,,0.0,
40,4,0.1,66,always_long,20,1,0.8947,0.0447,0.0,0.246,,0.0,
40,4,0.1,66,always_long,10,2,0.8947,0.0447,0.0,0.1182,,0.0,
40,4,0.1,66,always_long,10,1,0.8947,0.0447,0.0,0.0181,,0.0,
40,4,0.1,66,alternate,50,1,0.8961,0.0418,0.0,0.1701,,0.0,
40,4,0.1,66,alternate,40,1,0.8961,0.0418,0.0,0.1898,,0.0,
40,4,0.1,66,alternate,30,1,0.8961,0.0418,0.0,0.2112,,0.0,
40,4,0.1,66,alternate,20,2,0.8961,0.0418,0.0,0.4564,,0.0,
40,4,0.1,66,alternate,20,1,0.8961,0.0418,0.0,0.2391,,0.0,
40,4,0.1,66,alternate,10,2,0.8961,0.0418,0.0,0.1115,,0.0,
40,4,0.1,66,alternate,10,1,0.8961,0.0418,0.0,0.0169,,0.0,
50,10,0.2,100,always_long,10,1,0.8251,0.0166,0.0,0.14,,0.0,
40,4,0.1,45,always_short,40,1,0.8975,0.0389,0.0,0.1852,,0.0,
40,3,0.075,130,alternate,10,1,0.9138,0.0456,0.0,0.0096,,0.0,
40,3,0.075,100,always_short,30,1,0.9153,0.0425,0.0,0.1625,,0.0,
40,4,0.1,45,always_short,30,1,0.8975,0.0389,0.0,0.2064,,0.0,
40,4,0.1,45,always_short,20,2,0.8975,0.0389,0.0,0.4472,,0.0,
40,4,0.1,45,always_short,20,1,0.8975,0.0389,0.0,0.2333,,0.0,
40,4,0.1,45,always_short,10,2,0.8975,0.0389,0.0,0.1066,,0.0,
40,4,0.1,45,always_short,10,1,0.8975,0.0389,0.0,0.0158,,0.0,
50,10,0.2,100,always_short,10,1,0.8333,0.0143,0.0,0.1215,,0.0,
40,3,0.075,100,always_short,30,2,0.9153,0.0425,0.0,0.4068,,0.0,
40,4,0.1,45,always_long,50,1,0.8947,0.0446,0.0,0.1752,,0.0,
40,3,0.075,100,always_short,40,1,0.9153,0.0425,0.0,0.1516,,0.0,
40,3,0.075,100,always_short,50,1,0.9153,0.0425,0.0,0.1355,,0.0,
40,4,0.1,45,always_long,40,1,0.8947,0.0446,0.0,0.1955,,0.0,
50,12,0.24,130,always_short,10,1,0.8084,0.0125,0.0,0.1515,,0.0,
40,4,0.1,66,always_long,40,1,0.8947,0.0447,0.0,0.1955,,0.0,
50,10,0.2,100,alternate,10,1,0.8292,0.0155,0.0,0.1299,,0.0,
40,4,0.1,66,always_long,50,1,0.8947,0.0447,0.0,0.1752,,0.0,
50,15,0.3,30,always_long,10,1,0.7579,0.0116,0.0,0.2549,,0.0,
40,4,0.1,100,always_short,10,1,0.8975,0.0389,0.0,0.0158,,0.0,
40,4,0.1,100,always_long,50,1,0.8946,0.0447,0.0,0.1754,,0.0,
50,10,0.2,66,always_long,10,1,0.8251,0.0166,0.0,0.14,,0.0,
40,4,0.1,100,always_long,40,1,0.8946,0.0447,0.0,0.1958,,0.0,
40,3,0.075,100,always_short,20,1,0.9153,0.0425,0.0,0.1625,,0.0,
40,4,0.1,100,always_long,30,1,0.8946,0.0447,0.0,0.2174,,0.0,
40,4,0.1,100,always_long,20,2,0.8946,0.0447,0.0,0.4655,,0.0,
40,4,0.1,100,always_long,20,1,0.8946,0.0447,0.0,0.2461,,0.0,
40,4,0.1,100,always_long,10,2,0.8946,0.0447,0.0,0.1185,,0.0,
40,4,0.1,100,always_long,10,1,0.8946,0.0447,0.0,0.0182,,0.0,
50,12,0.24,45,always_long,10,1,0.7984,0.0143,0.0,0.1734,,0.0,
40,4,0.1,100,alternate,50,1,0.896,0.0418,0.0,0.1701,,0.0,
40,3,0.075,100,always_short,20,2,0.9153,0.0425,0.0,0.4155,,0.0,
40,4,0.1,100,alternate,40,1,0.896,0.0418,0.0,0.1898,,0.0,
40,4,0.1,100,alternate,30,1,0.896,0.0418,0.0,0.2112,,0.0,
40,4,0.1,100,alternate,20,2,0.896,0.0418,0.0,0.4565,,0.0,
40,4,0.1,100,alternate,20,1,0.896,0.0418,0.0,0.2391,,0.0,
40,4,0.1,100,alternate,10,2,0.896,0.0418,0.0,0.1115,,0.0,
40,4,0.1,100,alternate,10,1,0.896,0.0418,0.0,0.0169,,0.0,
50,10,0.2,66,always_short,10,1,0.8332,0.0143,0.0,0.1217,,0.0,
40,4,0.1,66,always_short,50,1,0.8975,0.0389,0.0,0.166,,0.0,
40,4,0.1,66,always_short,40,1,0.8975,0.0389,0.0,0.1854,,0.0,
40,4,0.1,66,always_short,30,1,0.8975,0.0389,0.0,0.2065,,0.0,
40,4,0.1,66,always_short,20,2,0.8975,0.0389,0.0,0.4472,,0.0,
40,4,0.1,66,always_short,20,1,0.8975,0.0389,0.0,0.2334,,0.0,
40,4,0.1,66,always_short,10,2,0.8975,0.0389,0.0,0.1067,,0.0,
40,4,0.1,66,always_short,10,1,0.8975,0.0389,0.0,0.0158,,0.0,
40,4,0.1,45,always_long,30,1,0.8947,0.0446,0.0,0.2172,,0.0,
40,4,0.1,45,always_long,20,2,0.8947,0.0446,0.0,0.4651,,0.0,
40,4,0.1,130,always_long,40,1,0.8945,0.0447,0.0,0.1958,,0.0,
40,4,0.1,30,alternate,50,1,0.8955,0.0418,0.0,0.1724,,0.0,
40,4,0.1,30,always_long,50,1,0.8945,0.0446,0.0,0.1755,,0.0,
50,10,0.2,130,always_short,10,1,0.8333,0.0143,0.0,0.1215,,0.0,
40,3,0.075,130,always_long,30,1,0.9123,0.0486,0.0,0.1739,,0.0,
40,4,0.1,30,always_long,40,1,0.8945,0.0446,0.0,0.196,,0.0,
40,3,0.075,130,always_long,30,2,0.9123,0.0486,0.0,0.4306,,0.0,
40,4,0.1,30,always_long,30,1,0.8945,0.0446,0.0,0.2176,,0.0,
40,4,0.1,30,always_long,20,2,0.8945,0.0446,0.0,0.4655,,0.0,
40,4,0.1,30,always_long,20,1,0.8945,0.0446,0.0,0.2465,,0.0,
40,3,0.075,130,always_long,40,1,0.9123,0.0486,0.0,0.1623,,0.0,
40,4,0.1,30,always_long,10,2,0.8945,0.0446,0.0,0.1186,,0.0,
40,4,0.1,30,always_long,10,1,0.8945,0.0446,0.0,0.0184,,0.0,
40,3,0.075,130,always_long,50,1,0.9123,0.0486,0.0,0.1449,,0.0,
50,12,0.24,30,always_short,10,1,0.8021,0.0125,0.0,0.1645,,0.0,
40,3,0.075,130,always_short,10,1,0.9153,0.0425,0.0,0.0091,,0.0,
40,4,0.1,45,always_long,20,1,0.8947,0.0446,0.0,0.246,,0.0,
40,4,0.1,30,alternate,40,1,0.8955,0.0418,0.0,0.1925,,0.0,
40,3,0.075,130,always_short,10,2,0.9153,0.0425,0.0,0.0934,,0.0,
50,12,0.24,30,alternate,10,1,0.7992,0.0133,0.0,0.172,,0.0,
40,4,0.1,30,alternate,30,1,0.8955,0.0418,0.0,0.214,,0.0,
40,4,0.1,30,alternate,20,2,0.8955,0.0418,0.0,0.4602,,0.0,
40,4,0.1,30,alternate,20,1,0.8955,0.0418,0.0,0.2425,,0.0,
40,4,0.1,30,alternate,10,2,0.8955,0.0418,0.0,0.115,,0.0,
40,4,0.1,30,alternate,10,1,0.8955,0.0418,0.0,0.0174,,0.0,
50,12,0.24,30,always_long,10,1,0.7963,0.0142,0.0,0.1786,,0.0,
40,3,0.075,130,always_short,20,1,0.9153,0.0425,0.0,0.1625,,0.0,
40,3,0.075,130,always_short,50,1,0.9153,0.0425,0.0,0.1355,,0.0,
40,3,0.075,130,always_short,20,2,0.9153,0.0425,0.0,0.4155,,0.0,
40,3,0.075,130,always_short,30,1,0.9153,0.0425,0.0,0.1625,,0.0,
50,15,0.3,30,alternate,10,1,0.7613,0.0112,0.0,0.2446,,0.0,
40,4,0.1,30,always_short,10,1,0.8965,0.0389,0.0,0.0165,,0.0,
40,3,0.075,130,always_long,20,2,0.9123,0.0486,0.0,0.4386,,0.0,
40,4,0.1,30,always_short,10,2,0.8965,0.0389,0.0,0.11,,0.0,
40,4,0.1,45,always_long,10,2,0.8947,0.0446,0.0,0.1182,,0.0,
40,4,0.1,45,always_long,10,1,0.8947,0.0446,0.0,0.0181,,0.0,
50,10,0.2,130,alternate,10,1,0.8292,0.0155,0.0,0.1299,,0.0,
40,4,0.1,45,alternate,50,1,0.8961,0.0418,0.0,0.1699,,0.0,
40,3,0.075,130,alternate,10,2,0.9138,0.0456,0.0,0.0988,,0.0,
40,3,0.075,130,alternate,20,1,0.9138,0.0456,0.0,0.1689,,0.0,
40,4,0.1,45,alternate,40,1,0.8961,0.0418,0.0,0.1895,,0.0,
40,3,0.075,130,alternate,20,2,0.9138,0.0456,0.0,0.4274,,0.0,
40,3,0.075,130,alternate,30,1,0.9138,0.0456,0.0,0.1689,,0.0,
40,4,0.1,45,alternate,30,1,0.8961,0.0418,0.0,0.2111,,0.0,
40,4,0.1,45,alternate,20,2,0.8961,0.0418,0.0,0.4564,,0.0,
40,4,0.1,45,alternate,20,1,0.8961,0.0418,0.0,0.239,,0.0,
40,4,0.1,45,alternate,10,2,0.8961,0.0418,0.0,0.1115,,0.0,
40,3,0.075,130,alternate,30,2,0.9138,0.0456,0.0,0.4183,,0.0,
40,4,0.1,45,alternate,10,1,0.8961,0.0418,0.0,0.0169,,0.0,
40,3,0.075,130,alternate,40,1,0.9138,0.0456,0.0,0.1575,,0.0,
50,12,0.24,45,alternate,10,1,0.8026,0.0134,0.0,0.1629,,0.0,
40,4,0.1,30,always_short,50,1,0.8965,0.0389,0.0,0.1689,,0.0,
50,10,0.2,130,always_long,10,1,0.8251,0.0166,0.0,0.1403,,0.0,
40,4,0.1,30,always_short,40,1,0.8965,0.0389,0.0,0.1884,,0.0,
40,3,0.075,130,alternate,50,1,0.9138,0.0456,0.0,0.1409,,0.0,
40,4,0.1,30,always_short,30,1,0.8965,0.0389,0.0,0.21,,0.0,
40,4,0.1,30,always_short,20,2,0.8965,0.0389,0.0,0.4542,,0.0,
40,3,0.075,130,always_long,10,1,0.9123,0.0486,0.0,0.0106,,0.0,
40,3,0.075,130,always_long,10,2,0.9123,0.0486,0.0,0.1045,,0.0,
40,4,0.1,30,always_short,20,1,0.8965,0.0389,0.0,0.2376,,0.0,
40,3,0.075,130,always_long,20,1,0.9123,0.0486,0.0,0.1739,,0.0,
40,4,0.1,100,always_short,10,2,0.8975,0.0389,0.0,0.1066,,0.0,
40,4,0.1,100,always_short,20,1,0.8975,0.0389,0.0,0.2333,,0.0,
40,4,0.1,100,always_short,20,2,0.8975,0.0389,0.0,0.4472,,0.0,
50,8,0.16,30,alternate,10,2,0.8553,0.0177,0.0,0.2685,,0.0,
40,3,0.075,100,alternate,50,1,0.9138,0.0456,0.0,0.1409,,0.0,
50,6,0.12,130,always_long,10,1,0.8827,0.0216,0.0,0.0764,,0.0,
50,6,0.12,130,always_long,10,2,0.8827,0.0216,0.0,0.2165,,0.0,
50,6,0.12,130,always_long,20,1,0.8827,0.0216,0.0,0.25,,0.0,
40,4,0.1,130,always_long,20,1,0.8945,0.0447,0.0,0.2461,,0.0,
50,6,0.12,130,always_long,30,1,0.8827,0.0216,0.0,0.2156,,0.0,
50,6,0.12,130,always_short,10,1,0.8892,0.0193,0.0,0.0634,,0.0,
50,6,0.12,130,always_short,10,2,0.8892,0.0193,0.0,0.1857,,0.0,
50,6,0.12,130,always_short,20,1,0.8892,0.0193,0.0,0.2264,,0.0,
50,6,0.12,130,always_short,30,1,0.8892,0.0193,0.0,0.1928,,0.0,
50,15,0.3,45,always_short,10,1,0.7708,0.0109,0.0,0.2171,,0.0,
40,4,0.1,130,always_long,10,2,0.8945,0.0447,0.0,0.1185,,0.0,
50,8,0.16,30,alternate,10,1,0.8553,0.0177,0.0,0.1044,,0.0,
50,8,0.16,30,alternate,20,1,0.8553,0.0177,0.0,0.3141,,0.0,
40,4,0.1,100,always_short,30,1,0.8975,0.0389,0.0,0.2064,,0.0,
50,8,0.16,30,always_long,10,1,0.8529,0.0183,0.0,0.109,,0.0,
40,3,0.075,130,always_short,30,2,0.9153,0.0425,0.0,0.4068,,0.0,
50,8,0.16,30,always_long,10,2,0.8529,0.0183,0.0,0.2791,,0.0,
40,4,0.1,130,always_long,10,1,0.8945,0.0447,0.0,0.0182,,0.0,
50,8,0.16,30,always_long,20,1,0.8529,0.0183,0.0,0.322,,0.0,
50,8,0.16,30,always_short,10,1,0.8578,0.0171,0.0,0.1001,,0.0,
50,8,0.16,30,always_short,10,2,0.8578,0.0171,0.0,0.2559,,0.0,
50,8,0.16,30,always_short,20,1,0.8578,0.0171,0.0,0.3055,,0.0,
50,8,0.16,45,alternate,10,1,0.8576,0.0177,0.0,0.1006,,0.0,
50,8,0.16,45,alternate,10,2,0.8576,0.0177,0.0,0.2567,,0.0,
50,8,0.16,45,alternate,20,1,0.8576,0.0177,0.0,0.3064,,0.0,
40,3,0.075,100,always_long,10,1,0.9123,0.0486,0.0,0.0106,,0.0,
50,8,0.16,45,always_long,10,1,0.854,0.0184,0.0,0.107,,0.0,
50,6,0.12,130,alternate,30,1,0.886,0.0205,0.0,0.2042,,0.0,
50,12,0.24,66,alternate,10,1,0.8034,0.0134,0.0,0.1609,,0.0,
50,6,0.12,130,alternate,20,1,0.886,0.0205,0.0,0.2377,,0.0,
50,6,0.12,130,alternate,10,2,0.886,0.0205,0.0,0.2019,,0.0,
40,3,0.075,100,alternate,20,1,0.9138,0.0456,0.0,0.1688,,0.0,
50,15,0.3,66,alternate,10,1,0.7673,0.0113,0.0,0.2266,,0.0,
50,6,0.12,66,always_short,10,1,0.8892,0.0193,0.0,0.0634,,0.0,
50,6,0.12,66,always_short,10,2,0.8892,0.0193,0.0,0.186,,0.0,
50,6,0.12,66,always_short,20,1,0.8892,0.0193,0.0,0.2265,,0.0,
40,3,0.075,100,alternate,20,2,0.9138,0.0456,0.0,0.4274,,0.0,
50,6,0.12,66,always_short,30,1,0.8892,0.0193,0.0,0.1929,,0.0,
40,3,0.075,100,alternate,30,1,0.9138,0.0456,0.0,0.1688,,0.0,
50,6,0.12,100,alternate,10,1,0.886,0.0205,0.0,0.0699,,0.0,
40,3,0.075,100,alternate,30,2,0.9138,0.0456,0.0,0.4181,,0.0,
50,6,0.12,100,alternate,10,2,0.886,0.0205,0.0,0.2019,,0.0,
50,6,0.12,100,alternate,20,1,0.886,0.0205,0.0,0.2379,,0.0,
50,6,0.12,100,alternate,30,1,0.886,0.0205,0.0,0.2042,,0.0,
40,3,0.075,100,alternate,40,1,0.9138,0.0456,0.0,0.1574,,0.0,
50,6,0.12,100,always_long,10,1,0.8828,0.0216,0.0,0.0764,,0.0,
50,6,0.12,100,always_long,10,2,0.8828,0.0216,0.0,0.2161,,0.0,
50,6,0.12,100,always_long,20,1,0.8828,0.0216,0.0,0.2497,,0.0,
50,12,0.24,66,always_long,10,1,0.7985,0.0143,0.0,0.173,,0.0,
40,4,0.1,130,always_long,30,1,0.8945,0.0447,0.0,0.2174,,0.0,
50,6,0.12,100,always_long,30,1,0.8828,0.0216,0.0,0.2154,,0.0,
50,6,0.12,100,always_short,10,1,0.8892,0.0193,0.0,0.0634,,0.0,
50,6,0.12,100,always_short,10,2,0.8892,0.0193,0.0,0.1864,,0.0,
50,6,0.12,100,always_short,20,1,0.8892,0.0193,0.0,0.2265,,0.0,
50,6,0.12,100,always_short,30,1,0.8892,0.0193,0.0,0.1929,,0.0,
50,6,0.12,130,alternate,10,1,0.886,0.0205,0.0,0.0699,,0.0,
50,12,0.24,130,always_long,10,1,0.7984,0.0144,0.0,0.1732,,0.0,
40,4,0.1,130,always_long,20,2,0.8945,0.0447,0.0,0.4655,,0.0,
50,8,0.16,45,always_long,10,2,0.854,0.0184,0.0,0.2745,,0.0,
50,8,0.16,45,always_long,20,1,0.854,0.0184,0.0,0.3175,,0.0,
50,8,0.16,45,always_short,10,1,0.8611,0.0171,0.0,0.0936,,0.0,
50,8,0.16,130,always_long,10,1,0.8538,0.0184,0.0,0.1071,,0.0,
50,8,0.16,130,always_long,20,1,0.8538,0.0184,0.0,0.3182,,0.0,
50,15,0.3,45,alternate,10,1,0.766,0.0112,0.0,0.2305,,0.0,
40,3,0.075,100,always_long,30,1,0.9123,0.0486,0.0,0.1737,,0.0,
50,8,0.16,130,always_short,10,1,0.8619,0.0171,0.0,0.0914,,0.0,
40,4,0.1,130,alternate,20,2,0.896,0.0418,0.0,0.4565,,0.0,
50,8,0.16,130,always_short,10,2,0.8619,0.0171,0.0,0.2369,,0.0,
50,8,0.16,130,always_short,20,1,0.8619,0.0171,0.0,0.2901,,0.0,
40,3,0.075,100,always_long,30,2,0.9123,0.0486,0.0,0.4304,,0.0,
50,10,0.2,30,alternate,10,1,0.8257,0.0154,0.0,0.1383,,0.0,
50,4,0.08,100,always_short,20,1,0.92,0.0225,0.0,0.1442,,0.0,
50,10,0.2,30,always_long,10,1,0.8235,0.0165,0.0,0.143,,0.0,
40,4,0.1,130,alternate,20,1,0.896,0.0418,0.0,0.2391,,0.0,
50,10,0.2,30,always_short,10,1,0.828,0.0143,0.0,0.1325,,0.0,
40,3,0.075,100,always_long,40,1,0.9123,0.0486,0.0,0.1621,,0.0,
50,10,0.2,45,alternate,10,1,0.8286,0.0154,0.0,0.1315,,0.0,
40,4,0.1,130,alternate,10,2,0.896,0.0418,0.0,0.1116,,0.0,
50,15,0.3,30,always_short,10,1,0.7646,0.0109,0.0,0.234,,0.0,
50,10,0.2,45,always_long,10,1,0.825,0.0166,0.0,0.1403,,0.0,
40,3,0.075,100,always_long,50,1,0.9123,0.0486,0.0,0.1447,,0.0,
50,12,0.24,45,always_short,10,1,0.8069,0.0125,0.0,0.1545,,0.0,
40,3,0.075,100,always_short,10,1,0.9153,0.0425,0.0,0.0091,,0.0,
50,10,0.2,45,always_short,10,1,0.8322,0.0143,0.0,0.1235,,0.0,
40,4,0.1,130,alternate,10,1,0.896,0.0418,0.0,0.0169,,0.0,
40,3,0.075,100,always_short,10,2,0.9153,0.0425,0.0,0.0934,,0.0,
40,4,0.1,100,always_short,50,1,0.8975,0.0389,0.0,0.1659,,0.0,
50,10,0.2,66,alternate,10,1,0.8292,0.0154,0.0,0.1299,,0.0,
40,4,0.1,100,always_short,40,1,0.8975,0.0389,0.0,0.1852,,0.0,
50,8,0.16,130,always_long,10,2,0.8538,0.0184,0.0,0.2751,,0.0,
40,4,0.1,130,alternate,30,1,0.896,0.0418,0.0,0.2112,,0.0,
40,4,0.1,130,alternate,50,1,0.896,0.0418,0.0,0.1701,,0.0,
50,8,0.16,130,alternate,20,1,0.8578,0.0178,0.0,0.3055,,0.0,
50,8,0.16,45,always_short,10,2,0.8611,0.0171,0.0,0.2399,,0.0,
50,8,0.16,45,always_short,20,1,0.8611,0.0171,0.0,0.2929,,0.0,
50,15,0.3,45,always_long,10,1,0.7612,0.0116,0.0,0.2447,,0.0,
50,8,0.16,66,alternate,10,1,0.8579,0.0177,0.0,0.1001,,0.0,
50,8,0.16,66,alternate,10,2,0.8579,0.0177,0.0,0.2556,,0.0,
50,8,0.16,66,alternate,20,1,0.8579,0.0177,0.0,0.3054,,0.0,
40,3,0.075,100,always_long,10,2,0.9123,0.0486,0.0,0.1045,,0.0,
50,8,0.16,66,always_long,10,1,0.854,0.0184,0.0,0.107,,0.0,
50,8,0.16,66,always_long,10,2,0.854,0.0184,0.0,0.2746,,0.0,
50,8,0.16,66,always_long,20,1,0.854,0.0184,0.0,0.3176,,0.0,
50,8,0.16,66,always_short,10,1,0.8618,0.0171,0.0,0.0917,,0.0,
50,8,0.16,66,always_short,10,2,0.8618,0.0171,0.0,0.2372,,0.0,
50,8,0.16,66,always_short,20,1,0.8618,0.0171,0.0,0.2905,,0.0,
40,4,0.1,130,alternate,40,1,0.896,0.0418,0.0,0.1898,,0.0,
50,8,0.16,100,alternate,10,1,0.8578,0.0178,0.0,0.1001,,0.0,
50,8,0.16,100,alternate,10,2,0.8578,0.0178,0.0,0.2559,,0.0,
50,8,0.16,100,alternate,20,1,0.8578,0.0178,0.0,0.3055,,0.0,
50,8,0.16,100,always_long,10,1,0.8539,0.0184,0.0,0.1071,,0.0,
50,8,0.16,100,always_long,10,2,0.8539,0.0184,0.0,0.275,,0.0,
50,8,0.16,100,always_long,20,1,0.8539,0.0184,0.0,0.3177,,0.0,
40,3,0.075,100,always_long,20,1,0.9123,0.0486,0.0,0.1737,,0.0,
50,8,0.16,100,always_short,10,1,0.8618,0.0171,0.0,0.0917,,0.0,
40,3,0.075,100,always_long,20,2,0.9123,0.0486,0.0,0.4385,,0.0,
50,8,0.16,100,always_short,10,2,0.8618,0.0171,0.0,0.2372,,0.0,
50,8,0.16,100,always_short,20,1,0.8618,0.0171,0.0,0.2906,,0.0,
50,8,0.16,130,alternate,10,1,0.8578,0.0178,0.0,0.1001,,0.0,
50,8,0.16,130,alternate,10,2,0.8578,0.0178,0.0,0.2559,,0.0,
50,4,0.08,100,always_short,20,2,0.92,0.0225,0.0,0.3752,,0.0,
40,8,0.2,100,always_long,10,1,0.823,0.03,0.0,0.0719,,0.0,
50,4,0.08,100,always_short,10,2,0.92,0.0225,0.0,0.1264,,0.0,
50,2,0.04,45,alternate,10,1,0.95,0.029,0.0,0.0055,,0.0,
40,6,0.15,30,alternate,20,1,0.8576,0.0342,0.0,0.3438,,0.0,
50,2,0.04,45,alternate,30,2,0.95,0.029,0.0,0.2081,,0.0,
50,2,0.04,45,alternate,30,1,0.95,0.029,0.0,0.0535,,0.0,
50,2,0.04,45,alternate,20,2,0.95,0.029,0.0,0.2081,,0.0,
50,2,0.04,45,alternate,20,1,0.95,0.029,0.0,0.0535,,0.0,
50,2,0.04,45,alternate,10,2,0.95,0.029,0.0,0.0592,,0.0,
40,6,0.15,30,alternate,30,1,0.8576,0.0342,0.0,0.3021,,0.0,
40,6,0.15,30,alternate,10,1,0.8576,0.0342,0.0,0.047,,0.0,
50,2,0.04,30,always_short,50,2,0.9513,0.0263,0.0,0.1661,,0.0,
50,2,0.04,30,always_short,50,1,0.9513,0.0263,0.0,0.0498,,0.0,
50,2,0.04,30,always_short,40,2,0.9513,0.0263,0.0,0.1839,,0.0,
50,2,0.04,30,always_short,40,1,0.9513,0.0263,0.0,0.0498,,0.0,
50,2,0.04,30,always_short,30,2,0.9513,0.0263,0.0,0.1976,,0.0,
50,2,0.04,30,always_short,30,1,0.9513,0.0263,0.0,0.0498,,0.0,
40,6,0.15,30,alternate,10,2,0.8576,0.0342,0.0,0.1815,,0.0,
50,2,0.04,45,alternate,40,1,0.95,0.029,0.0,0.0535,,0.0,
50,2,0.04,100,always_long,40,2,0.9481,0.0316,0.0,0.2055,,0.0,
50,2,0.04,45,always_long,30,2,0.9481,0.0316,0.0,0.2213,,0.0,
40,5,0.125,130,always_short,30,1,0.8801,0.0359,0.0,0.2449,,0.0,
50,2,0.04,45,always_short,10,1,0.9518,0.0264,0.0,0.0051,,0.0,
50,2,0.04,45,always_long,50,2,0.9481,0.0316,0.0,0.1854,,0.0,
50,2,0.04,45,always_long,50,1,0.9481,0.0316,0.0,0.0583,,0.0,
50,2,0.04,45,always_long,40,2,0.9481,0.0316,0.0,0.2055,,0.0,
50,2,0.04,45,always_long,40,1,0.9481,0.0316,0.0,0.0583,,0.0,
50,2,0.04,45,always_long,30,1,0.9481,0.0316,0.0,0.0583,,0.0,
50,2,0.04,45,alternate,40,2,0.95,0.029,0.0,0.1939,,0.0,
50,2,0.04,45,always_long,20,2,0.9481,0.0316,0.0,0.2213,,0.0,
50,2,0.04,45,always_long,20,1,0.9481,0.0316,0.0,0.0583,,0.0,
50,2,0.04,45,always_long,10,2,0.9481,0.0316,0.0,0.0673,,0.0,
50,2,0.04,45,always_long,10,1,0.9481,0.0316,0.0,0.0066,,0.0,
50,2,0.04,45,alternate,50,2,0.95,0.029,0.0,0.1742,,0.0,
50,2,0.04,45,alternate,50,1,0.95,0.029,0.0,0.0535,,0.0,
50,2,0.04,30,always_short,20,2,0.9513,0.0263,0.0,0.1976,,0.0,
50,2,0.04,30,always_short,20,1,0.9513,0.0263,0.0,0.0498,,0.0,
50,2,0.04,30,always_short,10,2,0.9513,0.0263,0.0,0.0545,,0.0,
50,2,0.04,30,alternate,10,1,0.9497,0.0289,0.0,0.0059,,0.0,
50,2,0.04,30,alternate,40,1,0.9497,0.0289,0.0,0.054,,0.0,
50,2,0.04,30,alternate,30,2,0.9497,0.0289,0.0,0.2104,,0.0,
50,2,0.04,30,alternate,30,1,0.9497,0.0289,0.0,0.054,,0.0,
50,2,0.04,30,alternate,20,2,0.9497,0.0289,0.0,0.2104,,0.0,
50,2,0.04,30,alternate,20,1,0.9497,0.0289,0.0,0.054,,0.0,
50,2,0.04,30,alternate,10,2,0.9497,0.0289,0.0,0.0607,,0.0,
50,15,0.3,100,alternate,10,1,0.7673,0.0113,0.0,0.2263,,0.0,
50,2,0.04,30,always_short,10,1,0.9513,0.0263,0.0,0.0053,,0.0,
40,6,0.15,30,always_short,10,1,0.8597,0.0329,0.0,0.0439,,0.0,
40,6,0.15,30,always_short,10,2,0.8597,0.0329,0.0,0.1731,,0.0,
40,6,0.15,30,always_short,20,1,0.8597,0.0329,0.0,0.3359,,0.0,
50,15,0.3,100,always_long,10,1,0.7617,0.0116,0.0,0.2432,,0.0,
50,15,0.3,100,always_short,10,1,0.773,0.0109,0.0,0.2119,,0.0,
40,6,0.15,30,always_short,30,1,0.8597,0.0329,0.0,0.2951,,0.0,
50,2,0.04,30,alternate,40,2,0.9497,0.0289,0.0,0.1958,,0.0,
50,2,0.04,30,alternate,50,1,0.9497,0.0289,0.0,0.054,,0.0,
50,2,0.04,30,alternate,50,2,0.9497,0.0289,0.0,0.1762,,0.0,
50,2,0.04,30,always_long,10,1,0.948,0.0315,0.0,0.0066,,0.0,
50,2,0.04,30,always_long,10,2,0.948,0.0315,0.0,0.0676,,0.0,
50,2,0.04,30,always_long,20,1,0.948,0.0315,0.0,0.0585,,0.0,
50,2,0.04,30,always_long,20,2,0.948,0.0315,0.0,0.2221,,0.0,
40,6,0.15,30,always_long,30,1,0.8555,0.0356,0.0,0.3093,,0.0,
50,2,0.04,30,always_long,30,1,0.948,0.0315,0.0,0.0585,,0.0,
40,6,0.15,30,always_long,20,1,0.8555,0.0356,0.0,0.3518,,0.0,
40,6,0.15,30,always_long,10,2,0.8555,0.0356,0.0,0.1916,,0.0,
50,2,0.04,30,always_long,30,2,0.948,0.0315,0.0,0.2221,,0.0,
50,2,0.04,30,always_long,40,1,0.948,0.0315,0.0,0.0585,,0.0,
50,2,0.04,30,always_long,40,2,0.948,0.0315,0.0,0.2062,,0.0,
50,2,0.04,30,always_long,50,1,0.948,0.0315,0.0,0.0585,,0.0,
50,2,0.04,30,always_long,50,2,0.948,0.0315,0.0,0.186,,0.0,
40,6,0.15,30,always_long,10,1,0.8555,0.0356,0.0,0.0491,,0.0,
40,5,0.125,130,always_short,20,1,0.8801,0.0359,0.0,0.2834,,0.0,
40,5,0.125,130,always_short,10,2,0.8801,0.0359,0.0,0.1396,,0.0,
50,2,0.04,45,always_short,10,2,0.9518,0.0264,0.0,0.0534,,0.0,
50,2,0.04,66,always_short,40,1,0.9518,0.0264,0.0,0.0495,,0.0,
50,2,0.04,100,alternate,20,1,0.9499,0.029,0.0,0.0535,,0.0,
50,2,0.04,100,alternate,10,2,0.9499,0.029,0.0,0.0595,,0.0,
50,2,0.04,100,alternate,10,1,0.9499,0.029,0.0,0.0055,,0.0,
50,2,0.04,66,always_short,50,2,0.9518,0.0264,0.0,0.1629,,0.0,
50,2,0.04,66,always_short,50,1,0.9518,0.0264,0.0,0.0495,,0.0,
50,2,0.04,66,always_short,40,2,0.9518,0.0264,0.0,0.18,,0.0,
40,5,0.125,130,alternate,10,1,0.8775,0.0378,0.0,0.0316,,0.0,
50,2,0.04,66,always_short,10,2,0.9518,0.0264,0.0,0.0534,,0.0,
50,2,0.04,66,always_short,30,2,0.9518,0.0264,0.0,0.1938,,0.0,
50,2,0.04,66,always_short,30,1,0.9518,0.0264,0.0,0.0495,,0.0,
50,2,0.04,66,always_short,20,2,0.9518,0.0264,0.0,0.1938,,0.0,
50,2,0.04,66,always_short,20,1,0.9518,0.0264,0.0,0.0495,,0.0,
40,5,0.125,130,alternate,10,2,0.8775,0.0378,0.0,0.1491,,0.0,
40,5,0.125,130,alternate,20,1,0.8775,0.0378,0.0,0.2923,,0.0,
40,5,0.125,100,always_short,30,1,0.88,0.0359,0.0,0.245,,0.0,
50,2,0.04,100,alternate,20,2,0.9499,0.029,0.0,0.2082,,0.0,
50,2,0.04,100,alternate,30,1,0.9499,0.029,0.0,0.0535,,0.0,
50,2,0.04,100,alternate,30,2,0.9499,0.029,0.0,0.2082,,0.0,
50,2,0.04,100,alternate,40,1,0.9499,0.029,0.0,0.0535,,0.0,
40,5,0.125,100,always_short,20,1,0.88,0.0359,0.0,0.2836,,0.0,
40,5,0.125,100,always_short,10,2,0.88,0.0359,0.0,0.14,,0.0,
40,5,0.125,100,always_short,10,1,0.88,0.0359,0.0,0.0286,,0.0,
50,2,0.04,100,alternate,40,2,0.9499,0.029,0.0,0.194,,0.0,
50,2,0.04,100,alternate,50,1,0.9499,0.029,0.0,0.0535,,0.0,
50,2,0.04,100,alternate,50,2,0.9499,0.029,0.0,0.1744,,0.0,
50,2,0.04,100,always_long,10,1,0.9481,0.0316,0.0,0.0066,,0.0,
50,2,0.04,100,always_long,10,2,0.9481,0.0316,0.0,0.0674,,0.0,
50,2,0.04,100,always_long,20,1,0.9481,0.0316,0.0,0.0584,,0.0,
50,2,0.04,100,always_long,20,2,0.9481,0.0316,0.0,0.2213,,0.0,
50,2,0.04,100,always_long,30,1,0.9481,0.0316,0.0,0.0584,,0.0,
50,2,0.04,100,always_long,30,2,0.9481,0.0316,0.0,0.2213,,0.0,
40,5,0.125,130,alternate,30,1,0.8775,0.0378,0.0,0.2517,,0.0,
50,2,0.04,66,always_short,10,1,0.9518,0.0264,0.0,0.0051,,0.0,
50,2,0.04,45,always_short,20,1,0.9518,0.0264,0.0,0.0495,,0.0,
50,2,0.04,45,always_short,50,2,0.9518,0.0264,0.0,0.1629,,0.0,
50,2,0.04,66,alternate,30,2,0.95,0.029,0.0,0.208,,0.0,
50,2,0.04,66,alternate,30,1,0.95,0.029,0.0,0.0535,,0.0,
50,2,0.04,66,alternate,20,2,0.95,0.029,0.0,0.208,,0.0,
50,2,0.04,66,alternate,20,1,0.95,0.029,0.0,0.0535,,0.0,
50,2,0.04,66,alternate,10,2,0.95,0.029,0.0,0.059,,0.0,
50,2,0.04,66,alternate,10,1,0.95,0.029,0.0,0.0055,,0.0,
50,2,0.04,45,always_short,50,1,0.9518,0.0264,0.0,0.0495,,0.0,
50,2,0.04,66,always_long,50,2,0.9482,0.0316,0.0,0.1854,,0.0,
50,2,0.04,45,always_short,40,2,0.9518,0.0264,0.0,0.18,,0.0,
50,2,0.04,45,always_short,40,1,0.9518,0.0264,0.0,0.0495,,0.0,
40,5,0.125,130,always_short,10,1,0.8801,0.0359,0.0,0.0286,,0.0,
50,2,0.04,45,always_short,30,2,0.9518,0.0264,0.0,0.1938,,0.0,
50,2,0.04,45,always_short,30,1,0.9518,0.0264,0.0,0.0495,,0.0,
50,2,0.04,45,always_short,20,2,0.9518,0.0264,0.0,0.1938,,0.0,
40,5,0.125,130,always_long,30,1,0.875,0.0396,0.0,0.2602,,0.0,
50,2,0.04,66,alternate,40,1,0.95,0.029,0.0,0.0535,,0.0,
50,2,0.04,66,alternate,40,2,0.95,0.029,0.0,0.1938,,0.0,
50,2,0.04,66,alternate,50,1,0.95,0.029,0.0,0.0535,,0.0,
50,2,0.04,66,alternate,50,2,0.95,0.029,0.0,0.1741,,0.0,
50,2,0.04,66,always_long,10,1,0.9482,0.0316,0.0,0.0066,,0.0,
40,5,0.125,130,always_long,20,1,0.875,0.0396,0.0,0.3023,,0.0,
40,5,0.125,130,always_long,10,2,0.875,0.0396,0.0,0.1576,,0.0,
40,5,0.125,130,always_long,10,1,0.875,0.0396,0.0,0.034,,0.0,
50,2,0.04,66,always_long,10,2,0.9482,0.0316,0.0,0.0673,,0.0,
50,2,0.04,66,always_long,20,1,0.9482,0.0316,0.0,0.0583,,0.0,
50,2,0.04,66,always_long,20,2,0.9482,0.0316,0.0,0.2213,,0.0,
50,2,0.04,66,always_long,30,1,0.9482,0.0316,0.0,0.0583,,0.0,
50,2,0.04,66,always_long,30,2,0.9482,0.0316,0.0,0.2213,,0.0,
50,2,0.04,66,always_long,40,1,0.9482,0.0316,0.0,0.0583,,0.0,
50,2,0.04,66,always_long,40,2,0.9482,0.0316,0.0,0.2055,,0.0,
50,2,0.04,66,always_long,50,1,0.9482,0.0316,0.0,0.0583,,0.0,
50,15,0.3,130,alternate,10,1,0.7673,0.0113,0.0,0.2266,,0.0,
40,3,0.075,66,alternate,40,1,0.9138,0.0455,0.0,0.1574,,0.0,
40,6,0.15,45,alternate,10,1,0.8587,0.0342,0.0,0.0456,,0.0,
40,8,0.2,45,always_long,10,1,0.8231,0.03,0.0,0.0716,,0.0,
40,8,0.2,30,always_short,10,2,0.8273,0.0286,0.0,0.2219,,0.0,
40,8,0.2,30,always_short,20,1,0.8273,0.0286,0.0,0.4136,,0.0,
40,8,0.2,45,alternate,10,1,0.8263,0.0293,0.0,0.0683,,0.0,
40,8,0.2,45,alternate,10,2,0.8263,0.0293,0.0,0.2258,,0.0,
40,8,0.2,45,alternate,20,1,0.8263,0.0293,0.0,0.4173,,0.0,
40,10,0.25,130,alternate,10,1,0.7945,0.0251,0.0,0.0885,,0.0,
40,8,0.2,45,always_long,10,2,0.8231,0.03,0.0,0.2401,,0.0,
40,8,0.2,66,alternate,10,2,0.8263,0.0293,0.0,0.2258,,0.0,
40,8,0.2,45,always_long,20,1,0.8231,0.03,0.0,0.4275,,0.0,
40,10,0.25,100,always_short,10,1,0.7988,0.024,0.0,0.0833,,0.0,
40,8,0.2,45,always_short,10,1,0.8295,0.0286,0.0,0.063,,0.0,
40,8,0.2,45,always_short,10,2,0.8295,0.0286,0.0,0.2135,,0.0,
40,8,0.2,45,always_short,20,1,0.8295,0.0286,0.0,0.4069,,0.0,
40,10,0.25,100,always_long,10,1,0.7902,0.0261,0.0,0.0969,,0.0,
40,8,0.2,30,always_short,10,1,0.8273,0.0286,0.0,0.067,,0.0,
40,8,0.2,30,always_long,20,1,0.8224,0.0299,0.0,0.4304,,0.0,
40,8,0.2,30,always_long,10,2,0.8224,0.0299,0.0,0.2436,,0.0,
40,8,0.2,30,always_long,10,1,0.8224,0.0299,0.0,0.0726,,0.0,
40,10,0.25,130,always_long,10,1,0.7902,0.0261,0.0,0.0969,,0.0,
40,8,0.2,30,alternate,20,1,0.8249,0.0293,0.0,0.4218,,0.0,
40,8,0.2,30,alternate,10,2,0.8249,0.0293,0.0,0.232,,0.0,
40,8,0.2,30,alternate,10,1,0.8249,0.0293,0.0,0.0698,,0.0,
40,6,0.15,130,always_short,30,1,0.8616,0.0329,0.0,0.2878,,0.0,
40,10,0.25,130,always_short,10,1,0.7988,0.024,0.0,0.0831,,0.0,
40,6,0.15,130,always_short,20,1,0.8616,0.0329,0.0,0.3286,,0.0,
40,6,0.15,130,always_short,10,2,0.8616,0.0329,0.0,0.1643,,0.0,
40,6,0.15,130,always_short,10,1,0.8616,0.0329,0.0,0.0413,,0.0,
40,12,0.3,30,alternate,10,1,0.7631,0.0219,0.0,0.1323,,0.0,
40,12,0.3,30,always_long,10,1,0.7594,0.0229,0.0,0.1401,,0.0,
40,12,0.3,30,always_short,10,1,0.7667,0.0209,0.0,0.1253,,0.0,
40,6,0.15,130,always_long,30,1,0.8558,0.0357,0.0,0.3083,,0.0,
40,8,0.2,66,alternate,10,1,0.8263,0.0293,0.0,0.0683,,0.0,
40,8,0.2,66,alternate,20,1,0.8263,0.0293,0.0,0.4173,,0.0,
40,6,0.15,130,always_long,20,1,0.8558,0.0357,0.0,0.3508,,0.0,
40,8,0.2,100,alternate,20,1,0.8263,0.0293,0.0,0.4174,,0.0,
40,8,0.2,130,always_short,10,1,0.8296,0.0287,0.0,0.0628,,0.0,
40,8,0.2,130,always_long,20,1,0.823,0.03,0.0,0.4285,,0.0,
40,8,0.2,130,always_long,10,2,0.823,0.03,0.0,0.2407,,0.0,
40,8,0.2,130,always_long,10,1,0.823,0.03,0.0,0.0721,,0.0,
40,8,0.2,100,alternate,10,1,0.8263,0.0293,0.0,0.0683,,0.0,
40,8,0.2,100,alternate,10,2,0.8263,0.0293,0.0,0.2259,,0.0,
40,8,0.2,130,alternate,20,1,0.8263,0.0293,0.0,0.4173,,0.0,
40,10,0.25,100,alternate,10,1,0.7945,0.0251,0.0,0.0886,,0.0,
40,8,0.2,130,alternate,10,2,0.8263,0.0293,0.0,0.2258,,0.0,
40,8,0.2,130,alternate,10,1,0.8263,0.0293,0.0,0.0683,,0.0,
40,8,0.2,100,always_short,20,1,0.8296,0.0286,0.0,0.4064,,0.0,
40,8,0.2,100,always_short,10,2,0.8296,0.0286,0.0,0.213,,0.0,
40,8,0.2,100,always_short,10,1,0.8296,0.0286,0.0,0.0629,,0.0,
40,8,0.2,100,always_long,20,1,0.823,0.03,0.0,0.4283,,0.0,
40,8,0.2,130,always_short,10,2,0.8296,0.0287,0.0,0.2127,,0.0,
40,8,0.2,130,always_short,20,1,0.8296,0.0287,0.0,0.4062,,0.0,
40,10,0.25,30,alternate,10,1,0.7926,0.025,0.0,0.0927,,0.0,
40,8,0.2,66,always_short,20,1,0.8295,0.0286,0.0,0.4065,,0.0,
40,10,0.25,30,always_long,10,1,0.7894,0.026,0.0,0.0985,,0.0,
40,8,0.2,66,always_short,10,2,0.8295,0.0286,0.0,0.2134,,0.0,
40,8,0.2,66,always_short,10,1,0.8295,0.0286,0.0,0.063,,0.0,
40,10,0.25,30,always_short,10,1,0.7957,0.024,0.0,0.0874,,0.0,
40,10,0.25,45,alternate,10,1,0.7944,0.025,0.0,0.0886,,0.0,
40,10,0.25,45,always_long,10,1,0.7902,0.0261,0.0,0.0969,,0.0,
40,10,0.25,45,always_short,10,1,0.7986,0.024,0.0,0.0835,,0.0,
40,8,0.2,66,always_long,20,1,0.8231,0.03,0.0,0.4274,,0.0,
40,8,0.2,66,always_long,10,2,0.8231,0.03,0.0,0.2401,,0.0,
40,8,0.2,66,always_long,10,1,0.8231,0.03,0.0,0.0716,,0.0,
40,10,0.25,66,alternate,10,1,0.7945,0.025,0.0,0.0886,,0.0,
40,10,0.25,66,always_long,10,1,0.7903,0.0261,0.0,0.0968,,0.0,
40,10,0.25,66,always_short,10,1,0.7987,0.024,0.0,0.0835,,0.0,
40,12,0.3,45,alternate,10,1,0.7651,0.022,0.0,0.1284,,0.0,
40,6,0.15,130,always_long,10,2,0.8558,0.0357,0.0,0.1908,,0.0,
50,15,0.3,130,always_long,10,1,0.7616,0.0116,0.0,0.2437,,0.0,
40,15,0.375,66,alternate,10,1,0.7246,0.0181,0.0,0.1826,,0.0,
40,6,0.15,45,always_short,30,1,0.8615,0.0329,0.0,0.2881,,0.0,
40,15,0.375,66,always_short,10,1,0.7299,0.0173,0.0,0.1729,,0.0,
40,15,0.375,66,always_long,10,1,0.7194,0.0189,0.0,0.1955,,0.0,
40,6,0.15,66,alternate,10,1,0.8587,0.0343,0.0,0.0456,,0.0,
40,6,0.15,66,alternate,10,2,0.8587,0.0343,0.0,0.1782,,0.0,
40,6,0.15,66,alternate,20,1,0.8587,0.0343,0.0,0.34,,0.0,
40,6,0.15,66,alternate,30,1,0.8587,0.0343,0.0,0.2981,,0.0,
40,15,0.375,30,always_short,10,1,0.7253,0.0173,0.0,0.1817,,0.0,
40,15,0.375,45,always_short,10,1,0.7291,0.0173,0.0,0.1745,,0.0,
40,15,0.375,45,always_long,10,1,0.7191,0.0189,0.0,0.1966,,0.0,
40,6,0.15,66,always_long,10,1,0.8559,0.0356,0.0,0.0488,,0.0,
40,6,0.15,66,always_long,10,2,0.8559,0.0356,0.0,0.1908,,0.0,
40,6,0.15,66,always_long,20,1,0.8559,0.0356,0.0,0.3508,,0.0,
40,15,0.375,45,alternate,10,1,0.7241,0.0181,0.0,0.1841,,0.0,
40,15,0.375,100,alternate,10,1,0.7247,0.0182,0.0,0.1826,,0.0,
40,6,0.15,45,always_short,20,1,0.8615,0.0329,0.0,0.3289,,0.0,
40,15,0.375,100,always_long,10,1,0.7194,0.019,0.0,0.1955,,0.0,
40,6,0.15,45,always_short,10,2,0.8615,0.0329,0.0,0.1646,,0.0,
40,6,0.15,45,always_short,10,1,0.8615,0.0329,0.0,0.0413,,0.0,
40,15,0.375,100,always_short,10,1,0.73,0.0174,0.0,0.1725,,0.0,
40,15,0.375,130,alternate,10,1,0.7247,0.0182,0.0,0.1826,,0.0,
40,6,0.15,45,always_long,30,1,0.8559,0.0356,0.0,0.3083,,0.0,
40,6,0.15,45,always_long,20,1,0.8559,0.0356,0.0,0.3508,,0.0,
40,6,0.15,45,always_long,10,2,0.8559,0.0356,0.0,0.1908,,0.0,
40,6,0.15,45,always_long,10,1,0.8559,0.0356,0.0,0.0488,,0.0,
40,15,0.375,130,always_long,10,1,0.7193,0.019,0.0,0.1955,,0.0,
40,15,0.375,130,always_short,10,1,0.73,0.0174,0.0,0.1725,,0.0,
50,15,0.3,130,always_short,10,1,0.773,0.0109,0.0,0.2115,,0.0,
40,6,0.15,45,alternate,30,1,0.8587,0.0342,0.0,0.2981,,0.0,
40,6,0.15,45,alternate,20,1,0.8587,0.0342,0.0,0.34,,0.0,
40,6,0.15,45,alternate,10,2,0.8587,0.0342,0.0,0.1782,,0.0,
40,6,0.15,66,always_long,30,1,0.8559,0.0356,0.0,0.3083,,0.0,
40,15,0.375,30,always_long,10,1,0.7175,0.0188,0.0,0.1994,,0.0,
40,6,0.15,130,always_long,10,1,0.8558,0.0357,0.0,0.0488,,0.0,
40,6,0.15,130,alternate,20,1,0.8587,0.0343,0.0,0.3399,,0.0,
40,6,0.15,100,always_short,10,2,0.8615,0.0329,0.0,0.1645,,0.0,
40,6,0.15,100,always_short,20,1,0.8615,0.0329,0.0,0.3286,,0.0,
40,6,0.15,100,always_short,30,1,0.8615,0.0329,0.0,0.2879,,0.0,
40,12,0.3,100,always_long,10,1,0.7604,0.023,0.0,0.138,,0.0,
40,6,0.15,130,alternate,10,1,0.8587,0.0343,0.0,0.0455,,0.0,
40,6,0.15,130,alternate,10,2,0.8587,0.0343,0.0,0.1782,,0.0,
40,12,0.3,100,alternate,10,1,0.7653,0.022,0.0,0.1279,,0.0,
40,6,0.15,66,always_short,10,1,0.8615,0.0329,0.0,0.0414,,0.0,
40,6,0.15,130,alternate,30,1,0.8587,0.0343,0.0,0.298,,0.0,
40,12,0.3,66,always_short,10,1,0.77,0.021,0.0,0.1181,,0.0,
40,12,0.3,66,always_long,10,1,0.7605,0.023,0.0,0.1379,,0.0,
40,12,0.3,66,alternate,10,1,0.7653,0.022,0.0,0.1281,,0.0,
40,12,0.3,45,always_short,10,1,0.7698,0.021,0.0,0.1186,,0.0,
40,12,0.3,45,always_long,10,1,0.7604,0.0229,0.0,0.1383,,0.0,
40,6,0.15,100,always_short,10,1,0.8615,0.0329,0.0,0.0413,,0.0,
40,12,0.3,100,always_short,10,1,0.7702,0.021,0.0,0.1181,,0.0,
40,6,0.15,100,always_long,30,1,0.8558,0.0357,0.0,0.3083,,0.0,
40,6,0.15,100,always_long,20,1,0.8558,0.0357,0.0,0.3508,,0.0,
40,6,0.15,100,always_long,10,2,0.8558,0.0357,0.0,0.1908,,0.0,
40,12,0.3,130,alternate,10,1,0.7653,0.022,0.0,0.1279,,0.0,
40,6,0.15,100,always_long,10,1,0.8558,0.0357,0.0,0.0488,,0.0,
40,12,0.3,130,always_long,10,1,0.7604,0.023,0.0,0.1381,,0.0,
40,6,0.15,100,alternate,30,1,0.8587,0.0343,0.0,0.2983,,0.0,
40,6,0.15,100,alternate,20,1,0.8587,0.0343,0.0,0.3401,,0.0,
40,6,0.15,100,alternate,10,2,0.8587,0.0343,0.0,0.1782,,0.0,
40,6,0.15,100,alternate,10,1,0.8587,0.0343,0.0,0.0456,,0.0,
40,12,0.3,130,always_short,10,1,0.7702,0.021,0.0,0.1181,,0.0,
40,6,0.15,66,always_short,30,1,0.8615,0.0329,0.0,0.2881,,0.0,
40,15,0.375,30,alternate,10,1,0.7214,0.0181,0.0,0.191,,0.0,
40,6,0.15,66,always_short,20,1,0.8615,0.0329,0.0,0.3289,,0.0,
40,6,0.15,66,always_short,10,2,0.8615,0.0329,0.0,0.1646,,0.0,
50,2,0.04,100,always_long,40,1,0.9481,0.0316,0.0,0.0584,,0.0,
50,2,0.04,100,always_long,50,1,0.9481,0.0316,0.0,0.0584,,0.0,
50,4,0.08,100,always_short,10,1,0.92,0.0225,0.0,0.0296,,0.0,
50,3,0.06,130,always_long,30,1,0.9317,0.0292,0.0,0.105,,0.0,
50,3,0.06,130,always_short,10,1,0.9351,0.0246,0.0,0.0146,,0.0,
50,3,0.06,130,always_long,50,1,0.9317,0.0292,0.0,0.0867,,0.0,
50,3,0.06,130,always_long,40,1,0.9317,0.0292,0.0,0.0971,,0.0,
40,5,0.125,30,always_short,10,1,0.8784,0.0359,0.0,0.0305,,0.0,
40,5,0.125,30,always_short,10,2,0.8784,0.0359,0.0,0.1465,,0.0,
50,3,0.06,130,always_long,30,2,0.9317,0.0292,0.0,0.2894,,0.0,
50,3,0.06,130,always_long,20,2,0.9317,0.0292,0.0,0.3334,,0.0,
50,3,0.06,130,always_short,20,1,0.9351,0.0246,0.0,0.0941,,0.0,
50,3,0.06,130,always_long,20,1,0.9317,0.0292,0.0,0.105,,0.0,
50,3,0.06,130,always_long,10,2,0.9317,0.0292,0.0,0.1156,,0.0,
50,3,0.06,130,always_long,10,1,0.9317,0.0292,0.0,0.0174,,0.0,
40,5,0.125,30,always_short,20,1,0.8784,0.0359,0.0,0.2889,,0.0,
40,5,0.125,30,always_short,30,1,0.8784,0.0359,0.0,0.2494,,0.0,
50,3,0.06,130,alternate,50,1,0.9334,0.0269,0.0,0.0826,,0.0,
50,3,0.06,130,always_short,10,2,0.9351,0.0246,0.0,0.1013,,0.0,
50,3,0.06,130,always_short,20,2,0.9351,0.0246,0.0,0.3059,,0.0,
50,2,0.04,100,always_long,50,2,0.9481,0.0316,0.0,0.1854,,0.0,
50,4,0.08,30,alternate,30,1,0.9172,0.0246,0.0,0.1383,,0.0,
50,4,0.08,30,always_long,20,2,0.916,0.0267,0.0,0.4012,,0.0,
50,4,0.08,30,always_long,20,1,0.916,0.0267,0.0,0.1596,,0.0,
50,4,0.08,30,always_long,10,2,0.916,0.0267,0.0,0.1446,,0.0,
50,4,0.08,30,always_long,10,1,0.916,0.0267,0.0,0.0341,,0.0,
50,4,0.08,30,alternate,50,1,0.9172,0.0246,0.0,0.1094,,0.0,
50,4,0.08,30,alternate,40,1,0.9172,0.0246,0.0,0.1236,,0.0,
50,4,0.08,30,alternate,20,2,0.9172,0.0246,0.0,0.3935,,0.0,
50,3,0.06,130,always_short,30,1,0.9351,0.0246,0.0,0.0941,,0.0,
50,4,0.08,30,alternate,20,1,0.9172,0.0246,0.0,0.1559,,0.0,
50,4,0.08,30,alternate,10,2,0.9172,0.0246,0.0,0.1394,,0.0,
50,4,0.08,30,alternate,10,1,0.9172,0.0246,0.0,0.0333,,0.0,
50,3,0.06,130,always_short,50,1,0.9351,0.0246,0.0,0.0788,,0.0,
50,3,0.06,130,always_short,40,1,0.9351,0.0246,0.0,0.0881,,0.0,
50,3,0.06,130,always_short,30,2,0.9351,0.0246,0.0,0.2647,,0.0,
50,3,0.06,130,alternate,40,1,0.9334,0.0269,0.0,0.0922,,0.0,
50,3,0.06,130,alternate,30,2,0.9334,0.0269,0.0,0.2765,,0.0,
50,3,0.06,130,alternate,30,1,0.9334,0.0269,0.0,0.0993,,0.0,
50,3,0.06,100,alternate,50,1,0.9334,0.0269,0.0,0.0826,,0.0,
50,3,0.06,100,always_long,30,1,0.9317,0.0292,0.0,0.105,,0.0,
50,3,0.06,100,always_long,20,2,0.9317,0.0292,0.0,0.3334,,0.0,
50,3,0.06,100,always_long,20,1,0.9317,0.0292,0.0,0.105,,0.0,
50,3,0.06,100,always_long,10,2,0.9317,0.0292,0.0,0.1156,,0.0,
40,5,0.125,45,alternate,30,1,0.8775,0.0377,0.0,0.2517,,0.0,
50,3,0.06,100,always_long,10,1,0.9317,0.0292,0.0,0.0174,,0.0,
50,3,0.06,100,alternate,40,1,0.9334,0.0269,0.0,0.0922,,0.0,
50,3,0.06,130,alternate,20,2,0.9334,0.0269,0.0,0.3187,,0.0,
50,3,0.06,100,alternate,30,2,0.9334,0.0269,0.0,0.2765,,0.0,
50,3,0.06,100,alternate,30,1,0.9334,0.0269,0.0,0.0993,,0.0,
50,3,0.06,100,alternate,20,2,0.9334,0.0269,0.0,0.3187,,0.0,
50,3,0.06,100,alternate,20,1,0.9334,0.0269,0.0,0.0993,,0.0,
50,3,0.06,100,alternate,10,2,0.9334,0.0269,0.0,0.1094,,0.0,
50,3,0.06,100,alternate,10,1,0.9334,0.0269,0.0,0.0161,,0.0,
50,3,0.06,100,always_long,30,2,0.9317,0.0292,0.0,0.2894,,0.0,
40,5,0.125,45,alternate,20,1,0.8775,0.0377,0.0,0.2923,,0.0,
40,5,0.125,45,alternate,10,2,0.8775,0.0377,0.0,0.1491,,0.0,
50,3,0.06,100,always_long,40,1,0.9317,0.0292,0.0,0.0971,,0.0,
50,3,0.06,100,always_long,50,1,0.9317,0.0292,0.0,0.0867,,0.0,
50,3,0.06,100,always_short,10,1,0.9351,0.0246,0.0,0.0146,,0.0,
50,3,0.06,100,always_short,10,2,0.9351,0.0246,0.0,0.1013,,0.0,
40,5,0.125,45,alternate,10,1,0.8775,0.0377,0.0,0.0316,,0.0,
50,3,0.06,100,always_short,20,1,0.9351,0.0246,0.0,0.0941,,0.0,
50,3,0.06,100,always_short,20,2,0.9351,0.0246,0.0,0.3059,,0.0,
50,3,0.06,100,always_short,30,1,0.9351,0.0246,0.0,0.0941,,0.0,
50,3,0.06,100,always_short,30,2,0.9351,0.0246,0.0,0.2647,,0.0,
50,3,0.06,100,always_short,40,1,0.9351,0.0246,0.0,0.0881,,0.0,
40,8,0.2,100,always_long,10,2,0.823,0.03,0.0,0.2405,,0.0,
50,3,0.06,130,alternate,10,1,0.9334,0.0269,0.0,0.0161,,0.0,
50,3,0.06,130,alternate,10,2,0.9334,0.0269,0.0,0.1094,,0.0,
50,3,0.06,130,alternate,20,1,0.9334,0.0269,0.0,0.0993,,0.0,
50,4,0.08,30,always_long,30,1,0.916,0.0267,0.0,0.1415,,0.0,
40,5,0.125,30,always_long,30,1,0.8747,0.0395,0.0,0.2619,,0.0,
50,4,0.08,30,always_long,40,1,0.916,0.0267,0.0,0.1264,,0.0,
50,4,0.08,66,always_long,30,1,0.9162,0.0268,0.0,0.141,,0.0,
50,4,0.08,66,always_short,20,2,0.9201,0.0225,0.0,0.3746,,0.0,
50,4,0.08,66,always_short,20,1,0.9201,0.0225,0.0,0.1437,,0.0,
50,4,0.08,66,always_short,10,2,0.9201,0.0225,0.0,0.1263,,0.0,
50,4,0.08,66,always_short,10,1,0.9201,0.0225,0.0,0.0295,,0.0,
50,4,0.08,66,always_long,50,1,0.9162,0.0268,0.0,0.111,,0.0,
50,4,0.08,66,always_long,40,1,0.9162,0.0268,0.0,0.1259,,0.0,
50,4,0.08,66,always_long,20,2,0.9162,0.0268,0.0,0.4004,,0.0,
50,4,0.08,66,alternate,20,1,0.9181,0.0246,0.0,0.1531,,0.0,
50,4,0.08,66,always_long,20,1,0.9162,0.0268,0.0,0.1589,,0.0,
50,4,0.08,66,always_long,10,2,0.9162,0.0268,0.0,0.1442,,0.0,
50,4,0.08,66,always_long,10,1,0.9162,0.0268,0.0,0.034,,0.0,
50,4,0.08,66,alternate,50,1,0.9181,0.0246,0.0,0.1076,,0.0,
50,4,0.08,66,alternate,40,1,0.9181,0.0246,0.0,0.1214,,0.0,
50,4,0.08,66,alternate,30,1,0.9181,0.0246,0.0,0.1359,,0.0,
50,4,0.08,66,always_short,30,1,0.9201,0.0225,0.0,0.1278,,0.0,
50,4,0.08,66,always_short,40,1,0.9201,0.0225,0.0,0.1143,,0.0,
50,4,0.08,66,always_short,50,1,0.9201,0.0225,0.0,0.1019,,0.0,
50,4,0.08,100,alternate,10,1,0.9181,0.0246,0.0,0.0321,,0.0,
50,4,0.08,100,alternate,10,2,0.9181,0.0246,0.0,0.1354,,0.0,
50,4,0.08,100,alternate,20,1,0.9181,0.0246,0.0,0.1534,,0.0,
50,4,0.08,100,alternate,20,2,0.9181,0.0246,0.0,0.3882,,0.0,
50,4,0.08,100,alternate,30,1,0.9181,0.0246,0.0,0.1361,,0.0,
50,4,0.08,100,alternate,40,1,0.9181,0.0246,0.0,0.1216,,0.0,
50,4,0.08,100,alternate,50,1,0.9181,0.0246,0.0,0.1079,,0.0,
50,4,0.08,100,always_long,10,1,0.9162,0.0268,0.0,0.0341,,0.0,
50,4,0.08,100,always_long,10,2,0.9162,0.0268,0.0,0.1442,,0.0,
50,4,0.08,100,always_long,20,1,0.9162,0.0268,0.0,0.159,,0.0,
50,4,0.08,100,always_long,20,2,0.9162,0.0268,0.0,0.4007,,0.0,
50,4,0.08,100,always_long,30,1,0.9162,0.0268,0.0,0.1411,,0.0,
50,4,0.08,100,always_long,40,1,0.9162,0.0268,0.0,0.126,,0.0,
50,4,0.08,100,always_long,50,1,0.9162,0.0268,0.0,0.1111,,0.0,
50,4,0.08,66,alternate,20,2,0.9181,0.0246,0.0,0.3879,,0.0,
50,4,0.08,66,alternate,10,2,0.9181,0.0246,0.0,0.135,,0.0,
50,4,0.08,30,always_long,50,1,0.916,0.0267,0.0,0.1114,,0.0,
50,4,0.08,45,alternate,10,1,0.9181,0.0246,0.0,0.032,,0.0,
50,4,0.08,45,alternate,40,1,0.9181,0.0246,0.0,0.1214,,0.0,
40,5,0.125,30,always_long,20,1,0.8747,0.0395,0.0,0.3039,,0.0,
50,4,0.08,45,alternate,30,1,0.9181,0.0246,0.0,0.1359,,0.0,
50,4,0.08,45,alternate,20,2,0.9181,0.0246,0.0,0.3879,,0.0,
50,4,0.08,45,alternate,20,1,0.9181,0.0246,0.0,0.1531,,0.0,
50,4,0.08,45,alternate,10,2,0.9181,0.0246,0.0,0.1351,,0.0,
50,4,0.08,30,always_short,50,1,0.9184,0.0224,0.0,0.1072,,0.0,
50,4,0.08,66,alternate,10,1,0.9181,0.0246,0.0,0.032,,0.0,
50,4,0.08,30,always_short,40,1,0.9184,0.0224,0.0,0.1205,,0.0,
50,4,0.08,30,always_short,30,1,0.9184,0.0224,0.0,0.1351,,0.0,
50,4,0.08,30,always_short,20,2,0.9184,0.0224,0.0,0.3862,,0.0,
50,4,0.08,30,always_short,20,1,0.9184,0.0224,0.0,0.1524,,0.0,
50,4,0.08,30,always_short,10,2,0.9184,0.0224,0.0,0.1341,,0.0,
50,4,0.08,30,always_short,10,1,0.9184,0.0224,0.0,0.0319,,0.0,
50,4,0.08,45,alternate,50,1,0.9181,0.0246,0.0,0.1076,,0.0,
50,4,0.08,45,always_long,10,1,0.9162,0.0268,0.0,0.034,,0.0,
50,4,0.08,45,always_long,10,2,0.9162,0.0268,0.0,0.1442,,0.0,
50,4,0.08,45,always_long,20,1,0.9162,0.0268,0.0,0.1589,,0.0,
50,4,0.08,45,always_long,20,2,0.9162,0.0268,0.0,0.4005,,0.0,
40,5,0.125,30,always_long,10,2,0.8747,0.0395,0.0,0.1585,,0.0,
50,4,0.08,45,always_long,30,1,0.9162,0.0268,0.0,0.141,,0.0,
50,4,0.08,45,always_long,40,1,0.9162,0.0268,0.0,0.1259,,0.0,
50,4,0.08,45,always_long,50,1,0.9162,0.0268,0.0,0.111,,0.0,
50,4,0.08,45,always_short,10,1,0.92,0.0224,0.0,0.0296,,0.0,
50,4,0.08,45,always_short,10,2,0.92,0.0224,0.0,0.1264,,0.0,
50,4,0.08,45,always_short,20,1,0.92,0.0224,0.0,0.1442,,0.0,
50,4,0.08,45,always_short,20,2,0.92,0.0224,0.0,0.3752,,0.0,
40,5,0.125,30,always_long,10,1,0.8747,0.0395,0.0,0.0345,,0.0,
50,4,0.08,45,always_short,30,1,0.92,0.0224,0.0,0.1283,,0.0,
50,4,0.08,45,always_short,40,1,0.92,0.0224,0.0,0.1148,,0.0,
50,4,0.08,45,always_short,50,1,0.92,0.0224,0.0,0.1021,,0.0,
50,3,0.06,66,always_short,50,1,0.9352,0.0246,0.0,0.0788,,0.0,
50,3,0.06,66,always_short,40,1,0.9352,0.0246,0.0,0.0881,,0.0,
40,5,0.125,45,always_long,10,1,0.8751,0.0395,0.0,0.034,,0.0,
50,2,0.04,130,always_short,30,1,0.9517,0.0264,0.0,0.0495,,0.0,
40,5,0.125,66,always_short,30,1,0.88,0.0359,0.0,0.245,,0.0,
50,2,0.04,130,always_short,50,2,0.9517,0.0264,0.0,0.163,,0.0,
50,2,0.04,130,always_short,50,1,0.9517,0.0264,0.0,0.0495,,0.0,
50,2,0.04,130,always_short,40,2,0.9517,0.0264,0.0,0.1802,,0.0,
50,2,0.04,130,always_short,40,1,0.9517,0.0264,0.0,0.0495,,0.0,
50,2,0.04,130,always_short,30,2,0.9517,0.0264,0.0,0.194,,0.0,
50,2,0.04,130,always_short,20,2,0.9517,0.0264,0.0,0.194,,0.0,
50,2,0.04,130,always_long,30,2,0.9481,0.0316,0.0,0.2213,,0.0,
50,2,0.04,130,always_short,20,1,0.9517,0.0264,0.0,0.0495,,0.0,
50,2,0.04,130,always_short,10,2,0.9517,0.0264,0.0,0.0534,,0.0,
50,2,0.04,130,always_short,10,1,0.9517,0.0264,0.0,0.0051,,0.0,
50,2,0.04,130,always_long,50,2,0.9481,0.0316,0.0,0.1854,,0.0,
50,2,0.04,130,always_long,50,1,0.9481,0.0316,0.0,0.0583,,0.0,
50,2,0.04,130,always_long,40,2,0.9481,0.0316,0.0,0.2055,,0.0,
40,5,0.125,66,always_short,20,1,0.88,0.0359,0.0,0.2836,,0.0,
50,3,0.06,30,alternate,10,1,0.933,0.0268,0.0,0.0165,,0.0,
40,5,0.125,66,always_short,10,2,0.88,0.0359,0.0,0.1401,,0.0,
50,3,0.06,30,alternate,10,2,0.933,0.0268,0.0,0.1109,,0.0,
50,3,0.06,30,alternate,20,1,0.933,0.0268,0.0,0.1013,,0.0,
50,3,0.06,30,alternate,20,2,0.933,0.0268,0.0,0.3229,,0.0,
50,3,0.06,30,alternate,30,1,0.933,0.0268,0.0,0.1013,,0.0,
40,5,0.125,66,always_short,10,1,0.88,0.0359,0.0,0.0286,,0.0,
50,3,0.06,30,alternate,30,2,0.933,0.0268,0.0,0.2801,,0.0,
50,3,0.06,30,alternate,40,1,0.933,0.0268,0.0,0.094,,0.0,
50,3,0.06,30,alternate,50,1,0.933,0.0268,0.0,0.084,,0.0,
50,3,0.06,30,always_long,10,1,0.9316,0.0291,0.0,0.0176,,0.0,
50,3,0.06,30,always_long,10,2,0.9316,0.0291,0.0,0.1164,,0.0,
50,3,0.06,30,always_long,20,1,0.9316,0.0291,0.0,0.1052,,0.0,
50,3,0.06,30,always_long,20,2,0.9316,0.0291,0.0,0.3342,,0.0,
50,3,0.06,30,always_long,30,1,0.9316,0.0291,0.0,0.1052,,0.0,
40,5,0.125,66,always_long,30,1,0.8751,0.0395,0.0,0.2601,,0.0,
50,2,0.04,130,always_long,40,1,0.9481,0.0316,0.0,0.0583,,0.0,
50,2,0.04,130,always_long,30,1,0.9481,0.0316,0.0,0.0583,,0.0,
50,3,0.06,30,always_long,40,1,0.9316,0.0291,0.0,0.0974,,0.0,
50,2,0.04,100,always_short,30,1,0.9517,0.0264,0.0,0.0495,,0.0,
50,2,0.04,100,always_short,50,2,0.9517,0.0264,0.0,0.163,,0.0,
50,2,0.04,100,always_short,50,1,0.9517,0.0264,0.0,0.0495,,0.0,
50,2,0.04,100,always_short,40,2,0.9517,0.0264,0.0,0.1801,,0.0,
50,2,0.04,100,always_short,40,1,0.9517,0.0264,0.0,0.0495,,0.0,
40,5,0.125,100,always_long,10,1,0.875,0.0395,0.0,0.034,,0.0,
50,2,0.04,100,always_short,30,2,0.9517,0.0264,0.0,0.1939,,0.0,
50,2,0.04,100,always_short,20,2,0.9517,0.0264,0.0,0.1939,,0.0,
50,2,0.04,130,always_long,20,2,0.9481,0.0316,0.0,0.2213,,0.0,
50,2,0.04,100,always_short,20,1,0.9517,0.0264,0.0,0.0495,,0.0,
50,2,0.04,100,always_short,10,2,0.9517,0.0264,0.0,0.0534,,0.0,
40,5,0.125,100,always_long,10,2,0.875,0.0395,0.0,0.1576,,0.0,
50,2,0.04,100,always_short,10,1,0.9517,0.0264,0.0,0.0051,,0.0,
40,5,0.125,100,always_long,20,1,0.875,0.0395,0.0,0.3024,,0.0,
40,5,0.125,100,always_long,30,1,0.875,0.0395,0.0,0.2604,,0.0,
50,2,0.04,130,alternate,10,1,0.9499,0.029,0.0,0.0055,,0.0,
50,2,0.04,130,alternate,10,2,0.9499,0.029,0.0,0.0595,,0.0,
50,2,0.04,130,alternate,20,1,0.9499,0.029,0.0,0.0536,,0.0,
50,2,0.04,130,alternate,20,2,0.9499,0.029,0.0,0.2084,,0.0,
50,2,0.04,130,alternate,30,1,0.9499,0.029,0.0,0.0536,,0.0,
50,2,0.04,130,alternate,30,2,0.9499,0.029,0.0,0.2084,,0.0,
50,2,0.04,130,alternate,40,1,0.9499,0.029,0.0,0.0536,,0.0,
40,5,0.125,100,alternate,30,1,0.8775,0.0377,0.0,0.2519,,0.0,
50,2,0.04,130,alternate,40,2,0.9499,0.029,0.0,0.1941,,0.0,
50,2,0.04,130,alternate,50,1,0.9499,0.029,0.0,0.0536,,0.0,
50,2,0.04,130,alternate,50,2,0.9499,0.029,0.0,0.1745,,0.0,
50,2,0.04,130,always_long,10,1,0.9481,0.0316,0.0,0.0066,,0.0,
50,2,0.04,130,always_long,10,2,0.9481,0.0316,0.0,0.0673,,0.0,
50,2,0.04,130,always_long,20,1,0.9481,0.0316,0.0,0.0583,,0.0,
40,5,0.125,100,alternate,20,1,0.8775,0.0377,0.0,0.2924,,0.0,
40,5,0.125,100,alternate,10,2,0.8775,0.0377,0.0,0.1491,,0.0,
40,5,0.125,100,alternate,10,1,0.8775,0.0377,0.0,0.0316,,0.0,
50,3,0.06,30,always_long,30,2,0.9316,0.0291,0.0,0.2901,,0.0,
50,3,0.06,30,always_long,50,1,0.9316,0.0291,0.0,0.087,,0.0,
40,5,0.125,45,always_long,10,2,0.8751,0.0395,0.0,0.1576,,0.0,
50,3,0.06,66,alternate,20,1,0.9335,0.0269,0.0,0.099,,0.0,
50,3,0.06,66,alternate,40,1,0.9335,0.0269,0.0,0.0921,,0.0,
40,5,0.125,45,always_short,10,1,0.88,0.0359,0.0,0.0286,,0.0,
40,5,0.125,45,always_short,10,2,0.88,0.0359,0.0,0.1398,,0.0,
50,3,0.06,66,alternate,30,2,0.9335,0.0269,0.0,0.2762,,0.0,
50,3,0.06,66,alternate,30,1,0.9335,0.0269,0.0,0.099,,0.0,
50,3,0.06,66,alternate,20,2,0.9335,0.0269,0.0,0.3185,,0.0,
50,3,0.06,66,alternate,10,2,0.9335,0.0269,0.0,0.1089,,0.0,
50,3,0.06,45,always_short,20,2,0.9352,0.0245,0.0,0.3054,,0.0,
40,5,0.125,45,always_short,20,1,0.88,0.0359,0.0,0.2835,,0.0,
40,5,0.125,45,always_short,30,1,0.88,0.0359,0.0,0.245,,0.0,
50,3,0.06,66,alternate,10,1,0.9335,0.0269,0.0,0.0161,,0.0,
50,3,0.06,45,always_short,50,1,0.9352,0.0245,0.0,0.0788,,0.0,
50,3,0.06,45,always_short,40,1,0.9352,0.0245,0.0,0.0881,,0.0,
50,3,0.06,45,always_short,30,2,0.9352,0.0245,0.0,0.2644,,0.0,
50,3,0.06,66,alternate,50,1,0.9335,0.0269,0.0,0.0825,,0.0,
50,3,0.06,66,always_long,10,1,0.9317,0.0292,0.0,0.0174,,0.0,
50,3,0.06,66,always_long,10,2,0.9317,0.0292,0.0,0.1155,,0.0,
50,3,0.06,66,always_long,20,1,0.9317,0.0292,0.0,0.105,,0.0,
50,3,0.06,66,always_long,20,2,0.9317,0.0292,0.0,0.3326,,0.0,
50,3,0.06,66,always_long,30,1,0.9317,0.0292,0.0,0.105,,0.0,
50,3,0.06,66,always_long,30,2,0.9317,0.0292,0.0,0.2886,,0.0,
50,3,0.06,66,always_long,40,1,0.9317,0.0292,0.0,0.0971,,0.0,
50,3,0.06,66,always_long,50,1,0.9317,0.0292,0.0,0.0867,,0.0,
50,3,0.06,66,always_short,10,1,0.9352,0.0246,0.0,0.0145,,0.0,
40,5,0.125,45,always_long,30,1,0.8751,0.0395,0.0,0.2602,,0.0,
50,3,0.06,66,always_short,10,2,0.9352,0.0246,0.0,0.1011,,0.0,
50,3,0.06,66,always_short,20,1,0.9352,0.0246,0.0,0.094,,0.0,
50,3,0.06,66,always_short,20,2,0.9352,0.0246,0.0,0.3051,,0.0,
50,3,0.06,66,always_short,30,1,0.9352,0.0246,0.0,0.094,,0.0,
50,3,0.06,66,always_short,30,2,0.9352,0.0246,0.0,0.264,,0.0,
40,5,0.125,45,always_long,20,1,0.8751,0.0395,0.0,0.3023,,0.0,
50,3,0.06,45,always_short,30,1,0.9352,0.0245,0.0,0.0941,,0.0,
50,3,0.06,45,always_short,20,1,0.9352,0.0245,0.0,0.0941,,0.0,
50,3,0.06,30,always_short,10,1,0.9343,0.0245,0.0,0.0155,,0.0,
50,3,0.06,30,always_short,30,2,0.9343,0.0245,0.0,0.2694,,0.0,
50,3,0.06,45,alternate,20,2,0.9334,0.0269,0.0,0.3185,,0.0,
50,3,0.06,45,alternate,20,1,0.9334,0.0269,0.0,0.099,,0.0,
50,3,0.06,45,alternate,10,2,0.9334,0.0269,0.0,0.1089,,0.0,
50,3,0.06,45,alternate,10,1,0.9334,0.0269,0.0,0.0161,,0.0,
50,3,0.06,30,always_short,50,1,0.9343,0.0245,0.0,0.0805,,0.0,
50,3,0.06,30,always_short,40,1,0.9343,0.0245,0.0,0.0899,,0.0,
50,3,0.06,30,always_short,30,1,0.9343,0.0245,0.0,0.0964,,0.0,
50,3,0.06,45,always_short,10,2,0.9352,0.0245,0.0,0.1013,,0.0,
50,3,0.06,30,always_short,20,2,0.9343,0.0245,0.0,0.3115,,0.0,
50,3,0.06,30,always_short,20,1,0.9343,0.0245,0.0,0.0964,,0.0,
40,5,0.125,66,always_long,10,1,0.8751,0.0395,0.0,0.034,,0.0,
40,5,0.125,66,always_long,10,2,0.8751,0.0395,0.0,0.1576,,0.0,
40,5,0.125,66,always_long,20,1,0.8751,0.0395,0.0,0.3021,,0.0,
50,3,0.06,30,always_short,10,2,0.9343,0.0245,0.0,0.1039,,0.0,
50,3,0.06,45,alternate,30,1,0.9334,0.0269,0.0,0.099,,0.0,
50,3,0.06,45,alternate,30,2,0.9334,0.0269,0.0,0.2762,,0.0,
50,3,0.06,45,alternate,40,1,0.9334,0.0269,0.0,0.0921,,0.0,
40,5,0.125,66,alternate,30,1,0.8775,0.0377,0.0,0.2517,,0.0,
40,5,0.125,66,alternate,20,1,0.8775,0.0377,0.0,0.2923,,0.0,
40,5,0.125,66,alternate,10,2,0.8775,0.0377,0.0,0.1491,,0.0,
50,3,0.06,45,alternate,50,1,0.9334,0.0269,0.0,0.0825,,0.0,
50,3,0.06,45,always_long,10,1,0.9317,0.0292,0.0,0.0174,,0.0,
50,3,0.06,45,always_long,10,2,0.9317,0.0292,0.0,0.1155,,0.0,
50,3,0.06,45,always_long,20,1,0.9317,0.0292,0.0,0.105,,0.0,
40,5,0.125,66,alternate,10,1,0.8775,0.0377,0.0,0.0316,,0.0,
50,3,0.06,45,always_long,20,2,0.9317,0.0292,0.0,0.3327,,0.0,
50,3,0.06,45,always_long,30,1,0.9317,0.0292,0.0,0.105,,0.0,
50,3,0.06,45,always_long,30,2,0.9317,0.0292,0.0,0.2888,,0.0,
50,3,0.06,45,always_long,40,1,0.9317,0.0292,0.0,0.0971,,0.0,
50,3,0.06,45,always_long,50,1,0.9317,0.0292,0.0,0.0867,,0.0,
50,3,0.06,45,always_short,10,1,0.9352,0.0245,0.0,0.0145,,0.0,
50,3,0.06,100,always_short,50,1,0.9351,0.0246,0.0,0.0788,,0.0,
10,2,0.2,30,alternate,10,1,0.7006,0.4201,0.0,0.0,,0.0,
40,3,0.075,66,alternate,30,2,0.9138,0.0455,0.0,0.4181,,0.0,
15,6,0.4,100,alternate,30,1,0.6769,0.1876,0.0,0.4319,,0.0,
15,6,0.4,100,alternate,10,2,0.6769,0.1876,0.0,0.0401,,0.0,
15,6,0.4,100,alternate,10,1,0.6769,0.1876,0.0,0.0005,,0.0,
15,6,0.4,66,always_short,30,1,0.6799,0.188,0.0,0.422,,0.0,
15,6,0.4,66,always_short,20,1,0.6799,0.188,0.0,0.1497,,0.0,
15,6,0.4,66,always_short,10,2,0.6799,0.188,0.0,0.0377,,0.0,
15,6,0.4,66,always_short,10,1,0.6799,0.188,0.0,0.0005,,0.0,
15,6,0.4,66,always_long,30,1,0.6739,0.1871,0.0,0.4429,,0.0,
15,6,0.4,66,always_long,20,1,0.6739,0.1871,0.0,0.1616,,0.0,
15,6,0.4,66,always_long,10,2,0.6739,0.1871,0.0,0.044,,0.0,
15,6,0.4,66,always_long,10,1,0.6739,0.1871,0.0,0.0006,,0.0,
15,6,0.4,66,alternate,30,1,0.6769,0.1875,0.0,0.4318,,0.0,
15,6,0.4,66,alternate,20,1,0.6769,0.1875,0.0,0.1555,,0.0,
15,6,0.4,66,alternate,10,2,0.6769,0.1875,0.0,0.0401,,0.0,
15,6,0.4,66,alternate,10,1,0.6769,0.1875,0.0,0.0005,,0.0,
15,6,0.4,45,always_short,30,1,0.6799,0.1879,0.0,0.422,,0.0,
15,6,0.4,45,always_short,20,1,0.6799,0.1879,0.0,0.1497,,0.0,
15,6,0.4,45,always_short,10,2,0.6799,0.1879,0.0,0.0377,,0.0,
15,6,0.4,45,always_short,10,1,0.6799,0.1879,0.0,0.0005,,0.0,
15,6,0.4,45,always_long,30,1,0.674,0.187,0.0,0.4424,,0.0,
15,6,0.4,100,alternate,20,1,0.6769,0.1876,0.0,0.1555,,0.0,
15,6,0.4,100,always_long,10,1,0.6739,0.1871,0.0,0.0006,,0.0,
15,6,0.4,45,always_long,10,2,0.674,0.187,0.0,0.0439,,0.0,
15,6,0.4,100,always_long,10,2,0.6739,0.1871,0.0,0.044,,0.0,
20,2,0.1,30,alternate,10,1,0.8369,0.1904,0.0,0.0014,,0.0,
15,6,0.4,130,always_short,30,1,0.6799,0.1882,0.0,0.4221,,0.0,
15,6,0.4,130,always_short,20,1,0.6799,0.1882,0.0,0.1497,,0.0,
15,6,0.4,130,always_short,10,2,0.6799,0.1882,0.0,0.0377,,0.0,
15,6,0.4,130,always_short,10,1,0.6799,0.1882,0.0,0.0005,,0.0,
15,6,0.4,130,always_long,30,1,0.6738,0.1873,0.0,0.4431,,0.0,
15,6,0.4,130,always_long,20,1,0.6738,0.1873,0.0,0.1618,,0.0,
15,6,0.4,130,always_long,10,2,0.6738,0.1873,0.0,0.044,,0.0,
15,6,0.4,130,always_long,10,1,0.6738,0.1873,0.0,0.0006,,0.0,
15,6,0.4,130,alternate,30,1,0.6768,0.1877,0.0,0.4319,,0.0,
15,6,0.4,130,alternate,20,1,0.6768,0.1877,0.0,0.1555,,0.0,
15,6,0.4,130,alternate,10,2,0.6768,0.1877,0.0,0.0401,,0.0,
15,6,0.4,130,alternate,10,1,0.6768,0.1877,0.0,0.0005,,0.0,
15,6,0.4,100,always_short,30,1,0.6799,0.188,0.0,0.4223,,0.0,
15,6,0.4,100,always_short,20,1,0.6799,0.188,0.0,0.1497,,0.0,
15,6,0.4,100,always_short,10,2,0.6799,0.188,0.0,0.0379,,0.0,
15,6,0.4,100,always_short,10,1,0.6799,0.188,0.0,0.0005,,0.0,
15,6,0.4,100,always_long,30,1,0.6739,0.1871,0.0,0.4431,,0.0,
15,6,0.4,100,always_long,20,1,0.6739,0.1871,0.0,0.1616,,0.0,
15,6,0.4,45,always_long,20,1,0.674,0.187,0.0,0.1615,,0.0,
15,6,0.4,45,always_long,10,1,0.674,0.187,0.0,0.0006,,0.0,
20,2,0.1,30,alternate,20,1,0.8369,0.1904,0.0,0.1025,,0.0,
15,5,0.333,130,always_long,20,2,0.7009,0.2083,0.0,0.4494,,0.0,
15,5,0.333,130,always_long,10,2,0.7009,0.2083,0.0,0.031,,0.0,
15,5,0.333,130,always_long,10,1,0.7009,0.2083,0.0,0.0003,,0.0,
15,5,0.333,130,alternate,30,1,0.7026,0.2073,0.0,0.3897,,0.0,
15,5,0.333,130,alternate,20,2,0.7026,0.2073,0.0,0.4441,,0.0,
15,5,0.333,130,alternate,20,1,0.7026,0.2073,0.0,0.1268,,0.0,
15,5,0.333,130,alternate,10,2,0.7026,0.2073,0.0,0.0295,,0.0,
15,5,0.333,130,alternate,10,1,0.7026,0.2073,0.0,0.0003,,0.0,
15,5,0.333,100,always_short,30,1,0.7043,0.2062,0.0,0.3845,,0.0,
15,5,0.333,100,always_short,20,2,0.7043,0.2062,0.0,0.4346,,0.0,
15,5,0.333,100,always_short,20,1,0.7043,0.2062,0.0,0.123,,0.0,
15,5,0.333,100,always_short,10,2,0.7043,0.2062,0.0,0.0285,,0.0,
15,5,0.333,100,always_short,10,1,0.7043,0.2062,0.0,0.0003,,0.0,
15,5,0.333,100,always_long,30,1,0.7009,0.2081,0.0,0.3941,,0.0,
15,5,0.333,100,always_long,20,2,0.7009,0.2081,0.0,0.4494,,0.0,
15,5,0.333,100,always_long,20,1,0.7009,0.2081,0.0,0.1306,,0.0,
15,5,0.333,100,always_long,10,2,0.7009,0.2081,0.0,0.031,,0.0,
15,5,0.333,100,always_long,10,1,0.7009,0.2081,0.0,0.0003,,0.0,
15,5,0.333,100,alternate,30,1,0.7026,0.2072,0.0,0.3897,,0.0,
15,5,0.333,100,alternate,20,2,0.7026,0.2072,0.0,0.4441,,0.0,
15,5,0.333,130,always_long,20,1,0.7009,0.2083,0.0,0.1306,,0.0,
15,5,0.333,130,always_long,30,1,0.7009,0.2083,0.0,0.3945,,0.0,
15,6,0.4,45,alternate,30,1,0.6769,0.1874,0.0,0.4318,,0.0,
15,5,0.333,130,always_short,10,1,0.7044,0.2064,0.0,0.0003,,0.0,
15,6,0.4,45,alternate,20,1,0.6769,0.1874,0.0,0.1555,,0.0,
15,6,0.4,45,alternate,10,2,0.6769,0.1874,0.0,0.0401,,0.0,
15,6,0.4,45,alternate,10,1,0.6769,0.1874,0.0,0.0005,,0.0,
15,6,0.4,30,always_short,30,1,0.6798,0.1878,0.0,0.4226,,0.0,
15,6,0.4,30,always_short,20,1,0.6798,0.1878,0.0,0.1497,,0.0,
15,6,0.4,30,always_short,10,2,0.6798,0.1878,0.0,0.0379,,0.0,
15,6,0.4,30,always_short,10,1,0.6798,0.1878,0.0,0.0005,,0.0,
15,6,0.4,30,always_long,30,1,0.6738,0.1869,0.0,0.4431,,0.0,
15,6,0.4,30,always_long,20,1,0.6738,0.1869,0.0,0.1618,,0.0,
15,6,0.4,30,always_long,10,2,0.6738,0.1869,0.0,0.044,,0.0,
15,6,0.4,30,always_long,10,1,0.6738,0.1869,0.0,0.0006,,0.0,
15,6,0.4,30,alternate,30,1,0.6768,0.1873,0.0,0.432,,0.0,
15,6,0.4,30,alternate,20,1,0.6768,0.1873,0.0,0.1555,,0.0,
15,6,0.4,30,alternate,10,2,0.6768,0.1873,0.0,0.0401,,0.0,
15,6,0.4,30,alternate,10,1,0.6768,0.1873,0.0,0.0005,,0.0,
15,5,0.333,130,always_short,30,1,0.7044,0.2064,0.0,0.3844,,0.0,
15,5,0.333,130,always_short,20,2,0.7044,0.2064,0.0,0.4341,,0.0,
15,5,0.333,130,always_short,20,1,0.7044,0.2064,0.0,0.123,,0.0,
15,5,0.333,130,always_short,10,2,0.7044,0.2064,0.0,0.0285,,0.0,
20,2,0.1,30,alternate,10,2,0.8369,0.1904,0.0,0.0439,,0.0,
20,2,0.1,30,alternate,20,2,0.8369,0.1904,0.0,0.5345,,0.0,
20,2,0.1,100,alternate,30,1,0.8368,0.1905,0.0,0.4119,,0.0,
20,2,0.1,66,always_long,10,2,0.8345,0.1941,0.0,0.0483,,0.0,
20,2,0.1,66,alternate,50,2,0.8368,0.1905,0.0,0.8366,,0.0,
20,2,0.1,66,alternate,50,1,0.8368,0.1905,0.0,0.4881,,0.0,
20,2,0.1,66,alternate,40,2,0.8368,0.1905,0.0,0.8471,,0.0,
20,2,0.1,66,alternate,40,1,0.8368,0.1905,0.0,0.4881,,0.0,
20,2,0.1,66,alternate,30,2,0.8368,0.1905,0.0,0.7602,,0.0,
20,2,0.1,66,alternate,30,1,0.8368,0.1905,0.0,0.4118,,0.0,
20,2,0.1,66,alternate,20,2,0.8368,0.1905,0.0,0.5345,,0.0,
20,2,0.1,66,alternate,20,1,0.8368,0.1905,0.0,0.1025,,0.0,
20,2,0.1,66,alternate,10,2,0.8368,0.1905,0.0,0.0439,,0.0,
20,2,0.1,66,alternate,10,1,0.8368,0.1905,0.0,0.0014,,0.0,
20,2,0.1,45,always_short,50,2,0.8392,0.1868,0.0,0.8286,,0.0,
20,2,0.1,45,always_short,50,1,0.8392,0.1868,0.0,0.477,,0.0,
20,2,0.1,45,always_short,40,2,0.8392,0.1868,0.0,0.8393,,0.0,
20,2,0.1,45,always_short,40,1,0.8392,0.1868,0.0,0.477,,0.0,
20,2,0.1,45,always_short,30,2,0.8392,0.1868,0.0,0.7474,,0.0,
20,2,0.1,45,always_short,30,1,0.8392,0.1868,0.0,0.4001,,0.0,
20,2,0.1,45,always_short,20,2,0.8392,0.1868,0.0,0.5206,,0.0,
20,2,0.1,45,always_short,20,1,0.8392,0.1868,0.0,0.0978,,0.0,
20,2,0.1,45,always_short,10,2,0.8392,0.1868,0.0,0.0414,,0.0,
20,2,0.1,66,always_long,10,1,0.8345,0.1941,0.0,0.0016,,0.0,
20,2,0.1,66,always_long,20,1,0.8345,0.1941,0.0,0.1074,,0.0,
20,2,0.1,45,always_long,50,2,0.8346,0.194,0.0,0.8459,,0.0,
20,2,0.1,66,always_long,20,2,0.8345,0.1941,0.0,0.5493,,0.0,
20,2,0.1,100,alternate,20,1,0.8368,0.1905,0.0,0.1027,,0.0,
20,2,0.1,100,alternate,10,2,0.8368,0.1905,0.0,0.044,,0.0,
20,2,0.1,100,alternate,10,1,0.8368,0.1905,0.0,0.0014,,0.0,
20,2,0.1,66,always_short,50,2,0.8392,0.1868,0.0,0.8289,,0.0,
20,2,0.1,66,always_short,50,1,0.8392,0.1868,0.0,0.4774,,0.0,
20,2,0.1,66,always_short,40,2,0.8392,0.1868,0.0,0.8394,,0.0,
20,2,0.1,66,always_short,40,1,0.8392,0.1868,0.0,0.4774,,0.0,
20,2,0.1,66,always_short,30,2,0.8392,0.1868,0.0,0.748,,0.0,
20,2,0.1,66,always_short,30,1,0.8392,0.1868,0.0,0.4005,,0.0,
20,2,0.1,66,always_short,20,2,0.8392,0.1868,0.0,0.5208,,0.0,
20,2,0.1,66,always_short,20,1,0.8392,0.1868,0.0,0.0979,,0.0,
20,2,0.1,66,always_short,10,2,0.8392,0.1868,0.0,0.0414,,0.0,
20,2,0.1,66,always_short,10,1,0.8392,0.1868,0.0,0.0014,,0.0,
20,2,0.1,66,always_long,50,2,0.8345,0.1941,0.0,0.846,,0.0,
20,2,0.1,66,always_long,50,1,0.8345,0.1941,0.0,0.4978,,0.0,
20,2,0.1,66,always_long,40,2,0.8345,0.1941,0.0,0.8548,,0.0,
20,2,0.1,66,always_long,40,1,0.8345,0.1941,0.0,0.4978,,0.0,
20,2,0.1,66,always_long,30,2,0.8345,0.1941,0.0,0.7711,,0.0,
20,2,0.1,66,always_long,30,1,0.8345,0.1941,0.0,0.4205,,0.0,
20,2,0.1,45,always_short,10,1,0.8392,0.1868,0.0,0.0014,,0.0,
20,2,0.1,45,always_long,50,1,0.8346,0.194,0.0,0.4975,,0.0,
20,2,0.1,30,alternate,30,1,0.8369,0.1904,0.0,0.4118,,0.0,
20,2,0.1,30,always_short,30,2,0.8391,0.1867,0.0,0.7482,,0.0,
20,2,0.1,30,always_short,20,2,0.8391,0.1867,0.0,0.521,,0.0,
20,2,0.1,30,always_short,20,1,0.8391,0.1867,0.0,0.0979,,0.0,
20,2,0.1,30,always_short,10,2,0.8391,0.1867,0.0,0.0414,,0.0,
20,2,0.1,30,always_short,10,1,0.8391,0.1867,0.0,0.0014,,0.0,
20,2,0.1,30,always_long,50,2,0.8346,0.194,0.0,0.8459,,0.0,
20,2,0.1,30,always_long,50,1,0.8346,0.194,0.0,0.4974,,0.0,
20,2,0.1,30,always_long,40,2,0.8346,0.194,0.0,0.8546,,0.0,
20,2,0.1,30,always_long,40,1,0.8346,0.194,0.0,0.4974,,0.0,
20,2,0.1,30,always_long,30,2,0.8346,0.194,0.0,0.7711,,0.0,
20,2,0.1,30,always_long,30,1,0.8346,0.194,0.0,0.4203,,0.0,
20,2,0.1,30,always_long,20,2,0.8346,0.194,0.0,0.5486,,0.0,
20,2,0.1,30,always_long,20,1,0.8346,0.194,0.0,0.1072,,0.0,
20,2,0.1,30,always_long,10,2,0.8346,0.194,0.0,0.0483,,0.0,
20,2,0.1,30,always_long,10,1,0.8346,0.194,0.0,0.0016,,0.0,
20,2,0.1,30,alternate,50,2,0.8369,0.1904,0.0,0.8366,,0.0,
20,2,0.1,30,alternate,50,1,0.8369,0.1904,0.0,0.4881,,0.0,
20,2,0.1,30,alternate,40,2,0.8369,0.1904,0.0,0.8471,,0.0,
20,2,0.1,30,alternate,40,1,0.8369,0.1904,0.0,0.4881,,0.0,
20,2,0.1,30,alternate,30,2,0.8369,0.1904,0.0,0.7602,,0.0,
20,2,0.1,30,always_short,30,1,0.8391,0.1867,0.0,0.4007,,0.0,
20,2,0.1,30,always_short,40,1,0.8391,0.1867,0.0,0.4775,,0.0,
20,2,0.1,45,always_long,40,2,0.8346,0.194,0.0,0.8546,,0.0,
20,2,0.1,30,always_short,40,2,0.8391,0.1867,0.0,0.8394,,0.0,
20,2,0.1,45,always_long,40,1,0.8346,0.194,0.0,0.4975,,0.0,
20,2,0.1,45,always_long,30,2,0.8346,0.194,0.0,0.7711,,0.0,
20,2,0.1,45,always_long,30,1,0.8346,0.194,0.0,0.4203,,0.0,
20,2,0.1,45,always_long,20,2,0.8346,0.194,0.0,0.5486,,0.0,
20,2,0.1,45,always_long,20,1,0.8346,0.194,0.0,0.1072,,0.0,
20,2,0.1,45,always_long,10,2,0.8346,0.194,0.0,0.0483,,0.0,
20,2,0.1,45,always_long,10,1,0.8346,0.194,0.0,0.0016,,0.0,
20,2,0.1,45,alternate,50,2,0.8369,0.1904,0.0,0.8365,,0.0,
20,2,0.1,45,alternate,50,1,0.8369,0.1904,0.0,0.4881,,0.0,
20,2,0.1,45,alternate,40,2,0.8369,0.1904,0.0,0.847,,0.0,
20,2,0.1,45,alternate,40,1,0.8369,0.1904,0.0,0.4881,,0.0,
20,2,0.1,45,alternate,30,2,0.8369,0.1904,0.0,0.7602,,0.0,
20,2,0.1,45,alternate,30,1,0.8369,0.1904,0.0,0.4118,,0.0,
20,2,0.1,45,alternate,20,2,0.8369,0.1904,0.0,0.5345,,0.0,
20,2,0.1,45,alternate,20,1,0.8369,0.1904,0.0,0.1025,,0.0,
20,2,0.1,45,alternate,10,2,0.8369,0.1904,0.0,0.0439,,0.0,
20,2,0.1,45,alternate,10,1,0.8369,0.1904,0.0,0.0014,,0.0,
20,2,0.1,30,always_short,50,2,0.8391,0.1867,0.0,0.829,,0.0,
20,2,0.1,30,always_short,50,1,0.8391,0.1867,0.0,0.4775,,0.0,
15,5,0.333,100,alternate,20,1,0.7026,0.2072,0.0,0.1266,,0.0,
15,5,0.333,100,alternate,10,2,0.7026,0.2072,0.0,0.0295,,0.0,
15,5,0.333,100,alternate,10,1,0.7026,0.2072,0.0,0.0003,,0.0,
15,4,0.267,45,always_short,10,2,0.7304,0.2268,0.0,0.0281,,0.0,
15,4,0.267,45,always_long,50,1,0.728,0.2304,0.0,0.6963,,0.0,
15,4,0.267,45,always_long,40,1,0.728,0.2304,0.0,0.5654,,0.0,
15,4,0.267,45,always_long,30,1,0.728,0.2304,0.0,0.383,,0.0,
15,4,0.267,45,always_long,20,2,0.728,0.2304,0.0,0.4808,,0.0,
15,4,0.267,45,always_long,20,1,0.728,0.2304,0.0,0.1196,,0.0,
15,4,0.267,45,always_long,10,2,0.728,0.2304,0.0,0.0307,,0.0,
15,4,0.267,45,always_long,10,1,0.728,0.2304,0.0,0.0001,,0.0,
15,4,0.267,45,alternate,50,1,0.7292,0.2286,0.0,0.6926,,0.0,
15,4,0.267,45,alternate,40,1,0.7292,0.2286,0.0,0.5619,,0.0,
15,4,0.267,45,alternate,30,1,0.7292,0.2286,0.0,0.3801,,0.0,
15,4,0.267,45,alternate,20,2,0.7292,0.2286,0.0,0.4771,,0.0,
15,4,0.267,45,alternate,20,1,0.7292,0.2286,0.0,0.1174,,0.0,
15,4,0.267,45,alternate,10,2,0.7292,0.2286,0.0,0.029,,0.0,
15,4,0.267,45,alternate,10,1,0.7292,0.2286,0.0,0.0,,0.0,
15,4,0.267,30,always_short,50,1,0.7304,0.2267,0.0,0.689,,0.0,
15,4,0.267,30,always_short,40,1,0.7304,0.2267,0.0,0.5585,,0.0,
15,4,0.267,30,always_short,30,1,0.7304,0.2267,0.0,0.3767,,0.0,
15,4,0.267,30,always_short,20,2,0.7304,0.2267,0.0,0.4704,,0.0,
15,4,0.267,30,always_short,20,1,0.7304,0.2267,0.0,0.1149,,0.0,
15,4,0.267,45,always_short,10,1,0.7304,0.2268,0.0,0.0,,0.0,
15,4,0.267,45,always_short,20,1,0.7304,0.2268,0.0,0.1149,,0.0,
15,4,0.267,30,always_short,10,1,0.7304,0.2267,0.0,0.0,,0.0,
15,4,0.267,45,always_short,20,2,0.7304,0.2268,0.0,0.4705,,0.0,
15,4,0.267,66,always_short,10,2,0.7304,0.2269,0.0,0.0281,,0.0,
15,4,0.267,66,always_short,10,1,0.7304,0.2269,0.0,0.0,,0.0,
15,4,0.267,66,always_long,50,1,0.7279,0.2305,0.0,0.6966,,0.0,
15,4,0.267,66,always_long,40,1,0.7279,0.2305,0.0,0.5657,,0.0,
15,4,0.267,66,always_long,30,1,0.7279,0.2305,0.0,0.3831,,0.0,
15,4,0.267,66,always_long,20,2,0.7279,0.2305,0.0,0.4814,,0.0,
15,4,0.267,66,always_long,20,1,0.7279,0.2305,0.0,0.1199,,0.0,
15,4,0.267,66,always_long,10,2,0.7279,0.2305,0.0,0.0307,,0.0,
15,4,0.267,66,always_long,10,1,0.7279,0.2305,0.0,0.0001,,0.0,
15,4,0.267,66,alternate,50,1,0.7292,0.2287,0.0,0.6926,,0.0,
15,4,0.267,66,alternate,40,1,0.7292,0.2287,0.0,0.5619,,0.0,
15,4,0.267,66,alternate,30,1,0.7292,0.2287,0.0,0.3802,,0.0,
15,4,0.267,66,alternate,20,2,0.7292,0.2287,0.0,0.4774,,0.0,
15,4,0.267,66,alternate,20,1,0.7292,0.2287,0.0,0.1175,,0.0,
15,4,0.267,66,alternate,10,2,0.7292,0.2287,0.0,0.029,,0.0,
15,4,0.267,66,alternate,10,1,0.7292,0.2287,0.0,0.0,,0.0,
15,4,0.267,45,always_short,50,1,0.7304,0.2268,0.0,0.689,,0.0,
15,4,0.267,45,always_short,40,1,0.7304,0.2268,0.0,0.5585,,0.0,
15,4,0.267,45,always_short,30,1,0.7304,0.2268,0.0,0.3767,,0.0,
15,4,0.267,30,always_short,10,2,0.7304,0.2267,0.0,0.0281,,0.0,
15,4,0.267,30,always_long,50,1,0.728,0.2303,0.0,0.6965,,0.0,
15,5,0.333,66,always_short,30,1,0.7044,0.2062,0.0,0.3844,,0.0,
15,3,0.2,130,always_long,50,1,0.7538,0.2544,0.0,0.674,,0.0,
15,3,0.2,130,always_long,40,1,0.7538,0.2544,0.0,0.5763,,0.0,
15,3,0.2,130,always_long,30,2,0.7538,0.2544,0.0,0.7654,,0.0,
15,3,0.2,130,always_long,30,1,0.7538,0.2544,0.0,0.3766,,0.0,
15,3,0.2,130,always_long,20,2,0.7538,0.2544,0.0,0.5164,,0.0,
15,3,0.2,130,always_long,20,1,0.7538,0.2544,0.0,0.1116,,0.0,
15,3,0.2,130,always_long,10,2,0.7538,0.2544,0.0,0.026,,0.0,
15,3,0.2,130,always_long,10,1,0.7538,0.2544,0.0,0.0,,0.0,
15,3,0.2,130,alternate,50,1,0.7552,0.2528,0.0,0.669,,0.0,
15,3,0.2,130,alternate,40,2,0.7552,0.2528,0.0003,0.8526,15.0,0.0,196000.0
15,3,0.2,130,alternate,40,1,0.7552,0.2528,0.0,0.5716,,0.0,
15,3,0.2,130,alternate,30,2,0.7552,0.2528,0.0,0.7604,,0.0,
15,3,0.2,130,alternate,30,1,0.7552,0.2528,0.0,0.3721,,0.0,
15,3,0.2,130,alternate,20,2,0.7552,0.2528,0.0,0.5098,,0.0,
15,3,0.2,130,alternate,20,1,0.7552,0.2528,0.0,0.1091,,0.0,
15,3,0.2,130,alternate,10,2,0.7552,0.2528,0.0,0.0254,,0.0,
15,3,0.2,130,alternate,10,1,0.7552,0.2528,0.0,0.0,,0.0,
15,3,0.2,100,always_short,50,1,0.7567,0.2509,0.0,0.6641,,0.0,
15,3,0.2,100,always_short,40,2,0.7567,0.2509,0.0003,0.8481,15.0,0.0,196000.0
15,3,0.2,100,always_short,40,1,0.7567,0.2509,0.0,0.5663,,0.0,
15,3,0.2,130,always_long,40,2,0.7538,0.2544,0.0003,0.857,15.0,0.0,196000.0
15,3,0.2,130,always_short,10,1,0.7567,0.2511,0.0,0.0,,0.0,
15,4,0.267,30,always_long,40,1,0.728,0.2303,0.0,0.5655,,0.0,
15,3,0.2,130,always_short,10,2,0.7567,0.2511,0.0,0.0243,,0.0,
15,4,0.267,30,always_long,30,1,0.728,0.2303,0.0,0.3831,,0.0,
15,4,0.267,30,always_long,20,2,0.728,0.2303,0.0,0.481,,0.0,
15,4,0.267,30,always_long,20,1,0.728,0.2303,0.0,0.1197,,0.0,
15,4,0.267,30,always_long,10,2,0.728,0.2303,0.0,0.0307,,0.0,
15,4,0.267,30,always_long,10,1,0.728,0.2303,0.0,0.0001,,0.0,
15,4,0.267,30,alternate,50,1,0.7292,0.2285,0.0,0.6926,,0.0,
15,4,0.267,30,alternate,40,1,0.7292,0.2285,0.0,0.5619,,0.0,
15,4,0.267,30,alternate,30,1,0.7292,0.2285,0.0,0.3802,,0.0,
15,4,0.267,30,alternate,20,2,0.7292,0.2285,0.0,0.4773,,0.0,
15,4,0.267,30,alternate,20,1,0.7292,0.2285,0.0,0.1175,,0.0,
15,4,0.267,30,alternate,10,2,0.7292,0.2285,0.0,0.029,,0.0,
15,4,0.267,30,alternate,10,1,0.7292,0.2285,0.0,0.0,,0.0,
15,3,0.2,130,always_short,50,1,0.7567,0.2511,0.0,0.6645,,0.0,
15,3,0.2,130,always_short,40,2,0.7567,0.2511,0.0003,0.8481,15.0,0.0,196000.0
15,3,0.2,130,always_short,40,1,0.7567,0.2511,0.0,0.5665,,0.0,
15,3,0.2,130,always_short,30,2,0.7567,0.2511,0.0,0.7555,,0.0,
15,3,0.2,130,always_short,30,1,0.7567,0.2511,0.0,0.3669,,0.0,
15,3,0.2,130,always_short,20,2,0.7567,0.2511,0.0,0.5029,,0.0,
15,3,0.2,130,always_short,20,1,0.7567,0.2511,0.0,0.1069,,0.0,
15,4,0.267,66,always_short,20,1,0.7304,0.2269,0.0,0.1149,,0.0,
15,4,0.267,66,always_short,20,2,0.7304,0.2269,0.0,0.4704,,0.0,
15,4,0.267,66,always_short,30,1,0.7304,0.2269,0.0,0.3767,,0.0,
15,5,0.333,45,always_long,20,1,0.701,0.2079,0.0,0.1304,,0.0,
15,5,0.333,45,always_long,10,1,0.701,0.2079,0.0,0.0003,,0.0,
15,5,0.333,45,alternate,30,1,0.7027,0.207,0.0,0.3897,,0.0,
15,5,0.333,45,alternate,20,2,0.7027,0.207,0.0,0.4439,,0.0,
15,5,0.333,45,alternate,20,1,0.7027,0.207,0.0,0.1265,,0.0,
15,5,0.333,45,alternate,10,2,0.7027,0.207,0.0,0.0295,,0.0,
15,5,0.333,45,alternate,10,1,0.7027,0.207,0.0,0.0003,,0.0,
15,5,0.333,30,always_short,30,1,0.7044,0.206,0.0,0.3844,,0.0,
15,5,0.333,30,always_short,20,2,0.7044,0.206,0.0,0.4343,,0.0,
15,5,0.333,30,always_short,20,1,0.7044,0.206,0.0,0.123,,0.0,
15,5,0.333,30,always_short,10,2,0.7044,0.206,0.0,0.0285,,0.0,
15,5,0.333,30,always_short,10,1,0.7044,0.206,0.0,0.0003,,0.0,
15,5,0.333,30,always_long,30,1,0.7009,0.2078,0.0,0.3945,,0.0,
15,5,0.333,30,always_long,20,2,0.7009,0.2078,0.0,0.4494,,0.0,
15,5,0.333,30,always_long,20,1,0.7009,0.2078,0.0,0.1306,,0.0,
15,5,0.333,30,always_long,10,2,0.7009,0.2078,0.0,0.031,,0.0,
15,5,0.333,30,always_long,10,1,0.7009,0.2078,0.0,0.0003,,0.0,
15,5,0.333,30,alternate,30,1,0.7026,0.2069,0.0,0.3897,,0.0,
15,5,0.333,30,alternate,20,2,0.7026,0.2069,0.0,0.4441,,0.0,
15,5,0.333,30,alternate,20,1,0.7026,0.2069,0.0,0.1268,,0.0,
15,5,0.333,45,always_long,10,2,0.701,0.2079,0.0,0.031,,0.0,
15,5,0.333,45,always_long,20,2,0.701,0.2079,0.0,0.449,,0.0,
15,4,0.267,66,always_short,40,1,0.7304,0.2269,0.0,0.5585,,0.0,
15,5,0.333,45,always_long,30,1,0.701,0.2079,0.0,0.3941,,0.0,
15,5,0.333,66,always_short,20,2,0.7044,0.2062,0.0,0.4341,,0.0,
15,5,0.333,66,always_short,20,1,0.7044,0.2062,0.0,0.123,,0.0,
15,5,0.333,66,always_short,10,2,0.7044,0.2062,0.0,0.0285,,0.0,
15,5,0.333,66,always_short,10,1,0.7044,0.2062,0.0,0.0003,,0.0,
15,5,0.333,66,always_long,30,1,0.701,0.208,0.0,0.3941,,0.0,
15,5,0.333,66,always_long,20,2,0.701,0.208,0.0,0.4494,,0.0,
15,5,0.333,66,always_long,20,1,0.701,0.208,0.0,0.1306,,0.0,
15,5,0.333,66,always_long,10,2,0.701,0.208,0.0,0.031,,0.0,
15,5,0.333,66,always_long,10,1,0.701,0.208,0.0,0.0003,,0.0,
15,5,0.333,66,alternate,30,1,0.7027,0.2071,0.0,0.3897,,0.0,
15,5,0.333,66,alternate,20,2,0.7027,0.2071,0.0,0.444,,0.0,
15,5,0.333,66,alternate,20,1,0.7027,0.2071,0.0,0.1265,,0.0,
15,5,0.333,66,alternate,10,2,0.7027,0.2071,0.0,0.0295,,0.0,
15,5,0.333,66,alternate,10,1,0.7027,0.2071,0.0,0.0003,,0.0,
15,5,0.333,45,always_short,30,1,0.7044,0.2061,0.0,0.3844,,0.0,
15,5,0.333,45,always_short,20,2,0.7044,0.2061,0.0,0.4341,,0.0,
15,5,0.333,45,always_short,20,1,0.7044,0.2061,0.0,0.123,,0.0,
15,5,0.333,45,always_short,10,2,0.7044,0.2061,0.0,0.0285,,0.0,
15,5,0.333,45,always_short,10,1,0.7044,0.2061,0.0,0.0003,,0.0,
15,5,0.333,30,alternate,10,2,0.7026,0.2069,0.0,0.0295,,0.0,
15,5,0.333,30,alternate,10,1,0.7026,0.2069,0.0,0.0003,,0.0,
15,4,0.267,130,always_short,50,1,0.7303,0.2271,0.0,0.6893,,0.0,
15,4,0.267,130,always_short,40,1,0.7303,0.2271,0.0,0.5586,,0.0,
15,4,0.267,100,always_short,20,2,0.7303,0.227,0.0,0.4705,,0.0,
15,4,0.267,100,always_short,20,1,0.7303,0.227,0.0,0.1149,,0.0,
15,4,0.267,100,always_short,10,2,0.7303,0.227,0.0,0.0281,,0.0,
15,4,0.267,100,always_short,10,1,0.7303,0.227,0.0,0.0,,0.0,
15,4,0.267,100,always_long,50,1,0.7279,0.2306,0.0,0.6966,,0.0,
15,4,0.267,100,always_long,40,1,0.7279,0.2306,0.0,0.5657,,0.0,
15,4,0.267,100,always_long,30,1,0.7279,0.2306,0.0,0.3831,,0.0,
15,4,0.267,100,always_long,20,2,0.7279,0.2306,0.0,0.4814,,0.0,
15,4,0.267,100,always_long,20,1,0.7279,0.2306,0.0,0.1199,,0.0,
15,4,0.267,100,always_long,10,2,0.7279,0.2306,0.0,0.0307,,0.0,
15,4,0.267,100,always_long,10,1,0.7279,0.2306,0.0,0.0001,,0.0,
15,4,0.267,100,alternate,50,1,0.7291,0.2288,0.0,0.693,,0.0,
15,4,0.267,100,alternate,40,1,0.7291,0.2288,0.0,0.5621,,0.0,
15,4,0.267,100,alternate,30,1,0.7291,0.2288,0.0,0.3804,,0.0,
15,4,0.267,100,alternate,20,2,0.7291,0.2288,0.0,0.4776,,0.0,
15,4,0.267,100,alternate,20,1,0.7291,0.2288,0.0,0.1175,,0.0,
15,4,0.267,100,alternate,10,2,0.7291,0.2288,0.0,0.029,,0.0,
15,4,0.267,100,alternate,10,1,0.7291,0.2288,0.0,0.0,,0.0,
15,4,0.267,66,always_short,50,1,0.7304,0.2269,0.0,0.689,,0.0,
15,4,0.267,100,always_short,30,1,0.7303,0.227,0.0,0.3767,,0.0,
15,4,0.267,100,always_short,40,1,0.7303,0.227,0.0,0.5586,,0.0,
15,4,0.267,100,always_short,50,1,0.7303,0.227,0.0,0.6893,,0.0,
15,4,0.267,130,always_long,20,2,0.7279,0.2307,0.0,0.4816,,0.0,
15,4,0.267,130,always_short,30,1,0.7303,0.2271,0.0,0.3767,,0.0,
15,4,0.267,130,always_short,20,2,0.7303,0.2271,0.0,0.4705,,0.0,
15,4,0.267,130,always_short,20,1,0.7303,0.2271,0.0,0.1149,,0.0,
15,4,0.267,130,always_short,10,2,0.7303,0.2271,0.0,0.0281,,0.0,
15,4,0.267,130,always_short,10,1,0.7303,0.2271,0.0,0.0,,0.0,
15,4,0.267,130,always_long,50,1,0.7279,0.2307,0.0,0.6967,,0.0,
15,4,0.267,130,always_long,40,1,0.7279,0.2307,0.0,0.5663,,0.0,
15,4,0.267,130,always_long,30,1,0.7279,0.2307,0.0,0.3835,,0.0,
15,4,0.267,130,always_long,20,1,0.7279,0.2307,0.0,0.12,,0.0,
15,4,0.267,130,alternate,10,1,0.7291,0.2289,0.0,0.0,,0.0,
15,4,0.267,130,always_long,10,2,0.7279,0.2307,0.0,0.0307,,0.0,
15,4,0.267,130,always_long,10,1,0.7279,0.2307,0.0,0.0001,,0.0,
15,4,0.267,130,alternate,50,1,0.7291,0.2289,0.0,0.6931,,0.0,
15,4,0.267,130,alternate,40,1,0.7291,0.2289,0.0,0.5623,,0.0,
15,4,0.267,130,alternate,30,1,0.7291,0.2289,0.0,0.3805,,0.0,
15,4,0.267,130,alternate,20,2,0.7291,0.2289,0.0,0.4779,,0.0,
15,4,0.267,130,alternate,20,1,0.7291,0.2289,0.0,0.1176,,0.0,
15,4,0.267,130,alternate,10,2,0.7291,0.2289,0.0,0.0291,,0.0,
20,2,0.1,100,alternate,20,2,0.8368,0.1905,0.0,0.5349,,0.0,
20,2,0.1,100,alternate,30,2,0.8368,0.1905,0.0,0.7606,,0.0,
20,6,0.3,66,alternate,20,1,0.7388,0.127,0.0,0.2144,,0.0,
20,4,0.2,100,always_long,50,1,0.7861,0.1574,0.0,0.5593,,0.0,
20,4,0.2,100,always_long,30,1,0.7861,0.1574,0.0,0.454,,0.0,
20,4,0.2,100,always_long,20,2,0.7861,0.1574,0.0,0.5076,,0.0,
20,4,0.2,100,always_long,20,1,0.7861,0.1574,0.0,0.183,,0.0,
20,4,0.2,100,always_long,10,2,0.7861,0.1574,0.0,0.0607,,0.0,
20,4,0.2,100,always_long,10,1,0.7861,0.1574,0.0,0.0015,,0.0,
20,4,0.2,100,alternate,50,1,0.7876,0.1553,0.0,0.5544,,0.0,
20,4,0.2,100,alternate,40,1,0.7876,0.1553,0.0,0.5856,,0.0,
20,4,0.2,100,alternate,30,1,0.7876,0.1553,0.0,0.4497,,0.0,
20,4,0.2,100,alternate,20,2,0.7876,0.1553,0.0,0.4989,,0.0,
20,4,0.2,100,alternate,20,1,0.7876,0.1553,0.0,0.179,,0.0,
20,4,0.2,100,alternate,10,2,0.7876,0.1553,0.0,0.0581,,0.0,
20,4,0.2,100,alternate,10,1,0.7876,0.1553,0.0,0.0015,,0.0,
20,4,0.2,66,always_short,50,1,0.7892,0.1532,0.0,0.5487,,0.0,
20,4,0.2,66,always_short,40,1,0.7892,0.1532,0.0,0.58,,0.0,
20,4,0.2,66,always_short,30,1,0.7892,0.1532,0.0,0.4431,,0.0,
20,4,0.2,66,always_short,20,2,0.7892,0.1532,0.0,0.4908,,0.0,
20,4,0.2,66,always_short,20,1,0.7892,0.1532,0.0,0.1757,,0.0,
20,4,0.2,66,always_short,10,2,0.7892,0.1532,0.0,0.0556,,0.0,
20,4,0.2,66,always_short,10,1,0.7892,0.1532,0.0,0.0014,,0.0,
20,4,0.2,100,always_long,40,1,0.7861,0.1574,0.0,0.5904,,0.0,
20,4,0.2,100,always_short,10,1,0.7892,0.1532,0.0,0.0014,,0.0,
20,4,0.2,66,always_long,40,1,0.7861,0.1573,0.0,0.5903,,0.0,
20,4,0.2,100,always_short,10,2,0.7892,0.1532,0.0,0.0556,,0.0,
20,4,0.2,130,always_long,50,1,0.786,0.1575,0.0,0.5596,,0.0,
20,4,0.2,130,always_long,40,1,0.786,0.1575,0.0,0.5907,,0.0,
20,4,0.2,130,always_long,30,1,0.786,0.1575,0.0,0.4541,,0.0,
20,4,0.2,130,always_long,20,2,0.786,0.1575,0.0,0.5081,,0.0,
20,4,0.2,130,always_long,20,1,0.786,0.1575,0.0,0.1832,,0.0,
20,4,0.2,130,always_long,10,2,0.786,0.1575,0.0,0.0607,,0.0,
20,4,0.2,130,always_long,10,1,0.786,0.1575,0.0,0.0015,,0.0,
20,4,0.2,130,alternate,50,1,0.7876,0.1554,0.0,0.5544,,0.0,
20,4,0.2,130,alternate,40,1,0.7876,0.1554,0.0,0.5856,,0.0,
20,4,0.2,130,alternate,30,1,0.7876,0.1554,0.0,0.4497,,0.0,
20,4,0.2,130,alternate,20,2,0.7876,0.1554,0.0,0.4989,,0.0,
20,4,0.2,130,alternate,20,1,0.7876,0.1554,0.0,0.179,,0.0,
20,4,0.2,130,alternate,10,2,0.7876,0.1554,0.0,0.0581,,0.0,
20,4,0.2,130,alternate,10,1,0.7876,0.1554,0.0,0.0015,,0.0,
20,4,0.2,100,always_short,50,1,0.7892,0.1532,0.0,0.5487,,0.0,
20,4,0.2,100,always_short,40,1,0.7892,0.1532,0.0,0.58,,0.0,
20,4,0.2,100,always_short,30,1,0.7892,0.1532,0.0,0.4431,,0.0,
20,4,0.2,100,always_short,20,2,0.7892,0.1532,0.0,0.4909,,0.0,
20,4,0.2,100,always_short,20,1,0.7892,0.1532,0.0,0.1757,,0.0,
20,4,0.2,66,always_long,50,1,0.7861,0.1573,0.0,0.5591,,0.0,
20,4,0.2,66,always_long,30,1,0.7861,0.1573,0.0,0.4539,,0.0,
20,4,0.2,130,always_short,10,2,0.7892,0.1533,0.0,0.0556,,0.0,
20,4,0.2,45,always_long,20,1,0.7862,0.1573,0.0,0.1824,,0.0,
20,4,0.2,45,always_long,10,1,0.7862,0.1573,0.0,0.0015,,0.0,
20,4,0.2,45,alternate,50,1,0.7877,0.1552,0.0,0.5541,,0.0,
20,4,0.2,45,alternate,40,1,0.7877,0.1552,0.0,0.5853,,0.0,
20,4,0.2,45,alternate,30,1,0.7877,0.1552,0.0,0.4492,,0.0,
20,4,0.2,45,alternate,20,2,0.7877,0.1552,0.0,0.4981,,0.0,
20,4,0.2,45,alternate,20,1,0.7877,0.1552,0.0,0.1789,,0.0,
20,4,0.2,45,alternate,10,2,0.7877,0.1552,0.0,0.0581,,0.0,
20,4,0.2,45,alternate,10,1,0.7877,0.1552,0.0,0.0015,,0.0,
20,4,0.2,30,always_short,50,1,0.789,0.153,0.0,0.5493,,0.0,
20,4,0.2,30,always_short,40,1,0.789,0.153,0.0,0.5806,,0.0,
20,4,0.2,30,always_short,30,1,0.789,0.153,0.0,0.4439,,0.0,
20,4,0.2,30,always_short,20,2,0.789,0.153,0.0,0.4923,,0.0,
20,4,0.2,30,always_short,20,1,0.789,0.153,0.0,0.1762,,0.0,
20,4,0.2,30,always_short,10,2,0.789,0.153,0.0,0.0556,,0.0,
20,4,0.2,30,always_short,10,1,0.789,0.153,0.0,0.0014,,0.0,
20,4,0.2,30,always_long,50,1,0.7861,0.1572,0.0,0.5593,,0.0,
20,4,0.2,30,always_long,40,1,0.7861,0.1572,0.0,0.5904,,0.0,
20,4,0.2,30,always_long,30,1,0.7861,0.1572,0.0,0.454,,0.0,
20,4,0.2,30,always_long,20,2,0.7861,0.1572,0.0,0.5076,,0.0,
20,4,0.2,45,always_long,10,2,0.7862,0.1573,0.0,0.0604,,0.0,
20,4,0.2,45,always_long,20,2,0.7862,0.1573,0.0,0.507,,0.0,
20,4,0.2,66,always_long,20,2,0.7861,0.1573,0.0,0.5076,,0.0,
20,4,0.2,45,always_long,30,1,0.7862,0.1573,0.0,0.4537,,0.0,
20,4,0.2,66,always_long,20,1,0.7861,0.1573,0.0,0.1827,,0.0,
20,4,0.2,66,always_long,10,2,0.7861,0.1573,0.0,0.0606,,0.0,
20,4,0.2,66,always_long,10,1,0.7861,0.1573,0.0,0.0015,,0.0,
20,4,0.2,66,alternate,50,1,0.7877,0.1553,0.0,0.5541,,0.0,
20,4,0.2,66,alternate,40,1,0.7877,0.1553,0.0,0.5853,,0.0,
20,4,0.2,66,alternate,30,1,0.7877,0.1553,0.0,0.4492,,0.0,
20,4,0.2,66,alternate,20,2,0.7877,0.1553,0.0,0.4983,,0.0,
20,4,0.2,66,alternate,20,1,0.7877,0.1553,0.0,0.1789,,0.0,
20,4,0.2,66,alternate,10,2,0.7877,0.1553,0.0,0.0581,,0.0,
20,4,0.2,66,alternate,10,1,0.7877,0.1553,0.0,0.0015,,0.0,
20,4,0.2,45,always_short,50,1,0.7892,0.1531,0.0,0.5487,,0.0,
20,4,0.2,45,always_short,40,1,0.7892,0.1531,0.0,0.58,,0.0,
20,4,0.2,45,always_short,30,1,0.7892,0.1531,0.0,0.4431,,0.0,
20,4,0.2,45,always_short,20,2,0.7892,0.1531,0.0,0.491,,0.0,
20,4,0.2,45,always_short,20,1,0.7892,0.1531,0.0,0.1757,,0.0,
20,4,0.2,45,always_short,10,2,0.7892,0.1531,0.0,0.0556,,0.0,
20,4,0.2,45,always_short,10,1,0.7892,0.1531,0.0,0.0014,,0.0,
20,4,0.2,45,always_long,50,1,0.7862,0.1573,0.0,0.559,,0.0,
20,4,0.2,45,always_long,40,1,0.7862,0.1573,0.0,0.5901,,0.0,
20,4,0.2,130,always_short,10,1,0.7892,0.1533,0.0,0.0014,,0.0,
20,4,0.2,130,always_short,20,1,0.7892,0.1533,0.0,0.1757,,0.0,
20,2,0.1,100,alternate,40,1,0.8368,0.1905,0.0,0.4883,,0.0,
20,6,0.3,30,alternate,30,1,0.7386,0.1269,0.0,0.488,,0.0,
20,6,0.3,30,alternate,10,2,0.7386,0.1269,0.0,0.0789,,0.0,
20,6,0.3,30,alternate,10,1,0.7386,0.1269,0.0,0.005,,0.0,
20,5,0.25,130,always_short,30,1,0.7658,0.1388,0.0,0.44,,0.0,
20,5,0.25,130,always_short,20,1,0.7658,0.1388,0.0,0.1837,,0.0,
20,5,0.25,130,always_short,10,2,0.7658,0.1388,0.0,0.0645,,0.0,
20,5,0.25,130,always_short,10,1,0.7658,0.1388,0.0,0.0034,,0.0,
20,5,0.25,130,always_long,30,1,0.7606,0.1425,0.0,0.459,,0.0,
20,5,0.25,130,always_long,20,1,0.7606,0.1425,0.0,0.2001,,0.0,
20,5,0.25,130,always_long,10,2,0.7606,0.1425,0.0,0.0739,,0.0,
20,5,0.25,130,always_long,10,1,0.7606,0.1425,0.0,0.0045,,0.0,
20,5,0.25,130,alternate,30,1,0.7632,0.1406,0.0,0.4491,,0.0,
20,5,0.25,130,alternate,20,1,0.7632,0.1406,0.0,0.192,,0.0,
20,5,0.25,130,alternate,10,2,0.7632,0.1406,0.0,0.0689,,0.0,
20,5,0.25,130,alternate,10,1,0.7632,0.1406,0.0,0.0037,,0.0,
20,5,0.25,100,always_short,30,1,0.7658,0.1387,0.0,0.4404,,0.0,
20,5,0.25,100,always_short,20,1,0.7658,0.1387,0.0,0.1837,,0.0,
20,5,0.25,100,always_short,10,2,0.7658,0.1387,0.0,0.0645,,0.0,
20,5,0.25,100,always_short,10,1,0.7658,0.1387,0.0,0.0034,,0.0,
20,5,0.25,100,always_long,30,1,0.7606,0.1424,0.0,0.4589,,0.0,
20,6,0.3,30,alternate,20,1,0.7386,0.1269,0.0,0.2149,,0.0,
20,6,0.3,30,always_long,10,1,0.7348,0.1278,0.0,0.0055,,0.0,
20,5,0.25,100,always_long,10,2,0.7606,0.1424,0.0,0.0739,,0.0,
20,6,0.3,30,always_long,10,2,0.7348,0.1278,0.0,0.0849,,0.0,
20,6,0.3,66,alternate,10,1,0.7388,0.127,0.0,0.005,,0.0,
20,6,0.3,45,always_short,30,1,0.7427,0.1261,0.0,0.4735,,0.0,
20,6,0.3,45,always_short,20,1,0.7427,0.1261,0.0,0.202,,0.0,
20,6,0.3,45,always_short,10,2,0.7427,0.1261,0.0,0.0705,,0.0,
20,6,0.3,45,always_short,10,1,0.7427,0.1261,0.0,0.004,,0.0,
20,6,0.3,45,always_long,30,1,0.735,0.1278,0.0,0.4981,,0.0,
20,6,0.3,45,always_long,20,1,0.735,0.1278,0.0,0.2264,,0.0,
20,6,0.3,45,always_long,10,2,0.735,0.1278,0.0,0.0846,,0.0,
20,6,0.3,45,always_long,10,1,0.735,0.1278,0.0,0.0055,,0.0,
20,6,0.3,45,alternate,30,1,0.7388,0.127,0.0,0.4866,,0.0,
20,6,0.3,45,alternate,20,1,0.7388,0.127,0.0,0.2144,,0.0,
20,6,0.3,45,alternate,10,2,0.7388,0.127,0.0,0.0783,,0.0,
20,6,0.3,45,alternate,10,1,0.7388,0.127,0.0,0.005,,0.0,
20,6,0.3,30,always_short,30,1,0.7424,0.1261,0.0,0.475,,0.0,
20,6,0.3,30,always_short,20,1,0.7424,0.1261,0.0,0.2034,,0.0,
20,6,0.3,30,always_short,10,2,0.7424,0.1261,0.0,0.0712,,0.0,
20,6,0.3,30,always_short,10,1,0.7424,0.1261,0.0,0.0041,,0.0,
20,6,0.3,30,always_long,30,1,0.7348,0.1278,0.0,0.4985,,0.0,
20,6,0.3,30,always_long,20,1,0.7348,0.1278,0.0,0.2268,,0.0,
20,5,0.25,100,always_long,20,1,0.7606,0.1424,0.0,0.2,,0.0,
20,5,0.25,100,always_long,10,1,0.7606,0.1424,0.0,0.0045,,0.0,
20,4,0.2,130,always_short,20,2,0.7892,0.1533,0.0,0.4906,,0.0,
20,5,0.25,45,always_long,10,2,0.7607,0.1422,0.0,0.0736,,0.0,
20,5,0.25,45,alternate,30,1,0.7632,0.1404,0.0,0.4491,,0.0,
20,5,0.25,45,alternate,20,1,0.7632,0.1404,0.0,0.192,,0.0,
20,5,0.25,45,alternate,10,2,0.7632,0.1404,0.0,0.0689,,0.0,
20,5,0.25,45,alternate,10,1,0.7632,0.1404,0.0,0.0037,,0.0,
20,5,0.25,30,always_short,30,1,0.7655,0.1385,0.0,0.4409,,0.0,
20,5,0.25,30,always_short,20,1,0.7655,0.1385,0.0,0.185,,0.0,
20,5,0.25,30,always_short,10,2,0.7655,0.1385,0.0,0.0645,,0.0,
20,5,0.25,30,always_short,10,1,0.7655,0.1385,0.0,0.0034,,0.0,
20,5,0.25,30,always_long,30,1,0.7605,0.1422,0.0,0.4592,,0.0,
20,5,0.25,30,always_long,20,1,0.7605,0.1422,0.0,0.2003,,0.0,
20,5,0.25,30,always_long,10,2,0.7605,0.1422,0.0,0.0741,,0.0,
20,5,0.25,30,always_long,10,1,0.7605,0.1422,0.0,0.0045,,0.0,
20,5,0.25,30,alternate,30,1,0.763,0.1403,0.0,0.4504,,0.0,
20,5,0.25,30,alternate,20,1,0.763,0.1403,0.0,0.1928,,0.0,
20,5,0.25,30,alternate,10,2,0.763,0.1403,0.0,0.0691,,0.0,
20,5,0.25,30,alternate,10,1,0.763,0.1403,0.0,0.0037,,0.0,
20,4,0.2,130,always_short,50,1,0.7892,0.1533,0.0,0.5487,,0.0,
20,4,0.2,130,always_short,40,1,0.7892,0.1533,0.0,0.58,,0.0,
20,4,0.2,130,always_short,30,1,0.7892,0.1533,0.0,0.4431,,0.0,
20,5,0.25,45,always_long,10,1,0.7607,0.1422,0.0,0.0045,,0.0,
20,5,0.25,45,always_long,20,1,0.7607,0.1422,0.0,0.1999,,0.0,
20,5,0.25,100,alternate,30,1,0.7632,0.1405,0.0,0.4491,,0.0,
20,5,0.25,45,always_long,30,1,0.7607,0.1422,0.0,0.4587,,0.0,
20,5,0.25,100,alternate,20,1,0.7632,0.1405,0.0,0.192,,0.0,
20,5,0.25,100,alternate,10,2,0.7632,0.1405,0.0,0.0689,,0.0,
20,5,0.25,100,alternate,10,1,0.7632,0.1405,0.0,0.0037,,0.0,
20,5,0.25,66,always_short,30,1,0.7658,0.1386,0.0,0.4404,,0.0,
20,5,0.25,66,always_short,20,1,0.7658,0.1386,0.0,0.1837,,0.0,
20,5,0.25,66,always_short,10,2,0.7658,0.1386,0.0,0.0645,,0.0,
20,5,0.25,66,always_short,10,1,0.7658,0.1386,0.0,0.0034,,0.0,
20,5,0.25,66,always_long,30,1,0.7607,0.1423,0.0,0.4587,,0.0,
20,5,0.25,66,always_long,20,1,0.7607,0.1423,0.0,0.1999,,0.0,
20,5,0.25,66,always_long,10,2,0.7607,0.1423,0.0,0.0736,,0.0,
20,5,0.25,66,always_long,10,1,0.7607,0.1423,0.0,0.0045,,0.0,
20,5,0.25,66,alternate,30,1,0.7632,0.1405,0.0,0.4491,,0.0,
20,5,0.25,66,alternate,20,1,0.7632,0.1405,0.0,0.192,,0.0,
20,5,0.25,66,alternate,10,2,0.7632,0.1405,0.0,0.0689,,0.0,
20,5,0.25,66,alternate,10,1,0.7632,0.1405,0.0,0.0037,,0.0,
20,5,0.25,45,always_short,30,1,0.7657,0.1386,0.0,0.4406,,0.0,
20,5,0.25,45,always_short,20,1,0.7657,0.1386,0.0,0.1837,,0.0,
20,5,0.25,45,always_short,10,2,0.7657,0.1386,0.0,0.0645,,0.0,
20,5,0.25,45,always_short,10,1,0.7657,0.1386,0.0,0.0034,,0.0,
20,4,0.2,30,always_long,20,1,0.7861,0.1572,0.0,0.1827,,0.0,
20,4,0.2,30,always_long,10,2,0.7861,0.1572,0.0,0.0606,,0.0,
20,4,0.2,30,always_long,10,1,0.7861,0.1572,0.0,0.0015,,0.0,
20,3,0.15,30,always_long,30,2,0.8096,0.1735,0.0,0.727,,0.0,
20,3,0.15,30,always_long,20,2,0.8096,0.1735,0.0,0.5174,,0.0,
20,3,0.15,30,always_long,20,1,0.8096,0.1735,0.0,0.1485,,0.0,
20,3,0.15,30,always_long,10,2,0.8096,0.1735,0.0,0.0501,,0.0,
20,3,0.15,30,always_long,10,1,0.8096,0.1735,0.0,0.0011,,0.0,
20,3,0.15,30,alternate,50,1,0.8112,0.1717,0.0,0.5136,,0.0,
20,3,0.15,30,alternate,40,1,0.8112,0.1717,0.0,0.549,,0.0,
20,3,0.15,30,alternate,30,2,0.8112,0.1717,0.0,0.7206,,0.0,
20,3,0.15,30,alternate,30,1,0.8112,0.1717,0.0,0.3869,,0.0,
20,3,0.15,30,alternate,20,2,0.8112,0.1717,0.0,0.5085,,0.0,
20,3,0.15,30,alternate,20,1,0.8112,0.1717,0.0,0.1442,,0.0,
20,3,0.15,30,alternate,10,2,0.8112,0.1717,0.0,0.0471,,0.0,
20,3,0.15,30,alternate,10,1,0.8112,0.1717,0.0,0.0011,,0.0,
20,2,0.1,130,always_short,50,2,0.8391,0.187,0.0,0.8291,,0.0,
20,2,0.1,130,always_short,50,1,0.8391,0.187,0.0,0.4776,,0.0,
20,2,0.1,130,always_short,40,2,0.8391,0.187,0.0,0.8395,,0.0,
20,2,0.1,130,always_short,40,1,0.8391,0.187,0.0,0.4776,,0.0,
20,2,0.1,130,always_short,30,2,0.8391,0.187,0.0,0.7485,,0.0,
20,2,0.1,130,always_short,30,1,0.8391,0.187,0.0,0.4009,,0.0,
20,2,0.1,130,always_short,20,2,0.8391,0.187,0.0,0.5214,,0.0,
20,3,0.15,30,always_long,30,1,0.8096,0.1735,0.0,0.394,,0.0,
20,3,0.15,30,always_long,40,1,0.8096,0.1735,0.0,0.5564,,0.0,
20,2,0.1,130,always_short,10,2,0.8391,0.187,0.0,0.0414,,0.0,
20,3,0.15,30,always_long,50,1,0.8096,0.1735,0.0,0.5209,,0.0,
20,3,0.15,45,always_long,20,1,0.8096,0.1735,0.0,0.1485,,0.0,
20,3,0.15,45,always_long,10,2,0.8096,0.1735,0.0,0.0501,,0.0,
20,3,0.15,45,always_long,10,1,0.8096,0.1735,0.0,0.0011,,0.0,
20,3,0.15,45,alternate,50,1,0.8113,0.1718,0.0,0.5134,,0.0,
20,3,0.15,45,alternate,40,1,0.8113,0.1718,0.0,0.5487,,0.0,
20,3,0.15,45,alternate,30,2,0.8113,0.1718,0.0,0.7204,,0.0,
20,3,0.15,45,alternate,30,1,0.8113,0.1718,0.0,0.3865,,0.0,
20,3,0.15,45,alternate,20,2,0.8113,0.1718,0.0,0.5085,,0.0,
20,3,0.15,45,alternate,20,1,0.8113,0.1718,0.0,0.144,,0.0,
20,3,0.15,45,alternate,10,2,0.8113,0.1718,0.0,0.047,,0.0,
20,3,0.15,45,alternate,10,1,0.8113,0.1718,0.0,0.0011,,0.0,
20,3,0.15,30,always_short,50,1,0.8129,0.17,0.0,0.5072,,0.0,
20,3,0.15,30,always_short,40,1,0.8129,0.17,0.0,0.5426,,0.0,
20,3,0.15,30,always_short,30,2,0.8129,0.17,0.0,0.714,,0.0,
20,3,0.15,30,always_short,30,1,0.8129,0.17,0.0,0.3817,,0.0,
20,3,0.15,30,always_short,20,2,0.8129,0.17,0.0,0.5012,,0.0,
20,3,0.15,30,always_short,20,1,0.8129,0.17,0.0,0.1406,,0.0,
20,3,0.15,30,always_short,10,2,0.8129,0.17,0.0,0.0441,,0.0,
20,3,0.15,30,always_short,10,1,0.8129,0.17,0.0,0.0011,,0.0,
20,2,0.1,130,always_short,20,1,0.8391,0.187,0.0,0.098,,0.0,
20,2,0.1,130,always_short,10,1,0.8391,0.187,0.0,0.0014,,0.0,
20,4,0.2,30,alternate,50,1,0.7876,0.1551,0.0,0.5544,,0.0,
20,2,0.1,100,always_short,40,2,0.8391,0.1869,0.0,0.8394,,0.0,
20,2,0.1,100,always_short,30,2,0.8391,0.1869,0.0,0.7484,,0.0,
20,2,0.1,100,always_short,30,1,0.8391,0.1869,0.0,0.4009,,0.0,
20,2,0.1,100,always_short,20,2,0.8391,0.1869,0.0,0.5211,,0.0,
20,2,0.1,100,always_short,20,1,0.8391,0.1869,0.0,0.0979,,0.0,
20,2,0.1,100,always_short,10,2,0.8391,0.1869,0.0,0.0414,,0.0,
20,2,0.1,100,always_short,10,1,0.8391,0.1869,0.0,0.0014,,0.0,
20,2,0.1,100,always_long,50,2,0.8344,0.1942,0.0,0.8461,,0.0,
20,2,0.1,100,always_long,50,1,0.8344,0.1942,0.0,0.4978,,0.0,
20,2,0.1,100,always_long,40,2,0.8344,0.1942,0.0,0.8548,,0.0,
20,2,0.1,100,always_long,40,1,0.8344,0.1942,0.0,0.4978,,0.0,
20,2,0.1,100,always_long,30,2,0.8344,0.1942,0.0,0.7714,,0.0,
20,2,0.1,100,always_long,30,1,0.8344,0.1942,0.0,0.4205,,0.0,
20,2,0.1,100,always_long,20,2,0.8344,0.1942,0.0,0.5495,,0.0,
20,2,0.1,100,always_long,20,1,0.8344,0.1942,0.0,0.1076,,0.0,
20,2,0.1,100,always_long,10,2,0.8344,0.1942,0.0,0.0488,,0.0,
20,2,0.1,100,always_long,10,1,0.8344,0.1942,0.0,0.0018,,0.0,
20,2,0.1,100,alternate,50,2,0.8368,0.1905,0.0,0.8367,,0.0,
20,2,0.1,100,alternate,50,1,0.8368,0.1905,0.0,0.4883,,0.0,
20,2,0.1,100,alternate,40,2,0.8368,0.1905,0.0,0.8472,,0.0,
20,2,0.1,100,always_short,40,1,0.8391,0.1869,0.0,0.4776,,0.0,
20,2,0.1,100,always_short,50,1,0.8391,0.1869,0.0,0.4776,,0.0,
20,2,0.1,130,always_long,50,2,0.8344,0.1943,0.0,0.8461,,0.0,
20,2,0.1,100,always_short,50,2,0.8391,0.1869,0.0,0.829,,0.0,
20,2,0.1,130,always_long,50,1,0.8344,0.1943,0.0,0.4978,,0.0,
20,2,0.1,130,always_long,40,2,0.8344,0.1943,0.0,0.8548,,0.0,
20,2,0.1,130,always_long,40,1,0.8344,0.1943,0.0,0.4978,,0.0,
20,2,0.1,130,always_long,30,2,0.8344,0.1943,0.0,0.7714,,0.0,
20,2,0.1,130,always_long,30,1,0.8344,0.1943,0.0,0.4205,,0.0,
20,2,0.1,130,always_long,20,2,0.8344,0.1943,0.0,0.5495,,0.0,
20,2,0.1,130,always_long,20,1,0.8344,0.1943,0.0,0.1077,,0.0,
20,2,0.1,130,always_long,10,2,0.8344,0.1943,0.0,0.0488,,0.0,
20,2,0.1,130,always_long,10,1,0.8344,0.1943,0.0,0.0018,,0.0,
20,2,0.1,130,alternate,50,2,0.8367,0.1907,0.0,0.837,,0.0,
20,2,0.1,130,alternate,50,1,0.8367,0.1907,0.0,0.4884,,0.0,
20,2,0.1,130,alternate,40,2,0.8367,0.1907,0.0,0.8474,,0.0,
20,2,0.1,130,alternate,40,1,0.8367,0.1907,0.0,0.4884,,0.0,
20,2,0.1,130,alternate,30,2,0.8367,0.1907,0.0,0.7609,,0.0,
20,2,0.1,130,alternate,30,1,0.8367,0.1907,0.0,0.412,,0.0,
20,2,0.1,130,alternate,20,2,0.8367,0.1907,0.0,0.535,,0.0,
20,2,0.1,130,alternate,20,1,0.8367,0.1907,0.0,0.1029,,0.0,
20,2,0.1,130,alternate,10,2,0.8367,0.1907,0.0,0.044,,0.0,
20,2,0.1,130,alternate,10,1,0.8367,0.1907,0.0,0.0014,,0.0,
20,3,0.15,45,always_long,20,2,0.8096,0.1735,0.0,0.5171,,0.0,
20,3,0.15,45,always_long,30,1,0.8096,0.1735,0.0,0.3939,,0.0,
20,3,0.15,45,always_long,30,2,0.8096,0.1735,0.0,0.727,,0.0,
20,3,0.15,130,always_long,10,1,0.8095,0.1738,0.0,0.0011,,0.0,
20,3,0.15,130,alternate,40,1,0.8113,0.1721,0.0,0.549,,0.0,
20,3,0.15,130,alternate,30,2,0.8113,0.1721,0.0,0.7206,,0.0,
20,3,0.15,130,alternate,30,1,0.8113,0.1721,0.0,0.3869,,0.0,
20,3,0.15,130,alternate,20,2,0.8113,0.1721,0.0,0.5085,,0.0,
20,3,0.15,130,alternate,20,1,0.8113,0.1721,0.0,0.1442,,0.0,
20,3,0.15,130,alternate,10,2,0.8113,0.1721,0.0,0.0471,,0.0,
20,3,0.15,130,alternate,10,1,0.8113,0.1721,0.0,0.0011,,0.0,
20,3,0.15,100,always_short,50,1,0.813,0.1702,0.0,0.5068,,0.0,
20,3,0.15,100,always_short,40,1,0.813,0.1702,0.0,0.542,,0.0,
20,3,0.15,100,always_short,30,2,0.813,0.1702,0.0,0.7135,,0.0,
20,3,0.15,100,always_short,30,1,0.813,0.1702,0.0,0.3811,,0.0,
20,3,0.15,100,always_short,20,2,0.813,0.1702,0.0,0.5008,,0.0,
20,3,0.15,100,always_short,20,1,0.813,0.1702,0.0,0.1403,,0.0,
20,3,0.15,100,always_short,10,2,0.813,0.1702,0.0,0.0441,,0.0,
20,3,0.15,100,always_short,10,1,0.813,0.1702,0.0,0.0011,,0.0,
20,3,0.15,100,always_long,50,1,0.8095,0.1737,0.0,0.5211,,0.0,
20,3,0.15,100,always_long,40,1,0.8095,0.1737,0.0,0.5566,,0.0,
20,3,0.15,100,always_long,30,2,0.8095,0.1737,0.0,0.7274,,0.0,
20,3,0.15,100,always_long,30,1,0.8095,0.1737,0.0,0.3941,,0.0,
20,3,0.15,130,alternate,50,1,0.8113,0.1721,0.0,0.5136,,0.0,
20,3,0.15,130,always_long,10,2,0.8095,0.1738,0.0,0.0508,,0.0,
20,3,0.15,45,always_long,40,1,0.8096,0.1735,0.0,0.5564,,0.0,
20,3,0.15,130,always_long,20,1,0.8095,0.1738,0.0,0.1489,,0.0,
20,4,0.2,30,alternate,40,1,0.7876,0.1551,0.0,0.5856,,0.0,
20,4,0.2,30,alternate,30,1,0.7876,0.1551,0.0,0.4499,,0.0,
20,4,0.2,30,alternate,20,2,0.7876,0.1551,0.0,0.499,,0.0,
20,4,0.2,30,alternate,20,1,0.7876,0.1551,0.0,0.1792,,0.0,
20,4,0.2,30,alternate,10,2,0.7876,0.1551,0.0,0.0583,,0.0,
20,4,0.2,30,alternate,10,1,0.7876,0.1551,0.0,0.0015,,0.0,
20,3,0.15,130,always_short,50,1,0.813,0.1703,0.0,0.5068,,0.0,
20,3,0.15,130,always_short,40,1,0.813,0.1703,0.0,0.542,,0.0,
20,3,0.15,130,always_short,30,2,0.813,0.1703,0.0,0.7135,,0.0,
20,3,0.15,130,always_short,30,1,0.813,0.1703,0.0,0.3811,,0.0,
20,3,0.15,130,always_short,20,2,0.813,0.1703,0.0,0.5008,,0.0,
20,3,0.15,130,always_short,20,1,0.813,0.1703,0.0,0.1401,,0.0,
20,3,0.15,130,always_short,10,2,0.813,0.1703,0.0,0.044,,0.0,
20,3,0.15,130,always_short,10,1,0.813,0.1703,0.0,0.0011,,0.0,
20,3,0.15,130,always_long,50,1,0.8095,0.1738,0.0,0.5215,,0.0,
20,3,0.15,130,always_long,40,1,0.8095,0.1738,0.0,0.557,,0.0,
20,3,0.15,130,always_long,30,2,0.8095,0.1738,0.0,0.7278,,0.0,
20,3,0.15,130,always_long,30,1,0.8095,0.1738,0.0,0.3945,,0.0,
20,3,0.15,130,always_long,20,2,0.8095,0.1738,0.0,0.5184,,0.0,
20,3,0.15,100,always_long,20,2,0.8095,0.1737,0.0,0.5179,,0.0,
20,3,0.15,100,always_long,20,1,0.8095,0.1737,0.0,0.1487,,0.0,
20,3,0.15,100,always_long,10,2,0.8095,0.1737,0.0,0.0506,,0.0,
20,3,0.15,100,always_long,10,1,0.8095,0.1737,0.0,0.0011,,0.0,
20,3,0.15,66,always_long,10,2,0.8096,0.1736,0.0,0.0504,,0.0,
20,3,0.15,66,always_long,10,1,0.8096,0.1736,0.0,0.0011,,0.0,
20,3,0.15,66,alternate,50,1,0.8113,0.1719,0.0,0.5134,,0.0,
20,3,0.15,66,alternate,40,1,0.8113,0.1719,0.0,0.5487,,0.0,
20,3,0.15,66,alternate,30,2,0.8113,0.1719,0.0,0.7204,,0.0,
20,3,0.15,66,alternate,30,1,0.8113,0.1719,0.0,0.3865,,0.0,
20,3,0.15,66,alternate,20,2,0.8113,0.1719,0.0,0.5085,,0.0,
20,3,0.15,66,alternate,20,1,0.8113,0.1719,0.0,0.144,,0.0,
20,3,0.15,66,alternate,10,2,0.8113,0.1719,0.0,0.047,,0.0,
20,3,0.15,66,alternate,10,1,0.8113,0.1719,0.0,0.0011,,0.0,
20,3,0.15,45,always_short,50,1,0.813,0.17,0.0,0.507,,0.0,
20,3,0.15,45,always_short,40,1,0.813,0.17,0.0,0.5423,,0.0,
20,3,0.15,45,always_short,30,2,0.813,0.17,0.0,0.7136,,0.0,
20,3,0.15,45,always_short,30,1,0.813,0.17,0.0,0.3815,,0.0,
20,3,0.15,45,always_short,20,2,0.813,0.17,0.0,0.501,,0.0,
20,3,0.15,45,always_short,20,1,0.813,0.17,0.0,0.1406,,0.0,
20,3,0.15,45,always_short,10,2,0.813,0.17,0.0,0.0441,,0.0,
20,3,0.15,45,always_short,10,1,0.813,0.17,0.0,0.0011,,0.0,
20,3,0.15,45,always_long,50,1,0.8096,0.1735,0.0,0.5209,,0.0,
20,3,0.15,66,always_long,20,1,0.8096,0.1736,0.0,0.1485,,0.0,
20,3,0.15,66,always_long,20,2,0.8096,0.1736,0.0,0.5174,,0.0,
20,3,0.15,66,always_long,30,1,0.8096,0.1736,0.0,0.394,,0.0,
20,3,0.15,66,always_short,50,1,0.813,0.1701,0.0,0.5068,,0.0,
20,3,0.15,100,alternate,50,1,0.8113,0.1719,0.0,0.5136,,0.0,
20,3,0.15,100,alternate,40,1,0.8113,0.1719,0.0,0.549,,0.0,
20,3,0.15,100,alternate,30,2,0.8113,0.1719,0.0,0.7206,,0.0,
20,3,0.15,100,alternate,30,1,0.8113,0.1719,0.0,0.3866,,0.0,
20,3,0.15,100,alternate,20,2,0.8113,0.1719,0.0,0.5085,,0.0,
20,3,0.15,100,alternate,20,1,0.8113,0.1719,0.0,0.1441,,0.0,
20,3,0.15,100,alternate,10,2,0.8113,0.1719,0.0,0.047,,0.0,
20,3,0.15,100,alternate,10,1,0.8113,0.1719,0.0,0.0011,,0.0,
20,3,0.15,66,always_short,40,1,0.813,0.1701,0.0,0.542,,0.0,
20,3,0.15,66,always_long,30,2,0.8096,0.1736,0.0,0.7274,,0.0,
20,3,0.15,66,always_short,30,2,0.813,0.1701,0.0,0.7135,,0.0,
20,3,0.15,66,always_short,30,1,0.813,0.1701,0.0,0.3811,,0.0,
20,3,0.15,66,always_short,20,2,0.813,0.1701,0.0,0.5008,,0.0,
20,3,0.15,66,always_short,20,1,0.813,0.1701,0.0,0.1401,,0.0,
20,3,0.15,66,always_short,10,2,0.813,0.1701,0.0,0.044,,0.0,
20,3,0.15,66,always_short,10,1,0.813,0.1701,0.0,0.0011,,0.0,
20,3,0.15,66,always_long,50,1,0.8096,0.1736,0.0,0.5209,,0.0,
20,3,0.15,66,always_long,40,1,0.8096,0.1736,0.0,0.5564,,0.0,
15,3,0.2,100,always_short,30,2,0.7567,0.2509,0.0,0.7554,,0.0,
15,3,0.2,100,always_short,30,1,0.7567,0.2509,0.0,0.3669,,0.0,
15,3,0.2,100,always_short,20,2,0.7567,0.2509,0.0,0.5026,,0.0,
10,3,0.3,100,always_short,20,1,0.6731,0.3798,0.0,0.0355,,0.0,
10,3,0.3,100,always_short,10,1,0.6731,0.3798,0.0,0.0,,0.0,
10,3,0.3,100,always_long,50,1,0.6727,0.383,0.0,0.6508,,0.0,
10,3,0.3,100,always_long,40,2,0.6727,0.383,0.0,0.8728,,0.0,
10,3,0.3,100,always_long,40,1,0.6727,0.383,0.0,0.5022,,0.0,
10,3,0.3,100,always_long,30,2,0.6727,0.383,0.0,0.7562,,0.0,
10,3,0.3,100,always_long,30,1,0.6727,0.383,0.0,0.2719,,0.0,
10,3,0.3,100,always_long,20,2,0.6727,0.383,0.0,0.4244,,0.0,
10,3,0.3,100,always_long,20,1,0.6727,0.383,0.0,0.0355,,0.0,
10,3,0.3,100,always_long,10,2,0.6727,0.383,0.0,0.0055,,0.0,
10,3,0.3,100,always_long,10,1,0.6727,0.383,0.0,0.0,,0.0,
10,3,0.3,100,alternate,50,1,0.6729,0.3814,0.0,0.6499,,0.0,
10,3,0.3,100,alternate,40,2,0.6729,0.3814,0.0,0.8725,,0.0,
10,3,0.3,100,alternate,40,1,0.6729,0.3814,0.0,0.5019,,0.0,
10,3,0.3,100,alternate,30,2,0.6729,0.3814,0.0,0.7556,,0.0,
10,3,0.3,100,alternate,30,1,0.6729,0.3814,0.0,0.2711,,0.0,
10,3,0.3,100,alternate,20,2,0.6729,0.3814,0.0,0.424,,0.0,
10,3,0.3,100,alternate,20,1,0.6729,0.3814,0.0,0.0355,,0.0,
10,3,0.3,100,alternate,10,2,0.6729,0.3814,0.0,0.0055,,0.0,
10,3,0.3,100,alternate,10,1,0.6729,0.3814,0.0,0.0,,0.0,
10,3,0.3,100,always_short,10,2,0.6731,0.3798,0.0,0.0055,,0.0,
10,3,0.3,100,always_short,20,2,0.6731,0.3798,0.0,0.4231,,0.0,
10,3,0.3,66,always_short,40,2,0.6731,0.3795,0.0,0.8721,,0.0,
10,3,0.3,100,always_short,30,1,0.6731,0.3798,0.0,0.2704,,0.0,
10,3,0.3,130,always_long,30,2,0.6726,0.3832,0.0,0.7565,,0.0,
10,3,0.3,130,always_long,30,1,0.6726,0.3832,0.0,0.2719,,0.0,
10,3,0.3,130,always_long,20,2,0.6726,0.3832,0.0,0.4245,,0.0,
10,3,0.3,130,always_long,20,1,0.6726,0.3832,0.0,0.0355,,0.0,
10,3,0.3,130,always_long,10,2,0.6726,0.3832,0.0,0.0055,,0.0,
10,3,0.3,130,always_long,10,1,0.6726,0.3832,0.0,0.0,,0.0,
10,3,0.3,130,alternate,50,1,0.6729,0.3816,0.0,0.6499,,0.0,
10,3,0.3,130,alternate,40,2,0.6729,0.3816,0.0,0.8725,,0.0,
10,3,0.3,130,alternate,40,1,0.6729,0.3816,0.0,0.5019,,0.0,
10,3,0.3,130,alternate,30,2,0.6729,0.3816,0.0,0.7556,,0.0,
10,3,0.3,130,alternate,30,1,0.6729,0.3816,0.0,0.271,,0.0,
10,3,0.3,130,alternate,20,2,0.6729,0.3816,0.0,0.4239,,0.0,
10,3,0.3,130,alternate,20,1,0.6729,0.3816,0.0,0.0355,,0.0,
10,3,0.3,130,alternate,10,2,0.6729,0.3816,0.0,0.0055,,0.0,
10,3,0.3,130,alternate,10,1,0.6729,0.3816,0.0,0.0,,0.0,
10,3,0.3,100,always_short,50,1,0.6731,0.3798,0.0,0.6492,,0.0,
10,3,0.3,100,always_short,40,2,0.6731,0.3798,0.0,0.8721,,0.0,
10,3,0.3,100,always_short,40,1,0.6731,0.3798,0.0,0.5014,,0.0,
10,3,0.3,100,always_short,30,2,0.6731,0.3798,0.0,0.7551,,0.0,
10,3,0.3,66,always_short,50,1,0.6731,0.3795,0.0,0.6491,,0.0,
10,3,0.3,66,always_short,40,1,0.6731,0.3795,0.0,0.5012,,0.0,
10,3,0.3,130,always_long,40,2,0.6726,0.3832,0.0,0.8728,,0.0,
10,3,0.3,66,alternate,10,2,0.6729,0.3812,0.0,0.0055,,0.0,
10,3,0.3,45,always_short,50,1,0.6731,0.3795,0.0,0.6491,,0.0,
10,3,0.3,45,always_short,40,2,0.6731,0.3795,0.0,0.8721,,0.0,
10,3,0.3,45,always_short,40,1,0.6731,0.3795,0.0,0.5014,,0.0,
10,3,0.3,45,always_short,30,2,0.6731,0.3795,0.0,0.755,,0.0,
10,3,0.3,45,always_short,30,1,0.6731,0.3795,0.0,0.2704,,0.0,
10,3,0.3,45,always_short,20,2,0.6731,0.3795,0.0,0.4229,,0.0,
10,3,0.3,45,always_short,20,1,0.6731,0.3795,0.0,0.0355,,0.0,
10,3,0.3,45,always_short,10,2,0.6731,0.3795,0.0,0.0055,,0.0,
10,3,0.3,45,always_short,10,1,0.6731,0.3795,0.0,0.0,,0.0,
10,3,0.3,45,always_long,50,1,0.6728,0.3827,0.0,0.65,,0.0,
10,3,0.3,45,always_long,40,2,0.6728,0.3827,0.0,0.8728,,0.0,
10,3,0.3,45,always_long,40,1,0.6728,0.3827,0.0,0.5019,,0.0,
10,3,0.3,45,always_long,30,2,0.6728,0.3827,0.0,0.7558,,0.0,
10,3,0.3,45,always_long,30,1,0.6728,0.3827,0.0,0.2712,,0.0,
10,3,0.3,45,always_long,20,2,0.6728,0.3827,0.0,0.4241,,0.0,
10,3,0.3,45,always_long,20,1,0.6728,0.3827,0.0,0.0355,,0.0,
10,3,0.3,45,always_long,10,2,0.6728,0.3827,0.0,0.0055,,0.0,
10,3,0.3,45,always_long,10,1,0.6728,0.3827,0.0,0.0,,0.0,
10,3,0.3,45,alternate,50,1,0.673,0.3811,0.0,0.6498,,0.0,
10,3,0.3,66,alternate,10,1,0.6729,0.3812,0.0,0.0,,0.0,
10,3,0.3,66,alternate,20,1,0.6729,0.3812,0.0,0.0355,,0.0,
10,3,0.3,66,always_short,30,2,0.6731,0.3795,0.0,0.755,,0.0,
10,3,0.3,66,alternate,20,2,0.6729,0.3812,0.0,0.4239,,0.0,
10,3,0.3,66,always_short,30,1,0.6731,0.3795,0.0,0.2704,,0.0,
10,3,0.3,66,always_short,20,2,0.6731,0.3795,0.0,0.4226,,0.0,
10,3,0.3,66,always_short,20,1,0.6731,0.3795,0.0,0.0355,,0.0,
10,3,0.3,66,always_short,10,2,0.6731,0.3795,0.0,0.0055,,0.0,
10,3,0.3,66,always_short,10,1,0.6731,0.3795,0.0,0.0,,0.0,
10,3,0.3,66,always_long,50,1,0.6727,0.3829,0.0,0.6501,,0.0,
10,3,0.3,66,always_long,40,2,0.6727,0.3829,0.0,0.8728,,0.0,
10,3,0.3,66,always_long,40,1,0.6727,0.3829,0.0,0.5021,,0.0,
10,3,0.3,66,always_long,30,2,0.6727,0.3829,0.0,0.7561,,0.0,
10,3,0.3,66,always_long,30,1,0.6727,0.3829,0.0,0.2717,,0.0,
10,3,0.3,66,always_long,20,2,0.6727,0.3829,0.0,0.4243,,0.0,
10,3,0.3,66,always_long,20,1,0.6727,0.3829,0.0,0.0355,,0.0,
10,3,0.3,66,always_long,10,2,0.6727,0.3829,0.0,0.0055,,0.0,
10,3,0.3,66,always_long,10,1,0.6727,0.3829,0.0,0.0,,0.0,
10,3,0.3,66,alternate,50,1,0.6729,0.3812,0.0,0.6499,,0.0,
10,3,0.3,66,alternate,40,2,0.6729,0.3812,0.0,0.8724,,0.0,
10,3,0.3,66,alternate,40,1,0.6729,0.3812,0.0,0.5018,,0.0,
10,3,0.3,66,alternate,30,2,0.6729,0.3812,0.0,0.7554,,0.0,
10,3,0.3,66,alternate,30,1,0.6729,0.3812,0.0,0.2709,,0.0,
10,3,0.3,130,always_long,40,1,0.6726,0.3832,0.0,0.5024,,0.0,
10,3,0.3,130,always_long,50,1,0.6726,0.3832,0.0,0.6508,,0.0,
15,3,0.2,100,always_short,20,1,0.7567,0.2509,0.0,0.1069,,0.0,
10,4,0.4,66,always_long,20,1,0.6461,0.3472,0.0,0.0471,,0.0,
10,4,0.4,66,always_long,10,1,0.6461,0.3472,0.0,0.0,,0.0,
10,4,0.4,66,alternate,50,1,0.6455,0.3458,0.0,0.6304,,0.0,
10,4,0.4,66,alternate,40,1,0.6455,0.3458,0.0,0.4863,,0.0,
10,4,0.4,66,alternate,30,2,0.6455,0.3458,0.0,0.6953,,0.0,
10,4,0.4,66,alternate,30,1,0.6455,0.3458,0.0,0.2709,,0.0,
10,4,0.4,66,alternate,20,2,0.6455,0.3458,0.0,0.353,,0.0,
10,4,0.4,66,alternate,20,1,0.6455,0.3458,0.0,0.0476,,0.0,
10,4,0.4,66,alternate,10,2,0.6455,0.3458,0.0,0.0067,,0.0,
10,4,0.4,66,alternate,10,1,0.6455,0.3458,0.0,0.0,,0.0,
10,4,0.4,45,always_short,50,1,0.645,0.3443,0.0,0.6319,,0.0,
10,4,0.4,45,always_short,40,1,0.645,0.3443,0.0,0.4875,,0.0,
10,4,0.4,45,always_short,30,2,0.645,0.3443,0.0,0.6976,,0.0,
10,4,0.4,45,always_short,30,1,0.645,0.3443,0.0,0.273,,0.0,
10,4,0.4,45,always_short,20,2,0.645,0.3443,0.0,0.3548,,0.0,
10,4,0.4,45,always_short,20,1,0.645,0.3443,0.0,0.0476,,0.0,
10,4,0.4,45,always_short,10,2,0.645,0.3443,0.0,0.0067,,0.0,
10,4,0.4,45,always_short,10,1,0.645,0.3443,0.0,0.0,,0.0,
10,4,0.4,45,always_long,50,1,0.6462,0.347,0.0,0.6291,,0.0,
10,4,0.4,45,always_long,40,1,0.6462,0.347,0.0,0.4848,,0.0,
10,4,0.4,66,always_long,10,2,0.6461,0.3472,0.0,0.0065,,0.0,
10,4,0.4,66,always_long,20,2,0.6461,0.3472,0.0,0.3494,,0.0,
10,4,0.4,45,always_long,30,1,0.6462,0.347,0.0,0.268,,0.0,
10,4,0.4,66,always_long,30,1,0.6461,0.3472,0.0,0.2687,,0.0,
10,4,0.4,100,alternate,50,1,0.6455,0.346,0.0,0.6306,,0.0,
10,4,0.4,100,alternate,40,1,0.6455,0.346,0.0,0.4863,,0.0,
10,4,0.4,100,alternate,30,2,0.6455,0.346,0.0,0.6956,,0.0,
10,4,0.4,100,alternate,30,1,0.6455,0.346,0.0,0.2715,,0.0,
10,4,0.4,100,alternate,20,2,0.6455,0.346,0.0,0.3531,,0.0,
10,4,0.4,100,alternate,20,1,0.6455,0.346,0.0,0.0476,,0.0,
10,4,0.4,100,alternate,10,2,0.6455,0.346,0.0,0.0067,,0.0,
10,4,0.4,100,alternate,10,1,0.6455,0.346,0.0,0.0,,0.0,
10,4,0.4,66,always_short,50,1,0.645,0.3445,0.0,0.6316,,0.0,
10,4,0.4,66,always_short,40,1,0.645,0.3445,0.0,0.4875,,0.0,
10,4,0.4,66,always_short,30,2,0.645,0.3445,0.0,0.6976,,0.0,
10,4,0.4,66,always_short,30,1,0.645,0.3445,0.0,0.2729,,0.0,
10,4,0.4,66,always_short,20,2,0.645,0.3445,0.0,0.3546,,0.0,
10,4,0.4,66,always_short,20,1,0.645,0.3445,0.0,0.0476,,0.0,
10,4,0.4,66,always_short,10,2,0.645,0.3445,0.0,0.0067,,0.0,
10,4,0.4,66,always_short,10,1,0.645,0.3445,0.0,0.0,,0.0,
10,4,0.4,66,always_long,50,1,0.6461,0.3472,0.0,0.6292,,0.0,
10,4,0.4,66,always_long,40,1,0.6461,0.3472,0.0,0.4849,,0.0,
10,4,0.4,66,always_long,30,2,0.6461,0.3472,0.0,0.6937,,0.0,
10,4,0.4,45,always_long,30,2,0.6462,0.347,0.0,0.6927,,0.0,
10,4,0.4,45,always_long,20,2,0.6462,0.347,0.0,0.3489,,0.0,
10,3,0.3,130,always_short,10,1,0.6731,0.38,0.0,0.0,,0.0,
10,4,0.4,30,always_long,30,1,0.6462,0.3469,0.0,0.268,,0.0,
10,4,0.4,30,always_long,20,1,0.6462,0.3469,0.0,0.047,,0.0,
10,4,0.4,30,always_long,10,2,0.6462,0.3469,0.0,0.0065,,0.0,
10,4,0.4,30,always_long,10,1,0.6462,0.3469,0.0,0.0,,0.0,
10,4,0.4,30,alternate,50,1,0.6456,0.3456,0.0,0.63,,0.0,
10,4,0.4,30,alternate,40,1,0.6456,0.3456,0.0,0.4859,,0.0,
10,4,0.4,30,alternate,30,2,0.6456,0.3456,0.0,0.6951,,0.0,
10,4,0.4,30,alternate,30,1,0.6456,0.3456,0.0,0.2707,,0.0,
10,4,0.4,30,alternate,20,2,0.6456,0.3456,0.0,0.3525,,0.0,
10,4,0.4,30,alternate,20,1,0.6456,0.3456,0.0,0.0476,,0.0,
10,4,0.4,30,alternate,10,2,0.6456,0.3456,0.0,0.0067,,0.0,
10,4,0.4,30,alternate,10,1,0.6456,0.3456,0.0,0.0,,0.0,
10,3,0.3,130,always_short,50,1,0.6731,0.38,0.0,0.6491,,0.0,
10,3,0.3,130,always_short,40,2,0.6731,0.38,0.0,0.8721,,0.0,
10,3,0.3,130,always_short,40,1,0.6731,0.38,0.0,0.5014,,0.0,
10,3,0.3,130,always_short,30,2,0.6731,0.38,0.0,0.755,,0.0,
10,3,0.3,130,always_short,30,1,0.6731,0.38,0.0,0.2704,,0.0,
10,3,0.3,130,always_short,20,2,0.6731,0.38,0.0,0.423,,0.0,
10,3,0.3,130,always_short,20,1,0.6731,0.38,0.0,0.0355,,0.0,
10,3,0.3,130,always_short,10,2,0.6731,0.38,0.0,0.0055,,0.0,
10,4,0.4,30,always_long,20,2,0.6462,0.3469,0.0,0.3489,,0.0,
10,4,0.4,30,always_long,30,2,0.6462,0.3469,0.0,0.6927,,0.0,
10,4,0.4,45,always_long,20,1,0.6462,0.347,0.0,0.047,,0.0,
10,4,0.4,30,always_long,40,1,0.6462,0.3469,0.0,0.4848,,0.0,
10,4,0.4,45,always_long,10,2,0.6462,0.347,0.0,0.0065,,0.0,
10,4,0.4,45,always_long,10,1,0.6462,0.347,0.0,0.0,,0.0,
10,4,0.4,45,alternate,50,1,0.6456,0.3457,0.0,0.6301,,0.0,
10,4,0.4,45,alternate,40,1,0.6456,0.3457,0.0,0.486,,0.0,
10,4,0.4,45,alternate,30,2,0.6456,0.3457,0.0,0.6951,,0.0,
10,4,0.4,45,alternate,30,1,0.6456,0.3457,0.0,0.2709,,0.0,
10,4,0.4,45,alternate,20,2,0.6456,0.3457,0.0,0.3526,,0.0,
10,4,0.4,45,alternate,20,1,0.6456,0.3457,0.0,0.0476,,0.0,
10,4,0.4,45,alternate,10,2,0.6456,0.3457,0.0,0.0067,,0.0,
10,4,0.4,45,alternate,10,1,0.6456,0.3457,0.0,0.0,,0.0,
10,4,0.4,30,always_short,50,1,0.645,0.3443,0.0,0.6319,,0.0,
10,4,0.4,30,always_short,40,1,0.645,0.3443,0.0,0.4875,,0.0,
10,4,0.4,30,always_short,30,2,0.645,0.3443,0.0,0.6976,,0.0,
10,4,0.4,30,always_short,30,1,0.645,0.3443,0.0,0.273,,0.0,
10,4,0.4,30,always_short,20,2,0.645,0.3443,0.0,0.3548,,0.0,
10,4,0.4,30,always_short,20,1,0.645,0.3443,0.0,0.0476,,0.0,
10,4,0.4,30,always_short,10,2,0.645,0.3443,0.0,0.0067,,0.0,
10,4,0.4,30,always_short,10,1,0.645,0.3443,0.0,0.0,,0.0,
10,4,0.4,30,always_long,50,1,0.6462,0.3469,0.0,0.6291,,0.0,
10,3,0.3,45,alternate,40,2,0.673,0.3811,0.0,0.8722,,0.0,
10,3,0.3,45,alternate,40,1,0.673,0.3811,0.0,0.5016,,0.0,
10,3,0.3,45,alternate,30,2,0.673,0.3811,0.0,0.7551,,0.0,
10,2,0.2,66,alternate,50,1,0.7005,0.4203,0.0,0.7054,,0.0,
10,2,0.2,66,alternate,40,1,0.7005,0.4203,0.0,0.5131,,0.0,
10,2,0.2,66,alternate,30,2,0.7005,0.4203,0.0,0.8359,,0.0,
10,2,0.2,66,alternate,30,1,0.7005,0.4203,0.0,0.2839,,0.0,
10,2,0.2,66,alternate,20,2,0.7005,0.4203,0.0,0.482,,0.0,
10,2,0.2,66,alternate,20,1,0.7005,0.4203,0.0,0.0508,,0.0,
10,2,0.2,66,alternate,10,2,0.7005,0.4203,0.0,0.0057,,0.0,
10,2,0.2,66,alternate,10,1,0.7005,0.4203,0.0,0.0,,0.0,
10,2,0.2,45,always_short,50,2,0.7006,0.4186,0.0,0.9597,,0.0,
10,2,0.2,45,always_short,50,1,0.7006,0.4186,0.0,0.7054,,0.0,
10,2,0.2,45,always_short,40,2,0.7006,0.4186,0.0,0.9279,,0.0,
10,2,0.2,45,always_short,40,1,0.7006,0.4186,0.0,0.513,,0.0,
10,2,0.2,45,always_short,30,2,0.7006,0.4186,0.0,0.8357,,0.0,
10,2,0.2,45,always_short,30,1,0.7006,0.4186,0.0,0.2839,,0.0,
10,2,0.2,45,always_short,20,2,0.7006,0.4186,0.0,0.4819,,0.0,
10,2,0.2,45,always_short,20,1,0.7006,0.4186,0.0,0.0508,,0.0,
10,2,0.2,45,always_short,10,2,0.7006,0.4186,0.0,0.0057,,0.0,
10,2,0.2,45,always_short,10,1,0.7006,0.4186,0.0,0.0,,0.0,
10,2,0.2,45,always_long,50,2,0.7006,0.4218,0.0,0.9596,,0.0,
10,2,0.2,45,always_long,50,1,0.7006,0.4218,0.0,0.705,,0.0,
10,2,0.2,66,alternate,40,2,0.7005,0.4203,0.0,0.928,,0.0,
10,2,0.2,66,alternate,50,2,0.7005,0.4203,0.0,0.9597,,0.0,
10,2,0.2,45,always_long,40,1,0.7006,0.4218,0.0,0.5125,,0.0,
10,2,0.2,66,always_long,10,1,0.7005,0.422,0.0,0.0,,0.0,
10,2,0.2,66,always_short,50,2,0.7005,0.4186,0.0,0.9597,,0.0,
10,2,0.2,66,always_short,50,1,0.7005,0.4186,0.0,0.7054,,0.0,
10,2,0.2,66,always_short,40,2,0.7005,0.4186,0.0,0.928,,0.0,
10,2,0.2,66,always_short,40,1,0.7005,0.4186,0.0,0.5131,,0.0,
10,2,0.2,66,always_short,30,2,0.7005,0.4186,0.0,0.8359,,0.0,
10,2,0.2,66,always_short,30,1,0.7005,0.4186,0.0,0.2839,,0.0,
10,2,0.2,66,always_short,20,2,0.7005,0.4186,0.0,0.482,,0.0,
10,2,0.2,66,always_short,20,1,0.7005,0.4186,0.0,0.0508,,0.0,
10,2,0.2,66,always_short,10,2,0.7005,0.4186,0.0,0.0057,,0.0,
10,2,0.2,66,always_short,10,1,0.7005,0.4186,0.0,0.0,,0.0,
10,2,0.2,66,always_long,50,2,0.7005,0.422,0.0,0.9597,,0.0,
10,2,0.2,66,always_long,50,1,0.7005,0.422,0.0,0.7054,,0.0,
10,2,0.2,66,always_long,40,2,0.7005,0.422,0.0,0.928,,0.0,
10,2,0.2,66,always_long,40,1,0.7005,0.422,0.0,0.5131,,0.0,
10,2,0.2,66,always_long,30,2,0.7005,0.422,0.0,0.8359,,0.0,
10,2,0.2,66,always_long,30,1,0.7005,0.422,0.0,0.2839,,0.0,
10,2,0.2,66,always_long,20,2,0.7005,0.422,0.0,0.482,,0.0,
10,2,0.2,66,always_long,20,1,0.7005,0.422,0.0,0.0508,,0.0,
10,2,0.2,66,always_long,10,2,0.7005,0.422,0.0,0.0057,,0.0,
10,2,0.2,45,always_long,40,2,0.7006,0.4218,0.0,0.9277,,0.0,
10,2,0.2,45,always_long,30,2,0.7006,0.4218,0.0,0.8356,,0.0,
10,3,0.3,45,alternate,30,1,0.673,0.3811,0.0,0.2707,,0.0,
10,2,0.2,30,always_short,20,1,0.7005,0.4185,0.0,0.0508,,0.0,
10,2,0.2,30,always_short,10,1,0.7005,0.4185,0.0,0.0,,0.0,
10,2,0.2,30,always_long,50,2,0.7007,0.4217,0.0,0.9595,,0.0,
10,2,0.2,30,always_long,50,1,0.7007,0.4217,0.0,0.7044,,0.0,
10,2,0.2,30,always_long,40,2,0.7007,0.4217,0.0,0.9275,,0.0,
10,2,0.2,30,always_long,40,1,0.7007,0.4217,0.0,0.5118,,0.0,
10,2,0.2,30,always_long,30,2,0.7007,0.4217,0.0,0.8354,,0.0,
10,2,0.2,30,always_long,30,1,0.7007,0.4217,0.0,0.2833,,0.0,
10,2,0.2,30,always_long,20,2,0.7007,0.4217,0.0,0.4808,,0.0,
10,2,0.2,30,always_long,20,1,0.7007,0.4217,0.0,0.0506,,0.0,
10,2,0.2,30,always_long,10,2,0.7007,0.4217,0.0,0.0057,,0.0,
10,2,0.2,30,always_long,10,1,0.7007,0.4217,0.0,0.0,,0.0,
10,2,0.2,30,alternate,50,2,0.7006,0.4201,0.0,0.9596,,0.0,
10,2,0.2,30,alternate,50,1,0.7006,0.4201,0.0,0.705,,0.0,
10,2,0.2,30,alternate,40,2,0.7006,0.4201,0.0,0.9276,,0.0,
10,2,0.2,30,alternate,40,1,0.7006,0.4201,0.0,0.5124,,0.0,
10,2,0.2,30,alternate,30,2,0.7006,0.4201,0.0,0.8356,,0.0,
10,2,0.2,30,alternate,30,1,0.7006,0.4201,0.0,0.2835,,0.0,
10,2,0.2,30,alternate,20,2,0.7006,0.4201,0.0,0.4816,,0.0,
10,2,0.2,30,alternate,20,1,0.7006,0.4201,0.0,0.0506,,0.0,
10,2,0.2,30,always_short,10,2,0.7005,0.4185,0.0,0.0057,,0.0,
10,2,0.2,30,always_short,20,2,0.7005,0.4185,0.0,0.482,,0.0,
10,2,0.2,45,always_long,30,1,0.7006,0.4218,0.0,0.2835,,0.0,
10,2,0.2,30,always_short,30,1,0.7005,0.4185,0.0,0.2839,,0.0,
10,2,0.2,45,always_long,20,2,0.7006,0.4218,0.0,0.4816,,0.0,
10,2,0.2,45,always_long,20,1,0.7006,0.4218,0.0,0.0506,,0.0,
10,2,0.2,45,always_long,10,2,0.7006,0.4218,0.0,0.0057,,0.0,
10,2,0.2,45,always_long,10,1,0.7006,0.4218,0.0,0.0,,0.0,
10,2,0.2,45,alternate,50,2,0.7006,0.4202,0.0,0.9597,,0.0,
10,2,0.2,45,alternate,50,1,0.7006,0.4202,0.0,0.7051,,0.0,
10,2,0.2,45,alternate,40,2,0.7006,0.4202,0.0,0.9277,,0.0,
10,2,0.2,45,alternate,40,1,0.7006,0.4202,0.0,0.5126,,0.0,
10,2,0.2,45,alternate,30,2,0.7006,0.4202,0.0,0.8356,,0.0,
10,2,0.2,45,alternate,30,1,0.7006,0.4202,0.0,0.2836,,0.0,
10,2,0.2,45,alternate,20,2,0.7006,0.4202,0.0,0.4818,,0.0,
10,2,0.2,45,alternate,20,1,0.7006,0.4202,0.0,0.0506,,0.0,
10,2,0.2,45,alternate,10,2,0.7006,0.4202,0.0,0.0057,,0.0,
10,2,0.2,45,alternate,10,1,0.7006,0.4202,0.0,0.0,,0.0,
10,2,0.2,30,always_short,50,2,0.7005,0.4185,0.0,0.9597,,0.0,
10,2,0.2,30,always_short,50,1,0.7005,0.4185,0.0,0.7054,,0.0,
10,2,0.2,30,always_short,40,2,0.7005,0.4185,0.0,0.928,,0.0,
10,2,0.2,30,always_short,40,1,0.7005,0.4185,0.0,0.5131,,0.0,
10,2,0.2,30,always_short,30,2,0.7005,0.4185,0.0,0.8357,,0.0,
10,2,0.2,100,alternate,10,1,0.7004,0.4205,0.0,0.0,,0.0,
10,2,0.2,100,alternate,10,2,0.7004,0.4205,0.0,0.0059,,0.0,
10,2,0.2,100,alternate,20,1,0.7004,0.4205,0.0,0.0509,,0.0,
10,3,0.3,30,always_long,10,1,0.6728,0.3826,0.0,0.0,,0.0,
10,3,0.3,30,alternate,40,2,0.673,0.381,0.0,0.8722,,0.0,
10,3,0.3,30,alternate,40,1,0.673,0.381,0.0,0.5015,,0.0,
10,3,0.3,30,alternate,30,2,0.673,0.381,0.0,0.7551,,0.0,
10,3,0.3,30,alternate,30,1,0.673,0.381,0.0,0.2707,,0.0,
10,3,0.3,30,alternate,20,2,0.673,0.381,0.0,0.4236,,0.0,
10,3,0.3,30,alternate,20,1,0.673,0.381,0.0,0.0355,,0.0,
10,3,0.3,30,alternate,10,2,0.673,0.381,0.0,0.0055,,0.0,
10,3,0.3,30,alternate,10,1,0.673,0.381,0.0,0.0,,0.0,
10,2,0.2,130,always_short,50,2,0.7003,0.4191,0.0,0.9601,,0.0,
10,2,0.2,130,always_short,50,1,0.7003,0.4191,0.0,0.7061,,0.0,
10,2,0.2,130,always_short,40,2,0.7003,0.4191,0.0,0.9286,,0.0,
10,2,0.2,130,always_short,40,1,0.7003,0.4191,0.0,0.5134,,0.0,
10,2,0.2,130,always_short,30,2,0.7003,0.4191,0.0,0.8365,,0.0,
10,2,0.2,130,always_short,30,1,0.7003,0.4191,0.0,0.2843,,0.0,
10,2,0.2,130,always_short,20,2,0.7003,0.4191,0.0,0.4823,,0.0,
10,2,0.2,130,always_short,20,1,0.7003,0.4191,0.0,0.0509,,0.0,
10,2,0.2,130,always_short,10,2,0.7003,0.4191,0.0,0.0059,,0.0,
10,2,0.2,130,always_short,10,1,0.7003,0.4191,0.0,0.0,,0.0,
10,2,0.2,130,always_long,50,2,0.7004,0.4224,0.0,0.96,,0.0,
10,3,0.3,30,alternate,50,1,0.673,0.381,0.0,0.6496,,0.0,
10,3,0.3,30,always_long,10,2,0.6728,0.3826,0.0,0.0055,,0.0,
10,2,0.2,100,alternate,20,2,0.7004,0.4205,0.0,0.4821,,0.0,
10,3,0.3,30,always_long,20,1,0.6728,0.3826,0.0,0.0355,,0.0,
10,3,0.3,45,alternate,20,2,0.673,0.3811,0.0,0.4236,,0.0,
10,3,0.3,45,alternate,20,1,0.673,0.3811,0.0,0.0355,,0.0,
10,3,0.3,45,alternate,10,2,0.673,0.3811,0.0,0.0055,,0.0,
10,3,0.3,45,alternate,10,1,0.673,0.3811,0.0,0.0,,0.0,
10,3,0.3,30,always_short,50,1,0.6731,0.3794,0.0,0.6491,,0.0,
10,3,0.3,30,always_short,40,2,0.6731,0.3794,0.0,0.8721,,0.0,
10,3,0.3,30,always_short,40,1,0.6731,0.3794,0.0,0.5012,,0.0,
10,3,0.3,30,always_short,30,2,0.6731,0.3794,0.0,0.755,,0.0,
10,3,0.3,30,always_short,30,1,0.6731,0.3794,0.0,0.2704,,0.0,
10,3,0.3,30,always_short,20,2,0.6731,0.3794,0.0,0.4229,,0.0,
10,3,0.3,30,always_short,20,1,0.6731,0.3794,0.0,0.0355,,0.0,
10,3,0.3,30,always_short,10,2,0.6731,0.3794,0.0,0.0055,,0.0,
10,3,0.3,30,always_short,10,1,0.6731,0.3794,0.0,0.0,,0.0,
10,3,0.3,30,always_long,50,1,0.6728,0.3826,0.0,0.65,,0.0,
10,3,0.3,30,always_long,40,2,0.6728,0.3826,0.0,0.8726,,0.0,
10,3,0.3,30,always_long,40,1,0.6728,0.3826,0.0,0.5019,,0.0,
10,3,0.3,30,always_long,30,2,0.6728,0.3826,0.0,0.7558,,0.0,
10,3,0.3,30,always_long,30,1,0.6728,0.3826,0.0,0.2712,,0.0,
10,3,0.3,30,always_long,20,2,0.6728,0.3826,0.0,0.4241,,0.0,
10,2,0.2,130,always_long,50,1,0.7004,0.4224,0.0,0.7056,,0.0,
10,2,0.2,130,always_long,40,2,0.7004,0.4224,0.0,0.9284,,0.0,
10,2,0.2,130,always_long,40,1,0.7004,0.4224,0.0,0.5134,,0.0,
10,2,0.2,130,always_long,30,2,0.7004,0.4224,0.0,0.8363,,0.0,
10,2,0.2,100,always_short,20,1,0.7004,0.4189,0.0,0.0509,,0.0,
10,2,0.2,100,always_short,10,2,0.7004,0.4189,0.0,0.0059,,0.0,
10,2,0.2,100,always_short,10,1,0.7004,0.4189,0.0,0.0,,0.0,
10,2,0.2,100,always_long,50,2,0.7004,0.4221,0.0,0.96,,0.0,
10,2,0.2,100,always_long,50,1,0.7004,0.4221,0.0,0.7056,,0.0,
10,2,0.2,100,always_long,40,2,0.7004,0.4221,0.0,0.9284,,0.0,
10,2,0.2,100,always_long,40,1,0.7004,0.4221,0.0,0.5134,,0.0,
10,2,0.2,100,always_long,30,2,0.7004,0.4221,0.0,0.8363,,0.0,
10,2,0.2,100,always_long,30,1,0.7004,0.4221,0.0,0.284,,0.0,
10,2,0.2,100,always_long,20,2,0.7004,0.4221,0.0,0.4821,,0.0,
10,2,0.2,100,always_long,20,1,0.7004,0.4221,0.0,0.0508,,0.0,
10,2,0.2,100,always_long,10,2,0.7004,0.4221,0.0,0.0057,,0.0,
10,2,0.2,100,always_long,10,1,0.7004,0.4221,0.0,0.0,,0.0,
10,2,0.2,100,alternate,50,2,0.7004,0.4205,0.0,0.96,,0.0,
10,2,0.2,100,alternate,50,1,0.7004,0.4205,0.0,0.706,,0.0,
10,2,0.2,100,alternate,40,2,0.7004,0.4205,0.0,0.9284,,0.0,
10,2,0.2,100,alternate,40,1,0.7004,0.4205,0.0,0.5134,,0.0,
10,2,0.2,100,alternate,30,2,0.7004,0.4205,0.0,0.8365,,0.0,
10,2,0.2,100,alternate,30,1,0.7004,0.4205,0.0,0.284,,0.0,
10,2,0.2,100,always_short,20,2,0.7004,0.4189,0.0,0.4821,,0.0,
10,2,0.2,100,always_short,30,1,0.7004,0.4189,0.0,0.284,,0.0,
10,2,0.2,100,always_short,30,2,0.7004,0.4189,0.0,0.8365,,0.0,
10,2,0.2,130,alternate,40,1,0.7004,0.4207,0.0,0.5134,,0.0,
10,2,0.2,130,always_long,30,1,0.7004,0.4224,0.0,0.284,,0.0,
10,2,0.2,130,always_long,20,2,0.7004,0.4224,0.0,0.4821,,0.0,
10,2,0.2,130,always_long,20,1,0.7004,0.4224,0.0,0.0508,,0.0,
10,2,0.2,130,always_long,10,2,0.7004,0.4224,0.0,0.0057,,0.0,
10,2,0.2,130,always_long,10,1,0.7004,0.4224,0.0,0.0,,0.0,
10,2,0.2,130,alternate,50,2,0.7004,0.4207,0.0,0.96,,0.0,
10,2,0.2,130,alternate,50,1,0.7004,0.4207,0.0,0.706,,0.0,
10,2,0.2,130,alternate,40,2,0.7004,0.4207,0.0,0.9284,,0.0,
10,2,0.2,130,alternate,30,2,0.7004,0.4207,0.0,0.8365,,0.0,
10,2,0.2,100,always_short,40,1,0.7004,0.4189,0.0,0.5134,,0.0,
10,2,0.2,130,alternate,30,1,0.7004,0.4207,0.0,0.284,,0.0,
10,2,0.2,130,alternate,20,2,0.7004,0.4207,0.0,0.4821,,0.0,
10,2,0.2,130,alternate,20,1,0.7004,0.4207,0.0,0.0509,,0.0,
10,2,0.2,130,alternate,10,2,0.7004,0.4207,0.0,0.0059,,0.0,
10,2,0.2,130,alternate,10,1,0.7004,0.4207,0.0,0.0,,0.0,
10,2,0.2,100,always_short,50,2,0.7004,0.4189,0.0,0.96,,0.0,
10,2,0.2,100,always_short,50,1,0.7004,0.4189,0.0,0.7061,,0.0,
10,2,0.2,100,always_short,40,2,0.7004,0.4189,0.0,0.9285,,0.0,
10,4,0.4,100,always_long,10,1,0.646,0.3473,0.0,0.0,,0.0,
10,4,0.4,100,always_long,10,2,0.646,0.3473,0.0,0.0065,,0.0,
10,4,0.4,100,always_long,20,1,0.646,0.3473,0.0,0.0471,,0.0,
15,2,0.133,130,always_long,50,1,0.7803,0.2827,0.0,0.6713,,0.0,
15,2,0.133,130,always_long,40,1,0.7803,0.2827,0.0,0.5856,,0.0,
15,2,0.133,130,always_long,30,2,0.7803,0.2827,0.0,0.8217,,0.0,
15,2,0.133,130,always_long,30,1,0.7803,0.2827,0.0,0.415,,0.0,
15,2,0.133,130,always_long,20,2,0.7803,0.2827,0.0,0.5446,,0.0,
15,2,0.133,130,always_long,20,1,0.7803,0.2827,0.0,0.0897,,0.0,
15,2,0.133,130,always_long,10,2,0.7803,0.2827,0.0,0.0274,,0.0,
15,2,0.133,130,always_long,10,1,0.7803,0.2827,0.0,0.0,,0.0,
15,2,0.133,130,alternate,50,2,0.782,0.2799,0.0,0.9393,,0.0,
15,2,0.133,130,alternate,50,1,0.782,0.2799,0.0,0.6664,,0.0,
15,2,0.133,130,alternate,40,2,0.782,0.2799,0.0,0.9048,,0.0,
15,2,0.133,130,alternate,40,1,0.782,0.2799,0.0,0.5805,,0.0,
15,2,0.133,130,alternate,30,2,0.782,0.2799,0.0,0.8174,,0.0,
15,2,0.133,130,alternate,30,1,0.782,0.2799,0.0,0.4081,,0.0,
15,2,0.133,130,alternate,20,2,0.782,0.2799,0.0,0.5353,,0.0,
15,2,0.133,130,alternate,20,1,0.782,0.2799,0.0,0.0858,,0.0,
15,2,0.133,130,alternate,10,2,0.782,0.2799,0.0,0.0256,,0.0,
15,2,0.133,130,alternate,10,1,0.782,0.2799,0.0,0.0,,0.0,
15,2,0.133,100,always_short,50,2,0.7838,0.2768,0.0,0.9363,,0.0,
15,2,0.133,100,always_short,50,1,0.7838,0.2768,0.0,0.66,,0.0,
15,2,0.133,130,always_long,40,2,0.7803,0.2827,0.0,0.907,,0.0,
15,2,0.133,130,always_long,50,2,0.7803,0.2827,0.0,0.9416,,0.0,
15,2,0.133,100,always_short,40,1,0.7838,0.2768,0.0,0.5734,,0.0,
15,2,0.133,130,always_short,10,1,0.7837,0.277,0.0,0.0,,0.0,
15,3,0.2,30,always_long,10,1,0.7539,0.2541,0.0,0.0,,0.0,
15,3,0.2,30,alternate,50,1,0.7553,0.2523,0.0,0.6685,,0.0,
15,3,0.2,30,alternate,40,2,0.7553,0.2523,0.0003,0.8524,15.0,0.0,196000.0
15,3,0.2,30,alternate,40,1,0.7553,0.2523,0.0,0.5713,,0.0,
15,3,0.2,30,alternate,30,2,0.7553,0.2523,0.0,0.76,,0.0,
15,3,0.2,30,alternate,30,1,0.7553,0.2523,0.0,0.372,,0.0,
15,3,0.2,30,alternate,20,2,0.7553,0.2523,0.0,0.5096,,0.0,
15,3,0.2,30,alternate,20,1,0.7553,0.2523,0.0,0.1091,,0.0,
15,3,0.2,30,alternate,10,2,0.7553,0.2523,0.0,0.0253,,0.0,
15,3,0.2,30,alternate,10,1,0.7553,0.2523,0.0,0.0,,0.0,
15,2,0.133,130,always_short,50,2,0.7837,0.277,0.0,0.9365,,0.0,
15,2,0.133,130,always_short,50,1,0.7837,0.277,0.0,0.6601,,0.0,
15,2,0.133,130,always_short,40,2,0.7837,0.277,0.0,0.9011,,0.0,
15,2,0.133,130,always_short,40,1,0.7837,0.277,0.0,0.5737,,0.0,
15,2,0.133,130,always_short,30,2,0.7837,0.277,0.0,0.8116,,0.0,
15,2,0.133,130,always_short,30,1,0.7837,0.277,0.0,0.4022,,0.0,
15,2,0.133,130,always_short,20,2,0.7837,0.277,0.0,0.5274,,0.0,
15,2,0.133,130,always_short,20,1,0.7837,0.277,0.0,0.0835,,0.0,
15,2,0.133,130,always_short,10,2,0.7837,0.277,0.0,0.0239,,0.0,
15,2,0.133,100,always_short,40,2,0.7838,0.2768,0.0,0.901,,0.0,
15,2,0.133,100,always_short,30,2,0.7838,0.2768,0.0,0.8113,,0.0,
15,2,0.133,66,always_long,10,1,0.7804,0.2825,0.0,0.0,,0.0,
15,2,0.133,100,alternate,20,1,0.7821,0.2797,0.0,0.0855,,0.0,
15,2,0.133,100,alternate,10,1,0.7821,0.2797,0.0,0.0,,0.0,
15,2,0.133,66,always_short,50,2,0.7839,0.2767,0.0,0.9363,,0.0,
15,2,0.133,66,always_short,50,1,0.7839,0.2767,0.0,0.6596,,0.0,
15,2,0.133,66,always_short,40,2,0.7839,0.2767,0.0,0.901,,0.0,
15,2,0.133,66,always_short,40,1,0.7839,0.2767,0.0,0.573,,0.0,
15,2,0.133,66,always_short,30,2,0.7839,0.2767,0.0,0.811,,0.0,
15,2,0.133,66,always_short,30,1,0.7839,0.2767,0.0,0.4012,,0.0,
15,2,0.133,66,always_short,20,2,0.7839,0.2767,0.0,0.5258,,0.0,
15,2,0.133,66,always_short,20,1,0.7839,0.2767,0.0,0.0831,,0.0,
15,2,0.133,66,always_short,10,2,0.7839,0.2767,0.0,0.0239,,0.0,
15,2,0.133,66,always_short,10,1,0.7839,0.2767,0.0,0.0,,0.0,
15,2,0.133,66,always_long,50,2,0.7804,0.2825,0.0,0.9416,,0.0,
15,2,0.133,66,always_long,50,1,0.7804,0.2825,0.0,0.6713,,0.0,
15,2,0.133,66,always_long,40,2,0.7804,0.2825,0.0,0.907,,0.0,
15,2,0.133,66,always_long,40,1,0.7804,0.2825,0.0,0.5854,,0.0,
15,2,0.133,66,always_long,30,2,0.7804,0.2825,0.0,0.8216,,0.0,
15,2,0.133,66,always_long,30,1,0.7804,0.2825,0.0,0.4148,,0.0,
15,2,0.133,66,always_long,20,2,0.7804,0.2825,0.0,0.5444,,0.0,
15,2,0.133,66,always_long,20,1,0.7804,0.2825,0.0,0.0897,,0.0,
15,2,0.133,100,alternate,10,2,0.7821,0.2797,0.0,0.0255,,0.0,
15,2,0.133,100,alternate,20,2,0.7821,0.2797,0.0,0.5351,,0.0,
15,2,0.133,100,always_short,30,1,0.7838,0.2768,0.0,0.4016,,0.0,
15,2,0.133,100,alternate,30,1,0.7821,0.2797,0.0,0.408,,0.0,
15,2,0.133,100,always_short,20,2,0.7838,0.2768,0.0,0.5268,,0.0,
15,2,0.133,100,always_short,20,1,0.7838,0.2768,0.0,0.0834,,0.0,
15,2,0.133,100,always_short,10,2,0.7838,0.2768,0.0,0.0239,,0.0,
15,2,0.133,100,always_short,10,1,0.7838,0.2768,0.0,0.0,,0.0,
15,2,0.133,100,always_long,50,2,0.7804,0.2825,0.0,0.9416,,0.0,
15,2,0.133,100,always_long,50,1,0.7804,0.2825,0.0,0.6713,,0.0,
15,2,0.133,100,always_long,40,2,0.7804,0.2825,0.0,0.907,,0.0,
15,2,0.133,100,always_long,40,1,0.7804,0.2825,0.0,0.5856,,0.0,
15,2,0.133,100,always_long,30,2,0.7804,0.2825,0.0,0.8216,,0.0,
15,2,0.133,100,always_long,30,1,0.7804,0.2825,0.0,0.415,,0.0,
15,2,0.133,100,always_long,20,2,0.7804,0.2825,0.0,0.5445,,0.0,
15,2,0.133,100,always_long,20,1,0.7804,0.2825,0.0,0.0897,,0.0,
15,2,0.133,100,always_long,10,2,0.7804,0.2825,0.0,0.0272,,0.0,
15,2,0.133,100,always_long,10,1,0.7804,0.2825,0.0,0.0,,0.0,
15,2,0.133,100,alternate,50,2,0.7821,0.2797,0.0,0.9393,,0.0,
15,2,0.133,100,alternate,50,1,0.7821,0.2797,0.0,0.6661,,0.0,
15,2,0.133,100,alternate,40,2,0.7821,0.2797,0.0,0.9046,,0.0,
15,2,0.133,100,alternate,40,1,0.7821,0.2797,0.0,0.5804,,0.0,
15,2,0.133,100,alternate,30,2,0.7821,0.2797,0.0,0.8173,,0.0,
15,3,0.2,30,always_long,10,2,0.7539,0.2541,0.0,0.026,,0.0,
15,3,0.2,30,always_long,20,1,0.7539,0.2541,0.0,0.1115,,0.0,
15,3,0.2,30,always_long,20,2,0.7539,0.2541,0.0,0.5156,,0.0,
15,3,0.2,66,always_short,40,2,0.7568,0.2508,0.0003,0.8476,15.0,0.0,196000.0
15,3,0.2,66,always_short,30,2,0.7568,0.2508,0.0,0.755,,0.0,
15,3,0.2,66,always_short,30,1,0.7568,0.2508,0.0,0.3661,,0.0,
15,3,0.2,66,always_short,20,2,0.7568,0.2508,0.0,0.5024,,0.0,
15,3,0.2,66,always_short,20,1,0.7568,0.2508,0.0,0.1069,,0.0,
15,3,0.2,66,always_short,10,2,0.7568,0.2508,0.0,0.0243,,0.0,
15,3,0.2,66,always_short,10,1,0.7568,0.2508,0.0,0.0,,0.0,
15,3,0.2,66,always_long,50,1,0.7539,0.2543,0.0,0.6736,,0.0,
15,3,0.2,66,always_long,40,2,0.7539,0.2543,0.0003,0.8568,15.0,0.0,196000.0
15,3,0.2,66,always_long,40,1,0.7539,0.2543,0.0,0.576,,0.0,
15,3,0.2,66,always_long,30,2,0.7539,0.2543,0.0,0.7652,,0.0,
15,3,0.2,66,always_long,30,1,0.7539,0.2543,0.0,0.3762,,0.0,
15,3,0.2,66,always_long,20,2,0.7539,0.2543,0.0,0.5161,,0.0,
15,3,0.2,66,always_long,20,1,0.7539,0.2543,0.0,0.1116,,0.0,
15,3,0.2,66,always_long,10,2,0.7539,0.2543,0.0,0.026,,0.0,
15,3,0.2,66,always_long,10,1,0.7539,0.2543,0.0,0.0,,0.0,
15,3,0.2,66,alternate,50,1,0.7553,0.2525,0.0,0.6686,,0.0,
15,3,0.2,66,alternate,40,2,0.7553,0.2525,0.0003,0.8525,15.0,0.0,196000.0
15,3,0.2,66,alternate,40,1,0.7553,0.2525,0.0,0.5714,,0.0,
15,3,0.2,66,alternate,30,2,0.7553,0.2525,0.0,0.7601,,0.0,
15,3,0.2,66,always_short,40,1,0.7568,0.2508,0.0,0.5661,,0.0,
15,3,0.2,66,always_short,50,1,0.7568,0.2508,0.0,0.6641,,0.0,
15,3,0.2,30,always_long,30,1,0.7539,0.2541,0.0,0.376,,0.0,
15,3,0.2,100,alternate,10,1,0.7553,0.2526,0.0,0.0,,0.0,
15,3,0.2,100,always_short,10,2,0.7567,0.2509,0.0,0.0243,,0.0,
15,3,0.2,100,always_short,10,1,0.7567,0.2509,0.0,0.0,,0.0,
15,3,0.2,100,always_long,50,1,0.7539,0.2543,0.0,0.6737,,0.0,
15,3,0.2,100,always_long,40,2,0.7539,0.2543,0.0003,0.8568,15.0,0.0,196000.0
15,3,0.2,100,always_long,40,1,0.7539,0.2543,0.0,0.5761,,0.0,
15,3,0.2,100,always_long,30,2,0.7539,0.2543,0.0,0.7654,,0.0,
15,3,0.2,100,always_long,30,1,0.7539,0.2543,0.0,0.3762,,0.0,
15,3,0.2,100,always_long,20,2,0.7539,0.2543,0.0,0.5161,,0.0,
15,3,0.2,100,always_long,20,1,0.7539,0.2543,0.0,0.1116,,0.0,
15,3,0.2,100,always_long,10,2,0.7539,0.2543,0.0,0.026,,0.0,
15,3,0.2,100,always_long,10,1,0.7539,0.2543,0.0,0.0,,0.0,
15,3,0.2,100,alternate,50,1,0.7553,0.2526,0.0,0.6687,,0.0,
15,3,0.2,100,alternate,40,2,0.7553,0.2526,0.0003,0.8525,15.0,0.0,196000.0
15,3,0.2,100,alternate,40,1,0.7553,0.2526,0.0,0.5715,,0.0,
15,3,0.2,100,alternate,30,2,0.7553,0.2526,0.0,0.7602,,0.0,
15,3,0.2,100,alternate,30,1,0.7553,0.2526,0.0,0.372,,0.0,
15,3,0.2,100,alternate,20,2,0.7553,0.2526,0.0,0.5096,,0.0,
15,3,0.2,100,alternate,20,1,0.7553,0.2526,0.0,0.1091,,0.0,
15,3,0.2,100,alternate,10,2,0.7553,0.2526,0.0,0.0254,,0.0,
15,3,0.2,66,alternate,30,1,0.7553,0.2525,0.0,0.372,,0.0,
15,3,0.2,66,alternate,20,2,0.7553,0.2525,0.0,0.5096,,0.0,
15,3,0.2,66,alternate,20,1,0.7553,0.2525,0.0,0.1091,,0.0,
15,3,0.2,66,alternate,10,2,0.7553,0.2525,0.0,0.0254,,0.0,
15,3,0.2,45,alternate,30,2,0.7553,0.2524,0.0,0.7599,,0.0,
15,3,0.2,45,alternate,30,1,0.7553,0.2524,0.0,0.372,,0.0,
15,3,0.2,45,alternate,20,2,0.7553,0.2524,0.0,0.5096,,0.0,
15,3,0.2,45,alternate,20,1,0.7553,0.2524,0.0,0.1091,,0.0,
15,3,0.2,45,alternate,10,2,0.7553,0.2524,0.0,0.0253,,0.0,
15,3,0.2,45,alternate,10,1,0.7553,0.2524,0.0,0.0,,0.0,
15,3,0.2,30,always_short,50,1,0.7567,0.2506,0.0,0.6641,,0.0,
15,3,0.2,30,always_short,40,2,0.7567,0.2506,0.0003,0.8476,15.0,0.0,196000.0
15,3,0.2,30,always_short,40,1,0.7567,0.2506,0.0,0.5661,,0.0,
15,3,0.2,30,always_short,30,2,0.7567,0.2506,0.0,0.7551,,0.0,
15,3,0.2,30,always_short,30,1,0.7567,0.2506,0.0,0.3665,,0.0,
15,3,0.2,30,always_short,20,2,0.7567,0.2506,0.0,0.5025,,0.0,
15,3,0.2,30,always_short,20,1,0.7567,0.2506,0.0,0.1069,,0.0,
15,3,0.2,30,always_short,10,2,0.7567,0.2506,0.0,0.0243,,0.0,
15,3,0.2,30,always_short,10,1,0.7567,0.2506,0.0,0.0,,0.0,
15,3,0.2,30,always_long,50,1,0.7539,0.2541,0.0,0.6734,,0.0,
15,3,0.2,30,always_long,40,2,0.7539,0.2541,0.0003,0.8566,15.0,0.0,196000.0
15,3,0.2,30,always_long,40,1,0.7539,0.2541,0.0,0.5757,,0.0,
15,3,0.2,30,always_long,30,2,0.7539,0.2541,0.0,0.7652,,0.0,
15,3,0.2,45,alternate,40,1,0.7553,0.2524,0.0,0.5713,,0.0,
15,3,0.2,45,alternate,40,2,0.7553,0.2524,0.0003,0.8522,15.0,0.0,196000.0
15,3,0.2,45,alternate,50,1,0.7553,0.2524,0.0,0.6685,,0.0,
15,3,0.2,45,always_short,10,2,0.7567,0.2507,0.0,0.0243,,0.0,
15,3,0.2,66,alternate,10,1,0.7553,0.2525,0.0,0.0,,0.0,
15,3,0.2,45,always_short,50,1,0.7567,0.2507,0.0,0.6641,,0.0,
15,3,0.2,45,always_short,40,2,0.7567,0.2507,0.0003,0.8476,15.0,0.0,196000.0
15,3,0.2,45,always_short,40,1,0.7567,0.2507,0.0,0.5661,,0.0,
15,3,0.2,45,always_short,30,2,0.7567,0.2507,0.0,0.755,,0.0,
15,3,0.2,45,always_short,30,1,0.7567,0.2507,0.0,0.3665,,0.0,
15,3,0.2,45,always_short,20,2,0.7567,0.2507,0.0,0.5025,,0.0,
15,3,0.2,45,always_short,20,1,0.7567,0.2507,0.0,0.1069,,0.0,
15,3,0.2,45,always_short,10,1,0.7567,0.2507,0.0,0.0,,0.0,
15,3,0.2,45,always_long,10,1,0.7539,0.2541,0.0,0.0,,0.0,
15,3,0.2,45,always_long,50,1,0.7539,0.2541,0.0,0.6734,,0.0,
15,3,0.2,45,always_long,40,2,0.7539,0.2541,0.0003,0.8566,15.0,0.0,196000.0
15,3,0.2,45,always_long,40,1,0.7539,0.2541,0.0,0.5756,,0.0,
15,3,0.2,45,always_long,30,2,0.7539,0.2541,0.0,0.7652,,0.0,
15,3,0.2,45,always_long,30,1,0.7539,0.2541,0.0,0.3759,,0.0,
15,3,0.2,45,always_long,20,2,0.7539,0.2541,0.0,0.5155,,0.0,
15,3,0.2,45,always_long,20,1,0.7539,0.2541,0.0,0.1115,,0.0,
15,3,0.2,45,always_long,10,2,0.7539,0.2541,0.0,0.026,,0.0,
15,2,0.133,66,always_long,10,2,0.7804,0.2825,0.0,0.0272,,0.0,
15,2,0.133,66,alternate,50,2,0.7822,0.2796,0.0,0.9393,,0.0,
10,4,0.4,100,always_long,20,2,0.646,0.3473,0.0,0.3499,,0.0,
10,5,0.5,66,alternate,10,1,0.6183,0.3125,0.0,0.0,,0.0,
10,5,0.5,45,always_short,20,2,0.6183,0.3116,0.0,0.3274,,0.0,
10,5,0.5,45,always_short,20,1,0.6183,0.3116,0.0,0.0455,,0.0,
10,5,0.5,45,always_short,10,2,0.6183,0.3116,0.0,0.0065,,0.0,
10,5,0.5,45,always_short,10,1,0.6183,0.3116,0.0,0.0,,0.0,
10,5,0.5,45,always_long,30,1,0.6183,0.3132,0.0,0.2676,,0.0,
10,5,0.5,45,always_long,20,2,0.6183,0.3132,0.0,0.3274,,0.0,
10,5,0.5,45,always_long,20,1,0.6183,0.3132,0.0,0.0455,,0.0,
10,5,0.5,45,always_long,10,2,0.6183,0.3132,0.0,0.0065,,0.0,
10,5,0.5,45,always_long,10,1,0.6183,0.3132,0.0,0.0,,0.0,
10,5,0.5,45,alternate,30,1,0.6183,0.3124,0.0,0.2676,,0.0,
10,5,0.5,45,alternate,20,2,0.6183,0.3124,0.0,0.3274,,0.0,
10,5,0.5,45,alternate,20,1,0.6183,0.3124,0.0,0.0455,,0.0,
10,5,0.5,45,alternate,10,2,0.6183,0.3124,0.0,0.0065,,0.0,
10,5,0.5,45,alternate,10,1,0.6183,0.3124,0.0,0.0,,0.0,
10,5,0.5,30,always_short,30,1,0.6183,0.3115,0.0,0.2676,,0.0,
10,5,0.5,30,always_short,20,2,0.6183,0.3115,0.0,0.3274,,0.0,
10,5,0.5,30,always_short,20,1,0.6183,0.3115,0.0,0.0455,,0.0,
10,5,0.5,30,always_short,10,2,0.6183,0.3115,0.0,0.0065,,0.0,
10,5,0.5,30,always_short,10,1,0.6183,0.3115,0.0,0.0,,0.0,
10,5,0.5,45,always_short,30,1,0.6183,0.3116,0.0,0.2676,,0.0,
10,5,0.5,66,alternate,10,2,0.6183,0.3125,0.0,0.0065,,0.0,
10,5,0.5,30,always_long,20,2,0.6183,0.3131,0.0,0.3274,,0.0,
10,5,0.5,66,alternate,20,1,0.6183,0.3125,0.0,0.0455,,0.0,
10,5,0.5,100,always_long,10,2,0.6181,0.3134,0.0,0.0065,,0.0,
10,5,0.5,100,always_long,10,1,0.6181,0.3134,0.0,0.0,,0.0,
10,5,0.5,100,alternate,30,1,0.6182,0.3127,0.0,0.2681,,0.0,
10,5,0.5,100,alternate,20,2,0.6182,0.3127,0.0,0.3277,,0.0,
10,5,0.5,100,alternate,20,1,0.6182,0.3127,0.0,0.0455,,0.0,
10,5,0.5,100,alternate,10,2,0.6182,0.3127,0.0,0.0065,,0.0,
10,5,0.5,100,alternate,10,1,0.6182,0.3127,0.0,0.0,,0.0,
10,5,0.5,66,always_short,30,1,0.6183,0.3118,0.0,0.2672,,0.0,
10,5,0.5,66,always_short,20,2,0.6183,0.3118,0.0,0.3267,,0.0,
10,5,0.5,66,always_short,20,1,0.6183,0.3118,0.0,0.0455,,0.0,
10,5,0.5,66,always_short,10,2,0.6183,0.3118,0.0,0.0065,,0.0,
10,5,0.5,66,always_short,10,1,0.6183,0.3118,0.0,0.0,,0.0,
10,5,0.5,66,always_long,30,1,0.6182,0.3133,0.0,0.2681,,0.0,
10,5,0.5,66,always_long,20,2,0.6182,0.3133,0.0,0.3277,,0.0,
10,5,0.5,66,always_long,20,1,0.6182,0.3133,0.0,0.0455,,0.0,
10,5,0.5,66,always_long,10,2,0.6182,0.3133,0.0,0.0065,,0.0,
10,5,0.5,66,always_long,10,1,0.6182,0.3133,0.0,0.0,,0.0,
10,5,0.5,66,alternate,30,1,0.6183,0.3125,0.0,0.2676,,0.0,
10,5,0.5,66,alternate,20,2,0.6183,0.3125,0.0,0.3274,,0.0,
10,5,0.5,30,always_long,30,1,0.6183,0.3131,0.0,0.2674,,0.0,
10,5,0.5,30,always_long,20,1,0.6183,0.3131,0.0,0.0455,,0.0,
15,2,0.133,66,alternate,50,1,0.7822,0.2796,0.0,0.666,,0.0,
10,4,0.4,130,always_long,10,1,0.646,0.3475,0.0,0.0,,0.0,
10,4,0.4,130,alternate,40,1,0.6455,0.3462,0.0,0.4863,,0.0,
10,4,0.4,130,alternate,30,2,0.6455,0.3462,0.0,0.6956,,0.0,
10,4,0.4,130,alternate,30,1,0.6455,0.3462,0.0,0.2715,,0.0,
10,4,0.4,130,alternate,20,2,0.6455,0.3462,0.0,0.3531,,0.0,
10,4,0.4,130,alternate,20,1,0.6455,0.3462,0.0,0.0476,,0.0,
10,4,0.4,130,alternate,10,2,0.6455,0.3462,0.0,0.0067,,0.0,
10,4,0.4,130,alternate,10,1,0.6455,0.3462,0.0,0.0,,0.0,
10,4,0.4,100,always_short,50,1,0.6449,0.3447,0.0,0.6322,,0.0,
10,4,0.4,100,always_short,40,1,0.6449,0.3447,0.0,0.4875,,0.0,
10,4,0.4,100,always_short,30,2,0.6449,0.3447,0.0,0.6979,,0.0,
10,4,0.4,100,always_short,30,1,0.6449,0.3447,0.0,0.2731,,0.0,
10,4,0.4,100,always_short,20,2,0.6449,0.3447,0.0,0.3548,,0.0,
10,4,0.4,100,always_short,20,1,0.6449,0.3447,0.0,0.0478,,0.0,
10,4,0.4,100,always_short,10,2,0.6449,0.3447,0.0,0.0067,,0.0,
10,4,0.4,100,always_short,10,1,0.6449,0.3447,0.0,0.0,,0.0,
10,4,0.4,100,always_long,50,1,0.646,0.3473,0.0,0.6295,,0.0,
10,4,0.4,100,always_long,40,1,0.646,0.3473,0.0,0.485,,0.0,
10,4,0.4,100,always_long,30,2,0.646,0.3473,0.0,0.6941,,0.0,
10,4,0.4,100,always_long,30,1,0.646,0.3473,0.0,0.2691,,0.0,
10,4,0.4,130,alternate,50,1,0.6455,0.3462,0.0,0.6305,,0.0,
10,4,0.4,130,always_long,10,2,0.646,0.3475,0.0,0.0065,,0.0,
10,5,0.5,30,always_long,10,2,0.6183,0.3131,0.0,0.0065,,0.0,
10,4,0.4,130,always_long,20,1,0.646,0.3475,0.0,0.0473,,0.0,
10,5,0.5,30,always_long,10,1,0.6183,0.3131,0.0,0.0,,0.0,
10,5,0.5,30,alternate,30,1,0.6183,0.3123,0.0,0.2676,,0.0,
10,5,0.5,30,alternate,20,2,0.6183,0.3123,0.0,0.3274,,0.0,
10,5,0.5,30,alternate,20,1,0.6183,0.3123,0.0,0.0455,,0.0,
10,5,0.5,30,alternate,10,2,0.6183,0.3123,0.0,0.0065,,0.0,
10,5,0.5,30,alternate,10,1,0.6183,0.3123,0.0,0.0,,0.0,
10,4,0.4,130,always_short,50,1,0.645,0.3449,0.0,0.6318,,0.0,
10,4,0.4,130,always_short,40,1,0.645,0.3449,0.0,0.4875,,0.0,
10,4,0.4,130,always_short,30,2,0.645,0.3449,0.0,0.6976,,0.0,
10,4,0.4,130,always_short,30,1,0.645,0.3449,0.0,0.2729,,0.0,
10,4,0.4,130,always_short,20,2,0.645,0.3449,0.0,0.3546,,0.0,
10,4,0.4,130,always_short,20,1,0.645,0.3449,0.0,0.0476,,0.0,
10,4,0.4,130,always_short,10,2,0.645,0.3449,0.0,0.0067,,0.0,
10,4,0.4,130,always_short,10,1,0.645,0.3449,0.0,0.0,,0.0,
10,4,0.4,130,always_long,50,1,0.646,0.3475,0.0,0.6295,,0.0,
10,4,0.4,130,always_long,40,1,0.646,0.3475,0.0,0.4851,,0.0,
10,4,0.4,130,always_long,30,2,0.646,0.3475,0.0,0.6943,,0.0,
10,4,0.4,130,always_long,30,1,0.646,0.3475,0.0,0.2691,,0.0,
10,4,0.4,130,always_long,20,2,0.646,0.3475,0.0,0.3499,,0.0,
10,5,0.5,100,always_long,20,1,0.6181,0.3134,0.0,0.0455,,0.0,
10,5,0.5,100,always_long,20,2,0.6181,0.3134,0.0,0.328,,0.0,
10,5,0.5,100,always_long,30,1,0.6181,0.3134,0.0,0.2682,,0.0,
15,2,0.133,45,always_long,40,1,0.7805,0.2824,0.0,0.5851,,0.0,
15,2,0.133,45,always_long,30,1,0.7805,0.2824,0.0,0.4141,,0.0,
15,2,0.133,45,always_long,20,2,0.7805,0.2824,0.0,0.5441,,0.0,
15,2,0.133,45,always_long,20,1,0.7805,0.2824,0.0,0.0896,,0.0,
15,2,0.133,45,always_long,10,2,0.7805,0.2824,0.0,0.0272,,0.0,
15,2,0.133,45,always_long,10,1,0.7805,0.2824,0.0,0.0,,0.0,
15,2,0.133,45,alternate,50,2,0.7822,0.2795,0.0,0.9393,,0.0,
15,2,0.133,45,alternate,50,1,0.7822,0.2795,0.0,0.6659,,0.0,
15,2,0.133,45,alternate,40,2,0.7822,0.2795,0.0,0.9045,,0.0,
15,2,0.133,45,alternate,40,1,0.7822,0.2795,0.0,0.5801,,0.0,
15,2,0.133,45,alternate,30,2,0.7822,0.2795,0.0,0.8167,,0.0,
15,2,0.133,45,alternate,30,1,0.7822,0.2795,0.0,0.408,,0.0,
15,2,0.133,45,alternate,20,2,0.7822,0.2795,0.0,0.5346,,0.0,
15,2,0.133,45,alternate,20,1,0.7822,0.2795,0.0,0.0851,,0.0,
15,2,0.133,45,alternate,10,2,0.7822,0.2795,0.0,0.0255,,0.0,
15,2,0.133,45,alternate,10,1,0.7822,0.2795,0.0,0.0,,0.0,
15,2,0.133,30,always_short,50,2,0.7839,0.2766,0.0,0.9363,,0.0,
15,2,0.133,30,always_short,50,1,0.7839,0.2766,0.0,0.6595,,0.0,
15,2,0.133,30,always_short,40,2,0.7839,0.2766,0.0,0.901,,0.0,
15,2,0.133,30,always_short,40,1,0.7839,0.2766,0.0,0.5729,,0.0,
15,2,0.133,45,always_long,30,2,0.7805,0.2824,0.0,0.8216,,0.0,
15,2,0.133,45,always_long,40,2,0.7805,0.2824,0.0,0.907,,0.0,
10,5,0.5,100,always_short,10,1,0.6183,0.3119,0.0,0.0,,0.0,
15,2,0.133,45,always_long,50,1,0.7805,0.2824,0.0,0.6711,,0.0,
15,2,0.133,66,alternate,40,2,0.7822,0.2796,0.0,0.9045,,0.0,
15,2,0.133,66,alternate,40,1,0.7822,0.2796,0.0,0.5803,,0.0,
15,2,0.133,66,alternate,30,2,0.7822,0.2796,0.0,0.8169,,0.0,
15,2,0.133,66,alternate,30,1,0.7822,0.2796,0.0,0.408,,0.0,
15,2,0.133,66,alternate,20,2,0.7822,0.2796,0.0,0.5347,,0.0,
15,2,0.133,66,alternate,20,1,0.7822,0.2796,0.0,0.0851,,0.0,
15,2,0.133,66,alternate,10,2,0.7822,0.2796,0.0,0.0255,,0.0,
15,2,0.133,66,alternate,10,1,0.7822,0.2796,0.0,0.0,,0.0,
15,2,0.133,45,always_short,50,2,0.7839,0.2767,0.0,0.9363,,0.0,
15,2,0.133,45,always_short,50,1,0.7839,0.2767,0.0,0.6595,,0.0,
15,2,0.133,45,always_short,40,2,0.7839,0.2767,0.0,0.901,,0.0,
15,2,0.133,45,always_short,40,1,0.7839,0.2767,0.0,0.5729,,0.0,
15,2,0.133,45,always_short,30,2,0.7839,0.2767,0.0,0.8109,,0.0,
15,2,0.133,45,always_short,30,1,0.7839,0.2767,0.0,0.4012,,0.0,
15,2,0.133,45,always_short,20,2,0.7839,0.2767,0.0,0.5252,,0.0,
15,2,0.133,45,always_short,20,1,0.7839,0.2767,0.0,0.0829,,0.0,
15,2,0.133,45,always_short,10,2,0.7839,0.2767,0.0,0.0238,,0.0,
15,2,0.133,45,always_short,10,1,0.7839,0.2767,0.0,0.0,,0.0,
15,2,0.133,45,always_long,50,2,0.7805,0.2824,0.0,0.9415,,0.0,
15,2,0.133,30,always_short,30,2,0.7839,0.2766,0.0,0.8109,,0.0,
15,2,0.133,30,always_short,30,1,0.7839,0.2766,0.0,0.4012,,0.0,
15,2,0.133,30,always_short,20,2,0.7839,0.2766,0.0,0.5256,,0.0,
15,2,0.133,30,always_short,20,1,0.7839,0.2766,0.0,0.0831,,0.0,
10,5,0.5,130,always_short,30,1,0.6183,0.3122,0.0,0.2674,,0.0,
10,5,0.5,130,always_short,20,2,0.6183,0.3122,0.0,0.327,,0.0,
10,5,0.5,130,always_short,20,1,0.6183,0.3122,0.0,0.0455,,0.0,
10,5,0.5,130,always_short,10,2,0.6183,0.3122,0.0,0.0065,,0.0,
10,5,0.5,130,always_short,10,1,0.6183,0.3122,0.0,0.0,,0.0,
10,5,0.5,130,always_long,30,1,0.6181,0.3136,0.0,0.2682,,0.0,
10,5,0.5,130,always_long,20,2,0.6181,0.3136,0.0,0.3282,,0.0,
10,5,0.5,130,always_long,20,1,0.6181,0.3136,0.0,0.0455,,0.0,
10,5,0.5,130,always_long,10,2,0.6181,0.3136,0.0,0.0065,,0.0,
10,5,0.5,130,always_long,10,1,0.6181,0.3136,0.0,0.0,,0.0,
10,5,0.5,130,alternate,30,1,0.6182,0.3129,0.0,0.2677,,0.0,
10,5,0.5,130,alternate,20,2,0.6182,0.3129,0.0,0.3275,,0.0,
10,5,0.5,130,alternate,20,1,0.6182,0.3129,0.0,0.0455,,0.0,
10,5,0.5,130,alternate,10,2,0.6182,0.3129,0.0,0.0065,,0.0,
10,5,0.5,130,alternate,10,1,0.6182,0.3129,0.0,0.0,,0.0,
10,5,0.5,100,always_short,30,1,0.6183,0.3119,0.0,0.2676,,0.0,
10,5,0.5,100,always_short,20,2,0.6183,0.3119,0.0,0.3274,,0.0,
10,5,0.5,100,always_short,20,1,0.6183,0.3119,0.0,0.0455,,0.0,
10,5,0.5,100,always_short,10,2,0.6183,0.3119,0.0,0.0065,,0.0,
15,2,0.133,30,alternate,10,1,0.7822,0.2794,0.0,0.0,,0.0,
15,2,0.133,30,alternate,10,2,0.7822,0.2794,0.0,0.0255,,0.0,
15,2,0.133,30,alternate,20,1,0.7822,0.2794,0.0,0.085,,0.0,
15,2,0.133,30,always_long,20,2,0.7805,0.2823,0.0,0.5437,,0.0,
15,2,0.133,30,always_short,10,2,0.7839,0.2766,0.0,0.0239,,0.0,
15,2,0.133,30,always_short,10,1,0.7839,0.2766,0.0,0.0,,0.0,
15,2,0.133,30,always_long,50,2,0.7805,0.2823,0.0,0.9415,,0.0,
15,2,0.133,30,always_long,50,1,0.7805,0.2823,0.0,0.6711,,0.0,
15,2,0.133,30,always_long,40,2,0.7805,0.2823,0.0,0.9069,,0.0,
15,2,0.133,30,always_long,40,1,0.7805,0.2823,0.0,0.5851,,0.0,
15,2,0.133,30,always_long,30,2,0.7805,0.2823,0.0,0.8215,,0.0,
15,2,0.133,30,always_long,30,1,0.7805,0.2823,0.0,0.4138,,0.0,
15,2,0.133,30,always_long,20,1,0.7805,0.2823,0.0,0.0895,,0.0,
15,2,0.133,30,alternate,20,2,0.7822,0.2794,0.0,0.5345,,0.0,
15,2,0.133,30,always_long,10,2,0.7805,0.2823,0.0,0.0272,,0.0,
15,2,0.133,30,always_long,10,1,0.7805,0.2823,0.0,0.0,,0.0,
15,2,0.133,30,alternate,50,2,0.7822,0.2794,0.0,0.9393,,0.0,
15,2,0.133,30,alternate,50,1,0.7822,0.2794,0.0,0.6659,,0.0,
15,2,0.133,30,alternate,40,2,0.7822,0.2794,0.0,0.9044,,0.0,
15,2,0.133,30,alternate,40,1,0.7822,0.2794,0.0,0.5801,,0.0,
15,2,0.133,30,alternate,30,2,0.7822,0.2794,0.0,0.8166,,0.0,
15,2,0.133,30,alternate,30,1,0.7822,0.2794,0.0,0.408,,0.0,
20,6,0.3,66,alternate,10,2,0.7388,0.127,0.0,0.0783,,0.0,
20,6,0.3,66,alternate,30,1,0.7388,0.127,0.0,0.4869,,0.0,
40,3,0.075,66,alternate,30,1,0.9138,0.0455,0.0,0.1688,,0.0,
30,4,0.133,45,always_short,10,2,0.8612,0.075,0.0,0.0754,,0.0,
30,4,0.133,45,always_long,50,1,0.8575,0.0792,0.0,0.3024,,0.0,
30,4,0.133,45,always_long,40,1,0.8575,0.0792,0.0,0.3285,,0.0,
30,4,0.133,45,always_long,30,1,0.8575,0.0792,0.0,0.3586,,0.0,
30,4,0.133,45,always_long,20,2,0.8575,0.0792,0.0,0.4769,,0.0,
30,4,0.133,45,always_long,20,1,0.8575,0.0792,0.0,0.2271,,0.0,
30,4,0.133,45,always_long,10,2,0.8575,0.0792,0.0,0.0874,,0.0,
30,4,0.133,45,always_long,10,1,0.8575,0.0792,0.0,0.0119,,0.0,
30,4,0.133,45,alternate,50,1,0.8594,0.0771,0.0,0.2964,,0.0,
30,4,0.133,45,alternate,40,1,0.8594,0.0771,0.0,0.3222,,0.0,
30,4,0.133,45,alternate,30,1,0.8594,0.0771,0.0,0.3523,,0.0,
30,4,0.133,45,alternate,20,2,0.8594,0.0771,0.0,0.4661,,0.0,
30,4,0.133,45,alternate,20,1,0.8594,0.0771,0.0,0.2215,,0.0,
30,4,0.133,45,alternate,10,2,0.8594,0.0771,0.0,0.0819,,0.0,
30,4,0.133,45,alternate,10,1,0.8594,0.0771,0.0,0.0109,,0.0,
30,4,0.133,30,always_short,50,1,0.8607,0.075,0.0,0.2905,,0.0,
30,4,0.133,30,always_short,40,1,0.8607,0.075,0.0,0.3157,,0.0,
30,4,0.133,30,always_short,30,1,0.8607,0.075,0.0,0.3463,,0.0,
30,4,0.133,30,always_short,20,2,0.8607,0.075,0.0,0.4599,,0.0,
30,4,0.133,30,always_short,20,1,0.8607,0.075,0.0,0.2154,,0.0,
30,4,0.133,45,always_short,10,1,0.8612,0.075,0.0,0.01,,0.0,
30,4,0.133,45,always_short,20,1,0.8612,0.075,0.0,0.2125,,0.0,
30,4,0.133,30,always_short,10,1,0.8607,0.075,0.0,0.0101,,0.0,
30,4,0.133,45,always_short,20,2,0.8612,0.075,0.0,0.456,,0.0,
30,4,0.133,66,always_short,10,2,0.8613,0.075,0.0,0.075,,0.0,
30,4,0.133,66,always_short,10,1,0.8613,0.075,0.0,0.01,,0.0,
30,4,0.133,66,always_long,50,1,0.8575,0.0792,0.0,0.3024,,0.0,
30,4,0.133,66,always_long,40,1,0.8575,0.0792,0.0,0.3285,,0.0,
30,4,0.133,66,always_long,30,1,0.8575,0.0792,0.0,0.3586,,0.0,
30,4,0.133,66,always_long,20,2,0.8575,0.0792,0.0,0.477,,0.0,
30,4,0.133,66,always_long,20,1,0.8575,0.0792,0.0,0.2271,,0.0,
30,4,0.133,66,always_long,10,2,0.8575,0.0792,0.0,0.0875,,0.0,
30,4,0.133,66,always_long,10,1,0.8575,0.0792,0.0,0.0119,,0.0,
30,4,0.133,66,alternate,50,1,0.8594,0.0771,0.0,0.2964,,0.0,
30,4,0.133,66,alternate,40,1,0.8594,0.0771,0.0,0.3222,,0.0,
30,4,0.133,66,alternate,30,1,0.8594,0.0771,0.0,0.3523,,0.0,
30,4,0.133,66,alternate,20,2,0.8594,0.0771,0.0,0.4661,,0.0,
30,4,0.133,66,alternate,20,1,0.8594,0.0771,0.0,0.2215,,0.0,
30,4,0.133,66,alternate,10,2,0.8594,0.0771,0.0,0.0819,,0.0,
30,4,0.133,66,alternate,10,1,0.8594,0.0771,0.0,0.0109,,0.0,
30,4,0.133,45,always_short,50,1,0.8612,0.075,0.0,0.2885,,0.0,
30,4,0.133,45,always_short,40,1,0.8612,0.075,0.0,0.3136,,0.0,
30,4,0.133,45,always_short,30,1,0.8612,0.075,0.0,0.344,,0.0,
30,4,0.133,30,always_short,10,2,0.8607,0.075,0.0,0.0771,,0.0,
30,4,0.133,30,always_long,50,1,0.8574,0.0792,0.0,0.3029,,0.0,
30,4,0.133,66,always_short,20,2,0.8613,0.075,0.0,0.4559,,0.0,
30,3,0.1,130,always_long,40,1,0.8775,0.0872,0.0,0.2925,,0.0,
30,3,0.1,130,always_long,30,1,0.8775,0.0872,0.0,0.3175,,0.0,
30,3,0.1,130,always_long,20,2,0.8775,0.0872,0.0,0.4629,,0.0,
30,3,0.1,130,always_long,20,1,0.8775,0.0872,0.0,0.1985,,0.0,
30,3,0.1,130,always_long,10,2,0.8775,0.0872,0.0,0.0762,,0.0,
30,3,0.1,130,always_long,10,1,0.8775,0.0872,0.0,0.0055,,0.0,
30,3,0.1,130,alternate,50,1,0.8796,0.0848,0.0,0.2605,,0.0,
30,3,0.1,130,alternate,40,1,0.8796,0.0848,0.0,0.2858,,0.0,
30,3,0.1,130,alternate,30,2,0.8796,0.0848,0.0,0.6362,,0.0,
30,3,0.1,130,alternate,30,1,0.8796,0.0848,0.0,0.3093,,0.0,
30,3,0.1,130,alternate,20,2,0.8796,0.0848,0.0,0.449,,0.0,
30,3,0.1,130,alternate,20,1,0.8796,0.0848,0.0,0.1935,,0.0,
30,3,0.1,130,alternate,10,2,0.8796,0.0848,0.0,0.0711,,0.0,
30,3,0.1,130,alternate,10,1,0.8796,0.0848,0.0,0.0051,,0.0,
30,3,0.1,100,always_short,50,1,0.8816,0.0823,0.0,0.253,,0.0,
30,3,0.1,100,always_short,40,1,0.8816,0.0823,0.0,0.2779,,0.0,
30,3,0.1,100,always_short,30,2,0.8816,0.0823,0.0,0.6264,,0.0,
30,3,0.1,100,always_short,30,1,0.8816,0.0823,0.0,0.3006,,0.0,
30,3,0.1,100,always_short,20,2,0.8816,0.0823,0.0,0.437,,0.0,
30,3,0.1,100,always_short,20,1,0.8816,0.0823,0.0,0.1879,,0.0,
30,3,0.1,130,always_long,30,2,0.8775,0.0872,0.0,0.6484,,0.0,
30,3,0.1,130,always_long,50,1,0.8775,0.0872,0.0,0.2664,,0.0,
30,4,0.133,30,always_long,40,1,0.8574,0.0792,0.0,0.3289,,0.0,
30,3,0.1,130,always_short,10,1,0.8816,0.0824,0.0,0.0046,,0.0,
30,4,0.133,30,always_long,30,1,0.8574,0.0792,0.0,0.3589,,0.0,
30,4,0.133,30,always_long,20,2,0.8574,0.0792,0.0,0.4773,,0.0,
30,4,0.133,30,always_long,20,1,0.8574,0.0792,0.0,0.2276,,0.0,
30,4,0.133,30,always_long,10,2,0.8574,0.0792,0.0,0.0882,,0.0,
30,4,0.133,30,always_long,10,1,0.8574,0.0792,0.0,0.0119,,0.0,
30,4,0.133,30,alternate,50,1,0.859,0.0771,0.0,0.297,,0.0,
30,4,0.133,30,alternate,40,1,0.859,0.0771,0.0,0.3227,,0.0,
30,4,0.133,30,alternate,30,1,0.859,0.0771,0.0,0.3531,,0.0,
30,4,0.133,30,alternate,20,2,0.859,0.0771,0.0,0.4676,,0.0,
30,4,0.133,30,alternate,20,1,0.859,0.0771,0.0,0.222,,0.0,
30,4,0.133,30,alternate,10,2,0.859,0.0771,0.0,0.0831,,0.0,
30,4,0.133,30,alternate,10,1,0.859,0.0771,0.0,0.0111,,0.0,
30,3,0.1,130,always_short,50,1,0.8816,0.0824,0.0,0.253,,0.0,
30,3,0.1,130,always_short,40,1,0.8816,0.0824,0.0,0.2779,,0.0,
30,3,0.1,130,always_short,30,2,0.8816,0.0824,0.0,0.6264,,0.0,
30,3,0.1,130,always_short,30,1,0.8816,0.0824,0.0,0.3006,,0.0,
30,3,0.1,130,always_short,20,2,0.8816,0.0824,0.0,0.437,,0.0,
30,3,0.1,130,always_short,20,1,0.8816,0.0824,0.0,0.1879,,0.0,
30,3,0.1,130,always_short,10,2,0.8816,0.0824,0.0,0.0665,,0.0,
30,4,0.133,66,always_short,20,1,0.8613,0.075,0.0,0.2124,,0.0,
30,4,0.133,66,always_short,30,1,0.8613,0.075,0.0,0.344,,0.0,
30,5,0.167,100,always_short,20,1,0.8408,0.0686,0.0,0.2569,,0.0,
30,5,0.167,45,always_short,30,1,0.8407,0.0686,0.0,0.3882,,0.0,
30,5,0.167,45,always_short,10,2,0.8407,0.0686,0.0,0.0991,,0.0,
30,5,0.167,45,always_short,10,1,0.8407,0.0686,0.0,0.0129,,0.0,
30,5,0.167,45,always_long,30,1,0.8351,0.0708,0.0,0.4111,,0.0,
30,5,0.167,45,always_long,20,1,0.8351,0.0708,0.0,0.2774,,0.0,
30,5,0.167,45,always_long,10,2,0.8351,0.0708,0.0,0.1141,,0.0,
30,5,0.167,45,always_long,10,1,0.8351,0.0708,0.0,0.0156,,0.0,
30,5,0.167,45,alternate,30,1,0.8379,0.0697,0.0,0.3995,,0.0,
30,5,0.167,45,alternate,20,1,0.8379,0.0697,0.0,0.268,,0.0,
30,5,0.167,45,alternate,10,2,0.8379,0.0697,0.0,0.1066,,0.0,
30,5,0.167,45,alternate,10,1,0.8379,0.0697,0.0,0.0144,,0.0,
30,5,0.167,30,always_short,30,1,0.8398,0.0686,0.0,0.391,,0.0,
30,5,0.167,30,always_short,20,1,0.8398,0.0686,0.0,0.2599,,0.0,
30,5,0.167,30,always_short,10,2,0.8398,0.0686,0.0,0.1015,,0.0,
30,5,0.167,30,always_short,10,1,0.8398,0.0686,0.0,0.0136,,0.0,
30,5,0.167,30,always_long,30,1,0.8348,0.0708,0.0,0.4126,,0.0,
30,5,0.167,30,always_long,20,1,0.8348,0.0708,0.0,0.279,,0.0,
30,5,0.167,30,always_long,10,2,0.8348,0.0708,0.0,0.1151,,0.0,
30,5,0.167,30,always_long,10,1,0.8348,0.0708,0.0,0.0156,,0.0,
30,5,0.167,30,alternate,30,1,0.8373,0.0697,0.0,0.4021,,0.0,
30,5,0.167,45,always_short,20,1,0.8407,0.0686,0.0,0.2569,,0.0,
30,5,0.167,66,alternate,10,1,0.8379,0.0697,0.0,0.0144,,0.0,
30,5,0.167,30,alternate,10,2,0.8373,0.0697,0.0,0.1081,,0.0,
30,5,0.167,66,alternate,10,2,0.8379,0.0697,0.0,0.1066,,0.0,
30,5,0.167,100,always_short,10,1,0.8408,0.0686,0.0,0.0129,,0.0,
30,5,0.167,100,always_long,30,1,0.8351,0.0708,0.0,0.4111,,0.0,
30,5,0.167,100,always_long,20,1,0.8351,0.0708,0.0,0.2774,,0.0,
30,5,0.167,100,always_long,10,2,0.8351,0.0708,0.0,0.1141,,0.0,
30,5,0.167,100,always_long,10,1,0.8351,0.0708,0.0,0.0156,,0.0,
30,5,0.167,100,alternate,30,1,0.8379,0.0697,0.0,0.3995,,0.0,
30,5,0.167,100,alternate,20,1,0.8379,0.0697,0.0,0.268,,0.0,
30,5,0.167,100,alternate,10,2,0.8379,0.0697,0.0,0.1066,,0.0,
30,5,0.167,100,alternate,10,1,0.8379,0.0697,0.0,0.0144,,0.0,
30,5,0.167,66,always_short,30,1,0.8408,0.0687,0.0,0.3881,,0.0,
30,5,0.167,66,always_short,20,1,0.8408,0.0687,0.0,0.2569,,0.0,
30,5,0.167,66,always_short,10,2,0.8408,0.0687,0.0,0.0991,,0.0,
30,5,0.167,66,always_short,10,1,0.8408,0.0687,0.0,0.0129,,0.0,
30,5,0.167,66,always_long,30,1,0.8351,0.0708,0.0,0.4111,,0.0,
30,5,0.167,66,always_long,20,1,0.8351,0.0708,0.0,0.2774,,0.0,
30,5,0.167,66,always_long,10,2,0.8351,0.0708,0.0,0.1141,,0.0,
30,5,0.167,66,always_long,10,1,0.8351,0.0708,0.0,0.0156,,0.0,
30,5,0.167,66,alternate,30,1,0.8379,0.0697,0.0,0.3995,,0.0,
30,5,0.167,66,alternate,20,1,0.8379,0.0697,0.0,0.268,,0.0,
30,5,0.167,30,alternate,20,1,0.8373,0.0697,0.0,0.2697,,0.0,
10,2,0.2,30,alternate,10,2,0.7006,0.4201,0.0,0.0057,,0.0,
30,4,0.133,66,always_short,40,1,0.8613,0.075,0.0,0.3136,,0.0,
30,4,0.133,100,always_short,40,1,0.8613,0.075,0.0,0.3135,,0.0,
30,4,0.133,100,always_short,20,2,0.8613,0.075,0.0,0.4556,,0.0,
30,4,0.133,100,always_short,20,1,0.8613,0.075,0.0,0.2124,,0.0,
30,4,0.133,100,always_short,10,2,0.8613,0.075,0.0,0.0749,,0.0,
30,4,0.133,100,always_short,10,1,0.8613,0.075,0.0,0.0099,,0.0,
30,4,0.133,100,always_long,50,1,0.8575,0.0793,0.0,0.3026,,0.0,
30,4,0.133,100,always_long,40,1,0.8575,0.0793,0.0,0.3286,,0.0,
30,4,0.133,100,always_long,30,1,0.8575,0.0793,0.0,0.3588,,0.0,
30,4,0.133,100,always_long,20,2,0.8575,0.0793,0.0,0.4771,,0.0,
30,4,0.133,100,always_long,20,1,0.8575,0.0793,0.0,0.2274,,0.0,
30,4,0.133,100,always_long,10,2,0.8575,0.0793,0.0,0.0877,,0.0,
30,4,0.133,100,always_long,10,1,0.8575,0.0793,0.0,0.0119,,0.0,
30,4,0.133,100,alternate,50,1,0.8594,0.0771,0.0,0.2964,,0.0,
30,4,0.133,100,alternate,40,1,0.8594,0.0771,0.0,0.3222,,0.0,
30,4,0.133,100,alternate,30,1,0.8594,0.0771,0.0,0.3523,,0.0,
30,4,0.133,100,alternate,20,2,0.8594,0.0771,0.0,0.4661,,0.0,
30,4,0.133,100,alternate,20,1,0.8594,0.0771,0.0,0.2215,,0.0,
30,4,0.133,100,alternate,10,2,0.8594,0.0771,0.0,0.0819,,0.0,
30,4,0.133,100,alternate,10,1,0.8594,0.0771,0.0,0.0109,,0.0,
30,4,0.133,66,always_short,50,1,0.8613,0.075,0.0,0.2885,,0.0,
30,4,0.133,100,always_short,30,1,0.8613,0.075,0.0,0.3439,,0.0,
30,4,0.133,100,always_short,50,1,0.8613,0.075,0.0,0.2884,,0.0,
30,4,0.133,130,always_short,50,1,0.8614,0.0751,0.0,0.2883,,0.0,
30,4,0.133,130,alternate,10,1,0.8594,0.0772,0.0,0.0109,,0.0,
30,4,0.133,130,always_short,40,1,0.8614,0.0751,0.0,0.3135,,0.0,
30,4,0.133,130,always_short,30,1,0.8614,0.0751,0.0,0.3439,,0.0,
30,4,0.133,130,always_short,20,2,0.8614,0.0751,0.0,0.4554,,0.0,
30,4,0.133,130,always_short,20,1,0.8614,0.0751,0.0,0.2122,,0.0,
30,4,0.133,130,always_short,10,2,0.8614,0.0751,0.0,0.0747,,0.0,
30,4,0.133,130,always_short,10,1,0.8614,0.0751,0.0,0.0099,,0.0,
30,4,0.133,130,always_long,50,1,0.8575,0.0793,0.0,0.3026,,0.0,
30,4,0.133,130,always_long,40,1,0.8575,0.0793,0.0,0.3286,,0.0,
30,4,0.133,130,always_long,30,1,0.8575,0.0793,0.0,0.3588,,0.0,
30,4,0.133,130,always_long,20,2,0.8575,0.0793,0.0,0.4771,,0.0,
30,4,0.133,130,always_long,20,1,0.8575,0.0793,0.0,0.2274,,0.0,
30,4,0.133,130,always_long,10,2,0.8575,0.0793,0.0,0.0877,,0.0,
30,4,0.133,130,always_long,10,1,0.8575,0.0793,0.0,0.0119,,0.0,
30,4,0.133,130,alternate,50,1,0.8594,0.0772,0.0,0.2963,,0.0,
30,4,0.133,130,alternate,40,1,0.8594,0.0772,0.0,0.3221,,0.0,
30,4,0.133,130,alternate,30,1,0.8594,0.0772,0.0,0.3521,,0.0,
30,4,0.133,130,alternate,20,2,0.8594,0.0772,0.0,0.466,,0.0,
30,4,0.133,130,alternate,20,1,0.8594,0.0772,0.0,0.2215,,0.0,
30,4,0.133,130,alternate,10,2,0.8594,0.0772,0.0,0.0818,,0.0,
30,3,0.1,100,always_short,10,2,0.8816,0.0823,0.0,0.0666,,0.0,
30,3,0.1,100,always_short,10,1,0.8816,0.0823,0.0,0.0046,,0.0,
30,3,0.1,100,always_long,50,1,0.8775,0.0871,0.0,0.2664,,0.0,
30,2,0.067,130,alternate,20,2,0.9011,0.094,0.0,0.4215,,0.0,
30,2,0.067,130,alternate,10,2,0.9011,0.094,0.0,0.0709,,0.0,
30,2,0.067,130,alternate,10,1,0.9011,0.094,0.0,0.002,,0.0,
30,2,0.067,100,always_short,50,2,0.9033,0.0913,0.0,0.5098,,0.0,
30,2,0.067,100,always_short,50,1,0.9033,0.0913,0.0,0.211,,0.0,
30,2,0.067,100,always_short,40,2,0.9033,0.0913,0.0,0.5467,,0.0,
30,2,0.067,100,always_short,40,1,0.9033,0.0913,0.0,0.211,,0.0,
30,2,0.067,100,always_short,30,2,0.9033,0.0913,0.0,0.5755,,0.0,
30,2,0.067,100,always_short,30,1,0.9033,0.0913,0.0,0.211,,0.0,
30,2,0.067,100,always_short,20,2,0.9033,0.0913,0.0,0.406,,0.0,
30,2,0.067,100,always_short,20,1,0.9033,0.0913,0.0,0.1786,,0.0,
30,2,0.067,100,always_short,10,2,0.9033,0.0913,0.0,0.0643,,0.0,
30,2,0.067,100,always_short,10,1,0.9033,0.0913,0.0,0.0019,,0.0,
30,2,0.067,100,always_long,50,2,0.899,0.0965,0.0,0.5381,,0.0,
30,2,0.067,100,always_long,50,1,0.899,0.0965,0.0,0.2281,,0.0,
30,2,0.067,100,always_long,40,2,0.899,0.0965,0.0,0.5759,,0.0,
30,2,0.067,100,always_long,40,1,0.899,0.0965,0.0,0.2281,,0.0,
30,2,0.067,100,always_long,30,2,0.899,0.0965,0.0,0.606,,0.0,
30,2,0.067,100,always_long,30,1,0.899,0.0965,0.0,0.2281,,0.0,
30,2,0.067,100,always_long,20,2,0.899,0.0965,0.0,0.4353,,0.0,
30,2,0.067,130,alternate,20,1,0.9011,0.094,0.0,0.1876,,0.0,
30,2,0.067,130,alternate,30,1,0.9011,0.094,0.0,0.2203,,0.0,
30,2,0.067,100,always_long,10,2,0.899,0.0965,0.0,0.0771,,0.0,
30,2,0.067,130,alternate,30,2,0.9011,0.094,0.0,0.5911,,0.0,
30,2,0.067,130,always_short,30,1,0.9033,0.0914,0.0,0.211,,0.0,
30,2,0.067,130,always_short,20,2,0.9033,0.0914,0.0,0.4061,,0.0,
30,2,0.067,130,always_short,20,1,0.9033,0.0914,0.0,0.1786,,0.0,
30,2,0.067,130,always_short,10,2,0.9033,0.0914,0.0,0.0643,,0.0,
30,2,0.067,130,always_short,10,1,0.9033,0.0914,0.0,0.0019,,0.0,
30,2,0.067,130,always_long,50,2,0.899,0.0965,0.0,0.5377,,0.0,
30,2,0.067,130,always_long,50,1,0.899,0.0965,0.0,0.2278,,0.0,
30,2,0.067,130,always_long,40,2,0.899,0.0965,0.0,0.5755,,0.0,
30,2,0.067,130,always_long,40,1,0.899,0.0965,0.0,0.2278,,0.0,
30,2,0.067,130,always_long,30,2,0.899,0.0965,0.0,0.6056,,0.0,
30,2,0.067,130,always_long,30,1,0.899,0.0965,0.0,0.2278,,0.0,
30,2,0.067,130,always_long,20,2,0.899,0.0965,0.0,0.4349,,0.0,
30,2,0.067,130,always_long,20,1,0.899,0.0965,0.0,0.1943,,0.0,
30,2,0.067,130,always_long,10,2,0.899,0.0965,0.0,0.0771,,0.0,
30,2,0.067,130,always_long,10,1,0.899,0.0965,0.0,0.0022,,0.0,
30,2,0.067,130,alternate,50,2,0.9011,0.094,0.0,0.5248,,0.0,
30,2,0.067,130,alternate,50,1,0.9011,0.094,0.0,0.2203,,0.0,
30,2,0.067,130,alternate,40,2,0.9011,0.094,0.0,0.5614,,0.0,
30,2,0.067,130,alternate,40,1,0.9011,0.094,0.0,0.2203,,0.0,
30,2,0.067,100,always_long,20,1,0.899,0.0965,0.0,0.1946,,0.0,
30,2,0.067,100,always_long,10,1,0.899,0.0965,0.0,0.0022,,0.0,
30,3,0.1,100,always_long,40,1,0.8775,0.0871,0.0,0.2925,,0.0,
30,2,0.067,66,always_long,40,2,0.899,0.0964,0.0,0.5753,,0.0,
30,2,0.067,66,always_long,30,2,0.899,0.0964,0.0,0.6054,,0.0,
30,2,0.067,66,always_long,30,1,0.899,0.0964,0.0,0.2276,,0.0,
30,2,0.067,66,always_long,20,2,0.899,0.0964,0.0,0.4348,,0.0,
30,2,0.067,66,always_long,20,1,0.899,0.0964,0.0,0.1941,,0.0,
30,2,0.067,66,always_long,10,2,0.899,0.0964,0.0,0.0769,,0.0,
30,2,0.067,66,always_long,10,1,0.899,0.0964,0.0,0.0022,,0.0,
30,2,0.067,66,alternate,50,2,0.9012,0.0939,0.0,0.5245,,0.0,
30,2,0.067,66,alternate,50,1,0.9012,0.0939,0.0,0.2201,,0.0,
30,2,0.067,66,alternate,40,2,0.9012,0.0939,0.0,0.5611,,0.0,
30,2,0.067,66,alternate,40,1,0.9012,0.0939,0.0,0.2201,,0.0,
30,2,0.067,66,alternate,30,2,0.9012,0.0939,0.0,0.5909,,0.0,
30,2,0.067,66,alternate,30,1,0.9012,0.0939,0.0,0.2201,,0.0,
30,2,0.067,66,alternate,20,2,0.9012,0.0939,0.0,0.4214,,0.0,
30,2,0.067,66,alternate,20,1,0.9012,0.0939,0.0,0.1875,,0.0,
30,2,0.067,66,alternate,10,2,0.9012,0.0939,0.0,0.0706,,0.0,
30,2,0.067,66,alternate,10,1,0.9012,0.0939,0.0,0.002,,0.0,
30,2,0.067,45,always_short,50,2,0.9034,0.0913,0.0,0.5092,,0.0,
30,2,0.067,45,always_short,50,1,0.9034,0.0913,0.0,0.2105,,0.0,
30,2,0.067,45,always_short,40,2,0.9034,0.0913,0.0,0.5464,,0.0,
30,2,0.067,66,always_long,40,1,0.899,0.0964,0.0,0.2276,,0.0,
30,2,0.067,66,always_long,50,1,0.899,0.0964,0.0,0.2276,,0.0,
30,2,0.067,100,alternate,50,2,0.9011,0.0939,0.0,0.5248,,0.0,
30,2,0.067,66,always_long,50,2,0.899,0.0964,0.0,0.5376,,0.0,
30,2,0.067,100,alternate,50,1,0.9011,0.0939,0.0,0.2204,,0.0,
30,2,0.067,100,alternate,40,2,0.9011,0.0939,0.0,0.5614,,0.0,
30,2,0.067,100,alternate,40,1,0.9011,0.0939,0.0,0.2204,,0.0,
30,2,0.067,100,alternate,30,2,0.9011,0.0939,0.0,0.5911,,0.0,
30,2,0.067,100,alternate,30,1,0.9011,0.0939,0.0,0.2204,,0.0,
30,2,0.067,100,alternate,20,2,0.9011,0.0939,0.0,0.4215,,0.0,
30,2,0.067,100,alternate,20,1,0.9011,0.0939,0.0,0.1878,,0.0,
30,2,0.067,100,alternate,10,2,0.9011,0.0939,0.0,0.0709,,0.0,
30,2,0.067,100,alternate,10,1,0.9011,0.0939,0.0,0.002,,0.0,
30,2,0.067,66,always_short,50,2,0.9033,0.0913,0.0,0.5095,,0.0,
30,2,0.067,66,always_short,50,1,0.9033,0.0913,0.0,0.2106,,0.0,
30,2,0.067,66,always_short,40,2,0.9033,0.0913,0.0,0.5466,,0.0,
30,2,0.067,66,always_short,40,1,0.9033,0.0913,0.0,0.2106,,0.0,
30,2,0.067,66,always_short,30,2,0.9033,0.0913,0.0,0.5754,,0.0,
30,2,0.067,66,always_short,30,1,0.9033,0.0913,0.0,0.2106,,0.0,
30,2,0.067,66,always_short,20,2,0.9033,0.0913,0.0,0.4056,,0.0,
30,2,0.067,66,always_short,20,1,0.9033,0.0913,0.0,0.1782,,0.0,
30,2,0.067,66,always_short,10,2,0.9033,0.0913,0.0,0.0643,,0.0,
30,2,0.067,66,always_short,10,1,0.9033,0.0913,0.0,0.0019,,0.0,
30,2,0.067,130,always_short,30,2,0.9033,0.0914,0.0,0.5755,,0.0,
30,2,0.067,130,always_short,40,1,0.9033,0.0914,0.0,0.211,,0.0,
30,2,0.067,130,always_short,40,2,0.9033,0.0914,0.0,0.5467,,0.0,
30,3,0.1,66,always_short,10,1,0.8816,0.0824,0.0,0.0046,,0.0,
30,3,0.1,66,always_long,40,1,0.8775,0.0871,0.0,0.2924,,0.0,
30,3,0.1,66,always_long,30,2,0.8775,0.0871,0.0,0.6482,,0.0,
30,3,0.1,66,always_long,30,1,0.8775,0.0871,0.0,0.3174,,0.0,
30,3,0.1,66,always_long,20,2,0.8775,0.0871,0.0,0.4629,,0.0,
30,3,0.1,66,always_long,20,1,0.8775,0.0871,0.0,0.1984,,0.0,
30,3,0.1,66,always_long,10,2,0.8775,0.0871,0.0,0.0762,,0.0,
30,3,0.1,66,always_long,10,1,0.8775,0.0871,0.0,0.0055,,0.0,
30,3,0.1,66,alternate,50,1,0.8795,0.0847,0.0,0.2606,,0.0,
30,3,0.1,66,alternate,40,1,0.8795,0.0847,0.0,0.2858,,0.0,
30,3,0.1,66,alternate,30,2,0.8795,0.0847,0.0,0.6365,,0.0,
30,3,0.1,66,alternate,30,1,0.8795,0.0847,0.0,0.3093,,0.0,
30,3,0.1,66,alternate,20,2,0.8795,0.0847,0.0,0.4492,,0.0,
30,3,0.1,66,alternate,20,1,0.8795,0.0847,0.0,0.1936,,0.0,
30,3,0.1,66,alternate,10,2,0.8795,0.0847,0.0,0.0711,,0.0,
30,3,0.1,66,alternate,10,1,0.8795,0.0847,0.0,0.0051,,0.0,
30,3,0.1,45,always_short,50,1,0.8815,0.0823,0.0,0.2534,,0.0,
30,3,0.1,45,always_short,40,1,0.8815,0.0823,0.0,0.2782,,0.0,
30,3,0.1,45,always_short,30,2,0.8815,0.0823,0.0,0.6272,,0.0,
30,3,0.1,45,always_short,30,1,0.8815,0.0823,0.0,0.301,,0.0,
30,3,0.1,66,always_long,50,1,0.8775,0.0871,0.0,0.2662,,0.0,
30,3,0.1,66,always_short,10,2,0.8816,0.0824,0.0,0.0666,,0.0,
30,2,0.067,130,always_short,50,1,0.9033,0.0914,0.0,0.211,,0.0,
30,3,0.1,66,always_short,20,1,0.8816,0.0824,0.0,0.1879,,0.0,
30,3,0.1,100,always_long,30,2,0.8775,0.0871,0.0,0.6484,,0.0,
30,3,0.1,100,always_long,30,1,0.8775,0.0871,0.0,0.3175,,0.0,
30,3,0.1,100,always_long,20,2,0.8775,0.0871,0.0,0.463,,0.0,
30,3,0.1,100,always_long,20,1,0.8775,0.0871,0.0,0.1985,,0.0,
30,3,0.1,100,always_long,10,2,0.8775,0.0871,0.0,0.0762,,0.0,
30,3,0.1,100,always_long,10,1,0.8775,0.0871,0.0,0.0055,,0.0,
30,3,0.1,100,alternate,50,1,0.8795,0.0847,0.0,0.2606,,0.0,
30,3,0.1,100,alternate,40,1,0.8795,0.0847,0.0,0.2858,,0.0,
30,3,0.1,100,alternate,30,2,0.8795,0.0847,0.0,0.6365,,0.0,
30,3,0.1,100,alternate,30,1,0.8795,0.0847,0.0,0.3093,,0.0,
30,3,0.1,100,alternate,20,2,0.8795,0.0847,0.0,0.4491,,0.0,
30,3,0.1,100,alternate,20,1,0.8795,0.0847,0.0,0.1936,,0.0,
30,3,0.1,100,alternate,10,2,0.8795,0.0847,0.0,0.0711,,0.0,
30,3,0.1,100,alternate,10,1,0.8795,0.0847,0.0,0.0051,,0.0,
30,3,0.1,66,always_short,50,1,0.8816,0.0824,0.0,0.253,,0.0,
30,3,0.1,66,always_short,40,1,0.8816,0.0824,0.0,0.2779,,0.0,
30,3,0.1,66,always_short,30,2,0.8816,0.0824,0.0,0.6269,,0.0,
30,3,0.1,66,always_short,30,1,0.8816,0.0824,0.0,0.3006,,0.0,
30,3,0.1,66,always_short,20,2,0.8816,0.0824,0.0,0.4374,,0.0,
30,3,0.1,45,always_short,20,2,0.8815,0.0823,0.0,0.4377,,0.0,
30,3,0.1,45,always_short,20,1,0.8815,0.0823,0.0,0.188,,0.0,
30,3,0.1,45,always_short,10,2,0.8815,0.0823,0.0,0.0666,,0.0,
30,3,0.1,45,always_short,10,1,0.8815,0.0823,0.0,0.0046,,0.0,
30,3,0.1,30,always_short,10,2,0.8813,0.0823,0.0,0.0674,,0.0,
30,3,0.1,30,always_short,10,1,0.8813,0.0823,0.0,0.0046,,0.0,
30,3,0.1,30,always_long,50,1,0.8774,0.087,0.0,0.2667,,0.0,
30,3,0.1,30,always_long,40,1,0.8774,0.087,0.0,0.293,,0.0,
30,3,0.1,30,always_long,30,2,0.8774,0.087,0.0,0.6486,,0.0,
30,3,0.1,30,always_long,30,1,0.8774,0.087,0.0,0.318,,0.0,
30,3,0.1,30,always_long,20,2,0.8774,0.087,0.0,0.4634,,0.0,
30,3,0.1,30,always_long,20,1,0.8774,0.087,0.0,0.1989,,0.0,
30,3,0.1,30,always_long,10,2,0.8774,0.087,0.0,0.0765,,0.0,
30,3,0.1,30,always_long,10,1,0.8774,0.087,0.0,0.0055,,0.0,
30,3,0.1,30,alternate,50,1,0.8793,0.0847,0.0,0.2611,,0.0,
30,3,0.1,30,alternate,40,1,0.8793,0.0847,0.0,0.2865,,0.0,
30,3,0.1,30,alternate,30,2,0.8793,0.0847,0.0,0.6374,,0.0,
30,3,0.1,30,alternate,30,1,0.8793,0.0847,0.0,0.3103,,0.0,
30,3,0.1,30,alternate,20,2,0.8793,0.0847,0.0,0.4509,,0.0,
30,3,0.1,30,alternate,20,1,0.8793,0.0847,0.0,0.1945,,0.0,
30,3,0.1,30,alternate,10,2,0.8793,0.0847,0.0,0.0715,,0.0,
30,3,0.1,30,alternate,10,1,0.8793,0.0847,0.0,0.0051,,0.0,
30,2,0.067,130,always_short,50,2,0.9033,0.0914,0.0,0.5098,,0.0,
30,3,0.1,30,always_short,20,1,0.8813,0.0823,0.0,0.1883,,0.0,
30,3,0.1,30,always_short,20,2,0.8813,0.0823,0.0,0.4391,,0.0,
30,3,0.1,30,always_short,30,1,0.8813,0.0823,0.0,0.3016,,0.0,
30,3,0.1,45,alternate,50,1,0.8795,0.0847,0.0,0.2606,,0.0,
30,3,0.1,45,always_long,50,1,0.8775,0.0871,0.0,0.2662,,0.0,
30,3,0.1,45,always_long,40,1,0.8775,0.0871,0.0,0.2924,,0.0,
30,3,0.1,45,always_long,30,2,0.8775,0.0871,0.0,0.6482,,0.0,
30,3,0.1,45,always_long,30,1,0.8775,0.0871,0.0,0.3174,,0.0,
30,3,0.1,45,always_long,20,2,0.8775,0.0871,0.0,0.4629,,0.0,
30,3,0.1,45,always_long,20,1,0.8775,0.0871,0.0,0.1984,,0.0,
30,3,0.1,45,always_long,10,2,0.8775,0.0871,0.0,0.0762,,0.0,
30,3,0.1,45,always_long,10,1,0.8775,0.0871,0.0,0.0055,,0.0,
30,3,0.1,45,alternate,40,1,0.8795,0.0847,0.0,0.2859,,0.0,
30,3,0.1,30,always_short,30,2,0.8813,0.0823,0.0,0.6284,,0.0,
30,3,0.1,45,alternate,30,2,0.8795,0.0847,0.0,0.6365,,0.0,
30,3,0.1,45,alternate,30,1,0.8795,0.0847,0.0,0.3094,,0.0,
30,3,0.1,45,alternate,20,2,0.8795,0.0847,0.0,0.4492,,0.0,
30,3,0.1,45,alternate,20,1,0.8795,0.0847,0.0,0.1936,,0.0,
30,3,0.1,45,alternate,10,2,0.8795,0.0847,0.0,0.0711,,0.0,
30,3,0.1,45,alternate,10,1,0.8795,0.0847,0.0,0.0051,,0.0,
30,3,0.1,30,always_short,50,1,0.8813,0.0823,0.0,0.254,,0.0,
30,3,0.1,30,always_short,40,1,0.8813,0.0823,0.0,0.2789,,0.0,
30,5,0.167,100,always_short,10,2,0.8408,0.0686,0.0,0.0991,,0.0,
30,5,0.167,100,always_short,30,1,0.8408,0.0686,0.0,0.388,,0.0,
20,6,0.3,66,always_long,10,1,0.735,0.1279,0.0,0.0055,,0.0,
40,2,0.05,66,always_short,50,1,0.9345,0.0467,0.0,0.096,,0.0,
40,2,0.05,66,always_short,40,1,0.9345,0.0467,0.0,0.096,,0.0,
40,2,0.05,66,always_short,30,2,0.9345,0.0467,0.0,0.3344,,0.0,
40,2,0.05,66,always_short,30,1,0.9345,0.0467,0.0,0.096,,0.0,
40,2,0.05,66,always_short,20,2,0.9345,0.0467,0.0,0.2958,,0.0,
40,2,0.05,66,always_short,20,1,0.9345,0.0467,0.0,0.096,,0.0,
40,2,0.05,66,always_short,10,2,0.9345,0.0467,0.0,0.0446,,0.0,
40,2,0.05,66,always_short,10,1,0.9345,0.0467,0.0,0.0043,,0.0,
40,2,0.05,66,always_long,50,2,0.931,0.0528,0.0,0.3093,,0.0,
40,2,0.05,66,always_long,50,1,0.931,0.0528,0.0,0.1079,,0.0,
40,2,0.05,66,always_long,40,2,0.931,0.0528,0.0,0.3392,,0.0,
40,2,0.05,66,always_long,40,1,0.931,0.0528,0.0,0.1079,,0.0,
40,2,0.05,66,always_long,30,2,0.931,0.0528,0.0,0.3638,,0.0,
40,2,0.05,66,always_long,30,1,0.931,0.0528,0.0,0.1079,,0.0,
40,2,0.05,66,always_long,20,2,0.931,0.0528,0.0,0.3236,,0.0,
40,2,0.05,66,always_long,20,1,0.931,0.0528,0.0,0.1079,,0.0,
40,2,0.05,66,always_long,10,2,0.931,0.0528,0.0,0.055,,0.0,
40,2,0.05,66,always_long,10,1,0.931,0.0528,0.0,0.0051,,0.0,
40,2,0.05,66,alternate,50,2,0.9327,0.0497,0.0,0.2956,,0.0,
40,2,0.05,66,alternate,50,1,0.9327,0.0497,0.0,0.1016,,0.0,
40,2,0.05,66,always_short,40,2,0.9345,0.0467,0.0,0.3106,,0.0,
40,2,0.05,66,always_short,50,2,0.9345,0.0467,0.0,0.2823,,0.0,
40,2,0.05,66,alternate,40,1,0.9327,0.0497,0.0,0.1016,,0.0,
40,2,0.05,100,alternate,10,1,0.9327,0.0497,0.0,0.0046,,0.0,
40,2,0.05,100,always_long,50,2,0.9309,0.0528,0.0,0.3098,,0.0,
40,2,0.05,100,always_long,50,1,0.9309,0.0528,0.0,0.1082,,0.0,
40,2,0.05,100,always_long,40,2,0.9309,0.0528,0.0,0.3401,,0.0,
40,2,0.05,100,always_long,40,1,0.9309,0.0528,0.0,0.1082,,0.0,
40,2,0.05,100,always_long,30,2,0.9309,0.0528,0.0,0.3646,,0.0,
40,2,0.05,100,always_long,30,1,0.9309,0.0528,0.0,0.1082,,0.0,
40,2,0.05,100,always_long,20,2,0.9309,0.0528,0.0,0.3244,,0.0,
40,2,0.05,100,always_long,20,1,0.9309,0.0528,0.0,0.1082,,0.0,
40,2,0.05,100,always_long,10,2,0.9309,0.0528,0.0,0.0551,,0.0,
40,2,0.05,100,always_long,10,1,0.9309,0.0528,0.0,0.0051,,0.0,
40,2,0.05,100,alternate,50,2,0.9327,0.0497,0.0,0.296,,0.0,
40,2,0.05,100,alternate,50,1,0.9327,0.0497,0.0,0.1017,,0.0,
40,2,0.05,100,alternate,40,2,0.9327,0.0497,0.0,0.3249,,0.0,
40,2,0.05,100,alternate,40,1,0.9327,0.0497,0.0,0.1017,,0.0,
40,2,0.05,100,alternate,30,2,0.9327,0.0497,0.0,0.349,,0.0,
40,2,0.05,100,alternate,30,1,0.9327,0.0497,0.0,0.1017,,0.0,
40,2,0.05,100,alternate,20,2,0.9327,0.0497,0.0,0.309,,0.0,
40,2,0.05,100,alternate,20,1,0.9327,0.0497,0.0,0.1017,,0.0,
40,2,0.05,100,alternate,10,2,0.9327,0.0497,0.0,0.0506,,0.0,
40,2,0.05,66,alternate,40,2,0.9327,0.0497,0.0,0.3245,,0.0,
40,2,0.05,66,alternate,30,2,0.9327,0.0497,0.0,0.3486,,0.0,
40,2,0.05,100,always_short,10,2,0.9344,0.0467,0.0,0.0449,,0.0,
40,2,0.05,45,always_long,20,1,0.9309,0.0528,0.0,0.1079,,0.0,
40,2,0.05,45,always_long,10,1,0.9309,0.0528,0.0,0.0051,,0.0,
40,2,0.05,45,alternate,50,2,0.9327,0.0497,0.0,0.2956,,0.0,
40,2,0.05,45,alternate,50,1,0.9327,0.0497,0.0,0.1015,,0.0,
40,2,0.05,45,alternate,40,2,0.9327,0.0497,0.0,0.3245,,0.0,
40,2,0.05,45,alternate,40,1,0.9327,0.0497,0.0,0.1015,,0.0,
40,2,0.05,45,alternate,30,2,0.9327,0.0497,0.0,0.3486,,0.0,
40,2,0.05,45,alternate,30,1,0.9327,0.0497,0.0,0.1015,,0.0,
40,2,0.05,45,alternate,20,2,0.9327,0.0497,0.0,0.3088,,0.0,
40,2,0.05,45,alternate,20,1,0.9327,0.0497,0.0,0.1015,,0.0,
40,2,0.05,45,alternate,10,2,0.9327,0.0497,0.0,0.0505,,0.0,
40,2,0.05,45,alternate,10,1,0.9327,0.0497,0.0,0.0046,,0.0,
40,2,0.05,30,always_short,50,2,0.9343,0.0466,0.0,0.2835,,0.0,
40,2,0.05,30,always_short,50,1,0.9343,0.0466,0.0,0.0964,,0.0,
40,2,0.05,30,always_short,40,2,0.9343,0.0466,0.0,0.3119,,0.0,
40,2,0.05,30,always_short,40,1,0.9343,0.0466,0.0,0.0964,,0.0,
40,2,0.05,30,always_short,30,2,0.9343,0.0466,0.0,0.3352,,0.0,
40,2,0.05,30,always_short,30,1,0.9343,0.0466,0.0,0.0964,,0.0,
40,2,0.05,30,always_short,20,2,0.9343,0.0466,0.0,0.2964,,0.0,
40,2,0.05,30,always_short,20,1,0.9343,0.0466,0.0,0.0964,,0.0,
40,2,0.05,45,always_long,10,2,0.9309,0.0528,0.0,0.055,,0.0,
40,2,0.05,45,always_long,20,2,0.9309,0.0528,0.0,0.3237,,0.0,
40,2,0.05,66,alternate,30,1,0.9327,0.0497,0.0,0.1016,,0.0,
40,2,0.05,45,always_long,30,1,0.9309,0.0528,0.0,0.1079,,0.0,
40,2,0.05,66,alternate,20,2,0.9327,0.0497,0.0,0.3088,,0.0,
40,2,0.05,66,alternate,20,1,0.9327,0.0497,0.0,0.1016,,0.0,
40,2,0.05,66,alternate,10,2,0.9327,0.0497,0.0,0.0505,,0.0,
40,2,0.05,66,alternate,10,1,0.9327,0.0497,0.0,0.0046,,0.0,
40,2,0.05,45,always_short,50,2,0.9345,0.0466,0.0,0.2821,,0.0,
40,2,0.05,45,always_short,50,1,0.9345,0.0466,0.0,0.096,,0.0,
40,2,0.05,45,always_short,40,2,0.9345,0.0466,0.0,0.3105,,0.0,
40,2,0.05,45,always_short,40,1,0.9345,0.0466,0.0,0.096,,0.0,
40,2,0.05,45,always_short,30,2,0.9345,0.0466,0.0,0.3342,,0.0,
40,2,0.05,45,always_short,30,1,0.9345,0.0466,0.0,0.096,,0.0,
40,2,0.05,45,always_short,20,2,0.9345,0.0466,0.0,0.2955,,0.0,
40,2,0.05,45,always_short,20,1,0.9345,0.0466,0.0,0.096,,0.0,
40,2,0.05,45,always_short,10,2,0.9345,0.0466,0.0,0.0446,,0.0,
40,2,0.05,45,always_short,10,1,0.9345,0.0466,0.0,0.0043,,0.0,
40,2,0.05,45,always_long,50,2,0.9309,0.0528,0.0,0.3095,,0.0,
40,2,0.05,45,always_long,50,1,0.9309,0.0528,0.0,0.1079,,0.0,
40,2,0.05,45,always_long,40,2,0.9309,0.0528,0.0,0.3395,,0.0,
40,2,0.05,45,always_long,40,1,0.9309,0.0528,0.0,0.1079,,0.0,
40,2,0.05,45,always_long,30,2,0.9309,0.0528,0.0,0.364,,0.0,
40,2,0.05,100,always_short,10,1,0.9344,0.0467,0.0,0.0044,,0.0,
40,2,0.05,100,always_short,20,1,0.9344,0.0467,0.0,0.0963,,0.0,
30,5,0.167,130,alternate,10,1,0.838,0.0698,0.0,0.0144,,0.0,
40,3,0.075,45,alternate,40,1,0.9138,0.0455,0.0,0.1574,,0.0,
40,3,0.075,45,alternate,30,1,0.9138,0.0455,0.0,0.1688,,0.0,
40,3,0.075,45,alternate,20,2,0.9138,0.0455,0.0,0.4274,,0.0,
40,3,0.075,45,alternate,20,1,0.9138,0.0455,0.0,0.1688,,0.0,
40,3,0.075,45,alternate,10,2,0.9138,0.0455,0.0,0.0983,,0.0,
40,3,0.075,45,alternate,10,1,0.9138,0.0455,0.0,0.0095,,0.0,
40,3,0.075,30,always_short,50,1,0.9149,0.0425,0.0,0.1371,,0.0,
40,3,0.075,30,always_short,40,1,0.9149,0.0425,0.0,0.1531,,0.0,
40,3,0.075,30,always_short,30,2,0.9149,0.0425,0.0,0.4106,,0.0,
40,3,0.075,30,always_short,30,1,0.9149,0.0425,0.0,0.1643,,0.0,
40,3,0.075,30,always_short,20,2,0.9149,0.0425,0.0,0.4193,,0.0,
40,3,0.075,30,always_short,20,1,0.9149,0.0425,0.0,0.1643,,0.0,
40,3,0.075,30,always_short,10,2,0.9149,0.0425,0.0,0.0948,,0.0,
40,3,0.075,30,always_short,10,1,0.9149,0.0425,0.0,0.0092,,0.0,
40,3,0.075,30,always_long,50,1,0.9122,0.0485,0.0,0.1449,,0.0,
40,3,0.075,30,always_long,40,1,0.9122,0.0485,0.0,0.1623,,0.0,
40,3,0.075,30,always_long,30,2,0.9122,0.0485,0.0,0.4308,,0.0,
40,3,0.075,30,always_long,30,1,0.9122,0.0485,0.0,0.1739,,0.0,
40,3,0.075,30,always_long,20,2,0.9122,0.0485,0.0,0.4389,,0.0,
40,3,0.075,30,always_long,20,1,0.9122,0.0485,0.0,0.1739,,0.0,
40,3,0.075,45,alternate,30,2,0.9138,0.0455,0.0,0.4181,,0.0,
40,3,0.075,45,alternate,50,1,0.9138,0.0455,0.0,0.1409,,0.0,
40,3,0.075,30,always_long,10,1,0.9122,0.0485,0.0,0.0106,,0.0,
40,3,0.075,45,always_long,10,1,0.9124,0.0485,0.0,0.0105,,0.0,
40,3,0.075,66,alternate,20,2,0.9138,0.0455,0.0,0.4274,,0.0,
40,3,0.075,66,alternate,20,1,0.9138,0.0455,0.0,0.1688,,0.0,
40,3,0.075,66,alternate,10,2,0.9138,0.0455,0.0,0.0984,,0.0,
40,3,0.075,66,alternate,10,1,0.9138,0.0455,0.0,0.0095,,0.0,
40,3,0.075,45,always_short,50,1,0.9153,0.0425,0.0,0.1355,,0.0,
40,3,0.075,45,always_short,40,1,0.9153,0.0425,0.0,0.1516,,0.0,
40,3,0.075,45,always_short,30,2,0.9153,0.0425,0.0,0.4068,,0.0,
40,3,0.075,45,always_short,30,1,0.9153,0.0425,0.0,0.1625,,0.0,
40,3,0.075,45,always_short,20,2,0.9153,0.0425,0.0,0.4155,,0.0,
40,3,0.075,45,always_short,20,1,0.9153,0.0425,0.0,0.1625,,0.0,
40,3,0.075,45,always_short,10,2,0.9153,0.0425,0.0,0.0934,,0.0,
40,3,0.075,45,always_short,10,1,0.9153,0.0425,0.0,0.0091,,0.0,
40,3,0.075,45,always_long,50,1,0.9124,0.0485,0.0,0.1445,,0.0,
40,3,0.075,45,always_long,40,1,0.9124,0.0485,0.0,0.1619,,0.0,
40,3,0.075,45,always_long,30,2,0.9124,0.0485,0.0,0.4298,,0.0,
40,3,0.075,45,always_long,30,1,0.9124,0.0485,0.0,0.1735,,0.0,
40,3,0.075,45,always_long,20,2,0.9124,0.0485,0.0,0.438,,0.0,
40,3,0.075,45,always_long,20,1,0.9124,0.0485,0.0,0.1735,,0.0,
40,3,0.075,45,always_long,10,2,0.9124,0.0485,0.0,0.1041,,0.0,
40,3,0.075,30,always_long,10,2,0.9122,0.0485,0.0,0.1045,,0.0,
40,3,0.075,30,alternate,50,1,0.9136,0.0455,0.0,0.1412,,0.0,
40,2,0.05,100,always_short,20,2,0.9344,0.0467,0.0,0.2959,,0.0,
40,2,0.05,130,always_long,30,1,0.9309,0.0529,0.0,0.1082,,0.0,
40,2,0.05,130,always_long,20,1,0.9309,0.0529,0.0,0.1082,,0.0,
40,2,0.05,130,always_long,10,2,0.9309,0.0529,0.0,0.0551,,0.0,
40,2,0.05,130,always_long,10,1,0.9309,0.0529,0.0,0.0051,,0.0,
40,2,0.05,130,alternate,50,2,0.9326,0.0498,0.0,0.296,,0.0,
40,2,0.05,130,alternate,50,1,0.9326,0.0498,0.0,0.1017,,0.0,
40,2,0.05,130,alternate,40,2,0.9326,0.0498,0.0,0.3249,,0.0,
40,2,0.05,130,alternate,40,1,0.9326,0.0498,0.0,0.1017,,0.0,
40,2,0.05,130,alternate,30,2,0.9326,0.0498,0.0,0.349,,0.0,
40,2,0.05,130,alternate,30,1,0.9326,0.0498,0.0,0.1017,,0.0,
40,2,0.05,130,alternate,20,2,0.9326,0.0498,0.0,0.309,,0.0,
40,2,0.05,130,alternate,20,1,0.9326,0.0498,0.0,0.1017,,0.0,
40,2,0.05,130,alternate,10,2,0.9326,0.0498,0.0,0.0506,,0.0,
40,2,0.05,130,alternate,10,1,0.9326,0.0498,0.0,0.0047,,0.0,
40,2,0.05,100,always_short,50,2,0.9344,0.0467,0.0,0.2826,,0.0,
40,2,0.05,100,always_short,50,1,0.9344,0.0467,0.0,0.0963,,0.0,
40,2,0.05,100,always_short,40,2,0.9344,0.0467,0.0,0.311,,0.0,
40,2,0.05,100,always_short,40,1,0.9344,0.0467,0.0,0.0963,,0.0,
40,2,0.05,100,always_short,30,2,0.9344,0.0467,0.0,0.3347,,0.0,
40,2,0.05,100,always_short,30,1,0.9344,0.0467,0.0,0.0963,,0.0,
40,2,0.05,130,always_long,20,2,0.9309,0.0529,0.0,0.3244,,0.0,
40,2,0.05,130,always_long,30,2,0.9309,0.0529,0.0,0.3646,,0.0,
40,3,0.075,30,alternate,40,1,0.9136,0.0455,0.0,0.158,,0.0,
40,2,0.05,130,always_long,40,1,0.9309,0.0529,0.0,0.1082,,0.0,
40,3,0.075,30,alternate,30,2,0.9136,0.0455,0.0,0.4196,,0.0,
40,3,0.075,30,alternate,30,1,0.9136,0.0455,0.0,0.1695,,0.0,
40,3,0.075,30,alternate,20,2,0.9136,0.0455,0.0,0.4281,,0.0,
40,3,0.075,30,alternate,20,1,0.9136,0.0455,0.0,0.1695,,0.0,
40,3,0.075,30,alternate,10,2,0.9136,0.0455,0.0,0.0998,,0.0,
40,3,0.075,30,alternate,10,1,0.9136,0.0455,0.0,0.0097,,0.0,
40,2,0.05,130,always_short,50,2,0.9344,0.0467,0.0,0.2828,,0.0,
40,2,0.05,130,always_short,50,1,0.9344,0.0467,0.0,0.0964,,0.0,
40,2,0.05,130,always_short,40,2,0.9344,0.0467,0.0,0.3111,,0.0,
40,2,0.05,130,always_short,40,1,0.9344,0.0467,0.0,0.0964,,0.0,
40,2,0.05,130,always_short,30,2,0.9344,0.0467,0.0,0.3347,,0.0,
40,2,0.05,130,always_short,30,1,0.9344,0.0467,0.0,0.0964,,0.0,
40,2,0.05,130,always_short,20,2,0.9344,0.0467,0.0,0.2959,,0.0,
40,2,0.05,130,always_short,20,1,0.9344,0.0467,0.0,0.0964,,0.0,
40,2,0.05,130,always_short,10,2,0.9344,0.0467,0.0,0.0449,,0.0,
40,2,0.05,130,always_short,10,1,0.9344,0.0467,0.0,0.0044,,0.0,
40,2,0.05,130,always_long,50,2,0.9309,0.0529,0.0,0.3098,,0.0,
40,2,0.05,130,always_long,50,1,0.9309,0.0529,0.0,0.1082,,0.0,
40,2,0.05,130,always_long,40,2,0.9309,0.0529,0.0,0.3401,,0.0,
40,2,0.05,30,always_short,10,2,0.9343,0.0466,0.0,0.0455,,0.0,
40,2,0.05,30,always_short,10,1,0.9343,0.0466,0.0,0.0044,,0.0,
40,2,0.05,30,always_long,50,2,0.9309,0.0527,0.0,0.3099,,0.0,
30,6,0.2,130,always_long,30,1,0.8131,0.0643,0.0,0.4572,,0.0,
30,6,0.2,130,always_long,10,2,0.8131,0.0643,0.0,0.1394,,0.0,
30,6,0.2,130,always_long,10,1,0.8131,0.0643,0.0,0.0219,,0.0,
30,6,0.2,130,alternate,30,1,0.8167,0.0636,0.0,0.446,,0.0,
30,6,0.2,130,alternate,20,1,0.8167,0.0636,0.0,0.2855,,0.0,
30,6,0.2,130,alternate,10,2,0.8167,0.0636,0.0,0.1266,,0.0,
30,6,0.2,130,alternate,10,1,0.8167,0.0636,0.0,0.0196,,0.0,
30,6,0.2,100,always_short,30,1,0.8202,0.0629,0.0,0.434,,0.0,
30,6,0.2,100,always_short,20,1,0.8202,0.0629,0.0,0.2754,,0.0,
30,6,0.2,100,always_short,10,2,0.8202,0.0629,0.0,0.1186,,0.0,
30,6,0.2,100,always_short,10,1,0.8202,0.0629,0.0,0.018,,0.0,
30,6,0.2,100,always_long,30,1,0.8131,0.0642,0.0,0.4572,,0.0,
30,6,0.2,100,always_long,20,1,0.8131,0.0642,0.0,0.2966,,0.0,
30,6,0.2,100,always_long,10,2,0.8131,0.0642,0.0,0.1394,,0.0,
30,6,0.2,100,always_long,10,1,0.8131,0.0642,0.0,0.0219,,0.0,
30,6,0.2,100,alternate,30,1,0.8166,0.0636,0.0,0.4462,,0.0,
30,6,0.2,100,alternate,20,1,0.8166,0.0636,0.0,0.2855,,0.0,
30,6,0.2,100,alternate,10,2,0.8166,0.0636,0.0,0.1266,,0.0,
30,6,0.2,100,alternate,10,1,0.8166,0.0636,0.0,0.0196,,0.0,
30,6,0.2,66,always_short,30,1,0.8202,0.063,0.0,0.434,,0.0,
30,6,0.2,130,always_long,20,1,0.8131,0.0643,0.0,0.2966,,0.0,
30,6,0.2,130,always_short,10,1,0.8203,0.063,0.0,0.018,,0.0,
30,6,0.2,66,always_short,10,2,0.8202,0.063,0.0,0.1187,,0.0,
30,6,0.2,130,always_short,10,2,0.8203,0.063,0.0,0.1185,,0.0,
30,8,0.267,45,always_short,10,2,0.7831,0.0537,0.0,0.1494,,0.0,
30,8,0.267,45,always_short,10,1,0.7831,0.0537,0.0,0.034,,0.0,
30,8,0.267,45,always_long,20,1,0.7743,0.0529,0.0,0.365,,0.0,
30,8,0.267,45,always_long,10,2,0.7743,0.0529,0.0,0.1772,,0.0,
30,8,0.267,45,always_long,10,1,0.7743,0.0529,0.0,0.0421,,0.0,
30,8,0.267,45,alternate,20,1,0.7787,0.0533,0.0,0.3496,,0.0,
30,8,0.267,45,alternate,10,2,0.7787,0.0533,0.0,0.1646,,0.0,
30,8,0.267,45,alternate,10,1,0.7787,0.0533,0.0,0.0393,,0.0,
30,8,0.267,30,always_short,20,1,0.782,0.0536,0.0,0.3386,,0.0,
30,8,0.267,30,always_short,10,2,0.782,0.0536,0.0,0.154,,0.0,
30,8,0.267,30,always_short,10,1,0.782,0.0536,0.0,0.0348,,0.0,
30,8,0.267,30,always_long,20,1,0.7738,0.0528,0.0,0.3663,,0.0,
30,8,0.267,30,always_long,10,2,0.7738,0.0528,0.0,0.1796,,0.0,
30,8,0.267,30,always_long,10,1,0.7738,0.0528,0.0,0.0428,,0.0,
30,8,0.267,30,alternate,20,1,0.7779,0.0532,0.0,0.3535,,0.0,
30,8,0.267,30,alternate,10,2,0.7779,0.0532,0.0,0.167,,0.0,
30,8,0.267,30,alternate,10,1,0.7779,0.0532,0.0,0.0403,,0.0,
30,6,0.2,130,always_short,30,1,0.8203,0.063,0.0,0.4338,,0.0,
30,6,0.2,130,always_short,20,1,0.8203,0.063,0.0,0.2752,,0.0,
30,6,0.2,66,always_short,20,1,0.8202,0.063,0.0,0.2754,,0.0,
30,6,0.2,66,always_short,10,1,0.8202,0.063,0.0,0.018,,0.0,
40,2,0.05,30,always_long,50,1,0.9309,0.0527,0.0,0.1084,,0.0,
30,6,0.2,30,always_short,10,2,0.8192,0.0629,0.0,0.12,,0.0,
30,6,0.2,30,always_long,30,1,0.8128,0.0642,0.0,0.4582,,0.0,
30,6,0.2,30,always_long,20,1,0.8128,0.0642,0.0,0.2974,,0.0,
30,6,0.2,30,always_long,10,2,0.8128,0.0642,0.0,0.1403,,0.0,
30,6,0.2,30,always_long,10,1,0.8128,0.0642,0.0,0.0219,,0.0,
30,6,0.2,30,alternate,30,1,0.816,0.0635,0.0,0.4485,,0.0,
30,6,0.2,30,alternate,20,1,0.816,0.0635,0.0,0.2878,,0.0,
30,6,0.2,30,alternate,10,2,0.816,0.0635,0.0,0.1284,,0.0,
30,6,0.2,30,alternate,10,1,0.816,0.0635,0.0,0.0201,,0.0,
30,5,0.167,130,always_short,30,1,0.8408,0.0687,0.0,0.3876,,0.0,
30,5,0.167,130,always_short,20,1,0.8408,0.0687,0.0,0.2566,,0.0,
30,5,0.167,130,always_short,10,2,0.8408,0.0687,0.0,0.0989,,0.0,
30,5,0.167,130,always_short,10,1,0.8408,0.0687,0.0,0.0127,,0.0,
30,5,0.167,130,always_long,30,1,0.8351,0.0709,0.0,0.4111,,0.0,
30,5,0.167,130,always_long,20,1,0.8351,0.0709,0.0,0.2774,,0.0,
30,5,0.167,130,always_long,10,2,0.8351,0.0709,0.0,0.1141,,0.0,
30,5,0.167,130,always_long,10,1,0.8351,0.0709,0.0,0.0156,,0.0,
30,5,0.167,130,alternate,30,1,0.838,0.0698,0.0,0.399,,0.0,
30,5,0.167,130,alternate,20,1,0.838,0.0698,0.0,0.2676,,0.0,
30,5,0.167,130,alternate,10,2,0.838,0.0698,0.0,0.1065,,0.0,
30,6,0.2,30,always_short,10,1,0.8192,0.0629,0.0,0.0189,,0.0,
30,6,0.2,30,always_short,20,1,0.8192,0.0629,0.0,0.2775,,0.0,
30,6,0.2,66,always_long,30,1,0.8131,0.0642,0.0,0.4571,,0.0,
30,6,0.2,30,always_short,30,1,0.8192,0.0629,0.0,0.4368,,0.0,
30,6,0.2,66,always_long,20,1,0.8131,0.0642,0.0,0.2966,,0.0,
30,6,0.2,66,always_long,10,2,0.8131,0.0642,0.0,0.1393,,0.0,
30,6,0.2,66,always_long,10,1,0.8131,0.0642,0.0,0.0219,,0.0,
30,6,0.2,66,alternate,30,1,0.8166,0.0636,0.0,0.4464,,0.0,
30,6,0.2,66,alternate,20,1,0.8166,0.0636,0.0,0.2855,,0.0,
30,6,0.2,66,alternate,10,2,0.8166,0.0636,0.0,0.1266,,0.0,
30,6,0.2,66,alternate,10,1,0.8166,0.0636,0.0,0.0196,,0.0,
30,6,0.2,45,always_short,30,1,0.8201,0.0629,0.0,0.434,,0.0,
30,6,0.2,45,always_short,20,1,0.8201,0.0629,0.0,0.2754,,0.0,
30,6,0.2,45,always_short,10,2,0.8201,0.0629,0.0,0.1187,,0.0,
30,6,0.2,45,always_short,10,1,0.8201,0.0629,0.0,0.018,,0.0,
30,6,0.2,45,always_long,30,1,0.8131,0.0642,0.0,0.4571,,0.0,
30,6,0.2,45,always_long,20,1,0.8131,0.0642,0.0,0.2966,,0.0,
30,6,0.2,45,always_long,10,2,0.8131,0.0642,0.0,0.1393,,0.0,
30,6,0.2,45,always_long,10,1,0.8131,0.0642,0.0,0.0219,,0.0,
30,6,0.2,45,alternate,30,1,0.8166,0.0636,0.0,0.4464,,0.0,
30,6,0.2,45,alternate,20,1,0.8166,0.0636,0.0,0.2855,,0.0,
30,6,0.2,45,alternate,10,2,0.8166,0.0636,0.0,0.1266,,0.0,
30,6,0.2,45,alternate,10,1,0.8166,0.0636,0.0,0.0196,,0.0,
30,8,0.267,45,always_short,20,1,0.7831,0.0537,0.0,0.334,,0.0,
30,8,0.267,66,alternate,10,1,0.7787,0.0533,0.0,0.0393,,0.0,
30,8,0.267,66,alternate,10,2,0.7787,0.0533,0.0,0.1646,,0.0,
30,15,0.5,100,always_short,10,1,0.6699,0.0317,0.0,0.101,,0.0,
30,15,0.5,100,alternate,10,1,0.6635,0.0316,0.0,0.1101,,0.0,
30,15,0.5,66,always_short,10,1,0.6698,0.0316,0.0,0.1015,,0.0,
30,15,0.5,66,always_long,10,1,0.6571,0.0315,0.0,0.1195,,0.0,
30,15,0.5,66,alternate,10,1,0.6634,0.0316,0.0,0.1105,,0.0,
30,15,0.5,45,always_short,10,1,0.6697,0.0316,0.0,0.1019,,0.0,
30,15,0.5,45,always_long,10,1,0.657,0.0315,0.0,0.1197,,0.0,
30,15,0.5,45,alternate,10,1,0.6633,0.0316,0.0,0.1106,,0.0,
30,15,0.5,30,always_short,10,1,0.6678,0.0316,0.0,0.104,,0.0,
30,15,0.5,30,always_long,10,1,0.6561,0.0315,0.0,0.1217,,0.0,
30,15,0.5,30,alternate,10,1,0.662,0.0315,0.0,0.1124,,0.0,
30,12,0.4,130,always_short,10,1,0.7153,0.0387,0.0,0.0651,,0.0,
30,12,0.4,130,always_long,10,1,0.7034,0.0389,0.0,0.0819,,0.0,
30,12,0.4,130,alternate,10,1,0.7093,0.0388,0.0,0.0735,,0.0,
30,12,0.4,100,always_short,10,1,0.7152,0.0387,0.0,0.0653,,0.0,
30,12,0.4,100,always_long,10,1,0.7034,0.0388,0.0,0.0818,,0.0,
30,12,0.4,100,alternate,10,1,0.7093,0.0388,0.0,0.0736,,0.0,
30,12,0.4,66,always_short,10,1,0.7151,0.0386,0.0,0.0654,,0.0,
30,12,0.4,66,always_long,10,1,0.7034,0.0388,0.0,0.0819,,0.0,
30,12,0.4,66,alternate,10,1,0.7092,0.0387,0.0,0.0736,,0.0,
30,15,0.5,100,always_long,10,1,0.6571,0.0316,0.0,0.1194,,0.0,
30,15,0.5,130,alternate,10,1,0.6635,0.0316,0.0,0.1101,,0.0,
30,8,0.267,66,alternate,20,1,0.7787,0.0533,0.0,0.3496,,0.0,
30,15,0.5,130,always_long,10,1,0.6571,0.0316,0.0,0.1194,,0.0,
40,2,0.05,30,always_long,40,2,0.9309,0.0527,0.0,0.3404,,0.0,
40,2,0.05,30,always_long,40,1,0.9309,0.0527,0.0,0.1084,,0.0,
40,2,0.05,30,always_long,30,2,0.9309,0.0527,0.0,0.3649,,0.0,
40,2,0.05,30,always_long,30,1,0.9309,0.0527,0.0,0.1084,,0.0,
40,2,0.05,30,always_long,20,2,0.9309,0.0527,0.0,0.3246,,0.0,
40,2,0.05,30,always_long,20,1,0.9309,0.0527,0.0,0.1084,,0.0,
40,2,0.05,30,always_long,10,2,0.9309,0.0527,0.0,0.0551,,0.0,
40,2,0.05,30,always_long,10,1,0.9309,0.0527,0.0,0.0051,,0.0,
40,2,0.05,30,alternate,50,2,0.9326,0.0497,0.0,0.2961,,0.0,
40,2,0.05,30,alternate,50,1,0.9326,0.0497,0.0,0.1017,,0.0,
40,2,0.05,30,alternate,40,2,0.9326,0.0497,0.0,0.325,,0.0,
40,2,0.05,30,alternate,40,1,0.9326,0.0497,0.0,0.1017,,0.0,
40,2,0.05,30,alternate,30,2,0.9326,0.0497,0.0,0.3493,,0.0,
40,2,0.05,30,alternate,30,1,0.9326,0.0497,0.0,0.1017,,0.0,
40,2,0.05,30,alternate,20,2,0.9326,0.0497,0.0,0.3093,,0.0,
40,2,0.05,30,alternate,20,1,0.9326,0.0497,0.0,0.1017,,0.0,
40,2,0.05,30,alternate,10,2,0.9326,0.0497,0.0,0.0506,,0.0,
40,2,0.05,30,alternate,10,1,0.9326,0.0497,0.0,0.0047,,0.0,
30,15,0.5,130,always_short,10,1,0.6699,0.0317,0.0,0.101,,0.0,
30,12,0.4,45,always_short,10,1,0.715,0.0386,0.0,0.0654,,0.0,
30,12,0.4,45,always_long,10,1,0.7033,0.0388,0.0,0.0819,,0.0,
30,12,0.4,45,alternate,10,1,0.7091,0.0387,0.0,0.0736,,0.0,
30,12,0.4,30,always_short,10,1,0.7135,0.0386,0.0,0.0674,,0.0,
30,8,0.267,130,always_long,10,1,0.7742,0.053,0.0,0.0424,,0.0,
30,8,0.267,130,alternate,20,1,0.7788,0.0533,0.0,0.3496,,0.0,
30,8,0.267,130,alternate,10,2,0.7788,0.0533,0.0,0.1646,,0.0,
30,8,0.267,130,alternate,10,1,0.7788,0.0533,0.0,0.0389,,0.0,
30,8,0.267,100,always_short,20,1,0.7833,0.0537,0.0,0.3335,,0.0,
30,8,0.267,100,always_short,10,2,0.7833,0.0537,0.0,0.1491,,0.0,
30,8,0.267,100,always_short,10,1,0.7833,0.0537,0.0,0.034,,0.0,
30,8,0.267,100,always_long,20,1,0.7742,0.0529,0.0,0.3651,,0.0,
30,8,0.267,100,always_long,10,2,0.7742,0.0529,0.0,0.1779,,0.0,
30,8,0.267,100,always_long,10,1,0.7742,0.0529,0.0,0.0424,,0.0,
30,8,0.267,100,alternate,20,1,0.7787,0.0533,0.0,0.3496,,0.0,
30,8,0.267,100,alternate,10,2,0.7787,0.0533,0.0,0.1646,,0.0,
30,8,0.267,100,alternate,10,1,0.7787,0.0533,0.0,0.039,,0.0,
30,8,0.267,66,always_short,20,1,0.7832,0.0537,0.0,0.3337,,0.0,
30,8,0.267,66,always_short,10,2,0.7832,0.0537,0.0,0.1492,,0.0,
30,8,0.267,66,always_short,10,1,0.7832,0.0537,0.0,0.034,,0.0,
30,8,0.267,66,always_long,20,1,0.7743,0.0529,0.0,0.365,,0.0,
30,8,0.267,66,always_long,10,2,0.7743,0.0529,0.0,0.1775,,0.0,
30,8,0.267,66,always_long,10,1,0.7743,0.0529,0.0,0.0421,,0.0,
30,8,0.267,130,always_long,10,2,0.7742,0.053,0.0,0.1779,,0.0,
30,8,0.267,130,always_long,20,1,0.7742,0.053,0.0,0.3651,,0.0,
30,8,0.267,130,always_short,10,1,0.7834,0.0537,0.0,0.034,,0.0,
30,10,0.333,66,always_short,10,1,0.7486,0.0453,0.0,0.0462,,0.0,
30,12,0.4,30,always_long,10,1,0.7026,0.0387,0.0,0.0829,,0.0,
30,12,0.4,30,alternate,10,1,0.7081,0.0387,0.0,0.0749,,0.0,
30,10,0.333,130,always_short,10,1,0.7487,0.0453,0.0,0.0461,,0.0,
30,10,0.333,130,always_long,10,1,0.7373,0.0453,0.0,0.0568,,0.0,
30,10,0.333,130,alternate,10,1,0.743,0.0453,0.0,0.0505,,0.0,
30,10,0.333,100,always_short,10,1,0.7487,0.0453,0.0,0.0461,,0.0,
30,10,0.333,100,always_long,10,1,0.7373,0.0453,0.0,0.0568,,0.0,
30,10,0.333,100,alternate,10,1,0.743,0.0453,0.0,0.0506,,0.0,
30,10,0.333,66,always_long,10,1,0.7372,0.0452,0.0,0.0569,,0.0,
30,8,0.267,130,always_short,10,2,0.7834,0.0537,0.0,0.149,,0.0,
30,10,0.333,66,alternate,10,1,0.7429,0.0453,0.0,0.0506,,0.0,
30,10,0.333,45,always_short,10,1,0.7485,0.0453,0.0,0.0462,,0.0,
30,10,0.333,45,always_long,10,1,0.7372,0.0452,0.0,0.0569,,0.0,
30,10,0.333,45,alternate,10,1,0.7429,0.0452,0.0,0.0506,,0.0,
30,10,0.333,30,always_short,10,1,0.7471,0.0453,0.0,0.0474,,0.0,
30,10,0.333,30,always_long,10,1,0.7366,0.0451,0.0,0.0571,,0.0,
30,10,0.333,30,alternate,10,1,0.7419,0.0452,0.0,0.0511,,0.0,
30,8,0.267,130,always_short,20,1,0.7834,0.0537,0.0,0.3332,,0.0,
30,2,0.067,45,always_short,40,1,0.9034,0.0913,0.0,0.2105,,0.0,
30,2,0.067,45,always_short,30,2,0.9034,0.0913,0.0,0.5751,,0.0,
30,2,0.067,45,always_short,30,1,0.9034,0.0913,0.0,0.2105,,0.0,
25,2,0.08,130,always_short,20,2,0.8765,0.1303,0.0,0.4695,,0.0,
25,2,0.08,130,always_short,10,2,0.8765,0.1303,0.0,0.0585,,0.0,
25,2,0.08,130,always_short,10,1,0.8765,0.1303,0.0,0.0011,,0.0,
25,2,0.08,130,always_long,50,2,0.8724,0.1353,0.0,0.6911,,0.0,
25,2,0.08,130,always_long,50,1,0.8724,0.1353,0.0,0.3385,,0.0,
25,2,0.08,130,always_long,40,2,0.8724,0.1353,0.0,0.7266,,0.0,
25,2,0.08,130,always_long,40,1,0.8724,0.1353,0.0,0.3385,,0.0,
25,2,0.08,130,always_long,30,2,0.8724,0.1353,0.0,0.7169,,0.0,
25,2,0.08,130,always_long,30,1,0.8724,0.1353,0.0,0.3005,,0.0,
25,2,0.08,130,always_long,20,2,0.8724,0.1353,0.0,0.4959,,0.0,
25,2,0.08,130,always_long,20,1,0.8724,0.1353,0.0,0.1179,,0.0,
25,2,0.08,130,always_long,10,2,0.8724,0.1353,0.0,0.0671,,0.0,
25,2,0.08,130,always_long,10,1,0.8724,0.1353,0.0,0.0016,,0.0,
25,2,0.08,130,alternate,50,2,0.8745,0.1328,0.0,0.681,,0.0,
25,2,0.08,130,alternate,50,1,0.8745,0.1328,0.0,0.3302,,0.0,
25,2,0.08,130,alternate,40,2,0.8745,0.1328,0.0,0.7164,,0.0,
25,2,0.08,130,alternate,40,1,0.8745,0.1328,0.0,0.3302,,0.0,
25,2,0.08,130,alternate,30,2,0.8745,0.1328,0.0,0.7055,,0.0,
25,2,0.08,130,alternate,30,1,0.8745,0.1328,0.0,0.2925,,0.0,
25,2,0.08,130,alternate,20,2,0.8745,0.1328,0.0,0.4821,,0.0,
25,2,0.08,130,always_short,20,1,0.8765,0.1303,0.0,0.1065,,0.0,
25,2,0.08,130,always_short,30,1,0.8765,0.1303,0.0,0.2836,,0.0,
25,2,0.08,130,alternate,10,2,0.8745,0.1328,0.0,0.0635,,0.0,
25,2,0.08,130,always_short,30,2,0.8765,0.1303,0.0,0.6923,,0.0,
25,3,0.12,30,always_long,40,1,0.8488,0.1219,0.0,0.406,,0.0,
25,3,0.12,30,always_long,30,2,0.8488,0.1219,0.0,0.711,,0.0,
25,3,0.12,30,always_long,30,1,0.8488,0.1219,0.0,0.3999,,0.0,
25,3,0.12,30,always_long,20,2,0.8488,0.1219,0.0,0.4778,,0.0,
25,3,0.12,30,always_long,20,1,0.8488,0.1219,0.0,0.1834,,0.0,
25,3,0.12,30,always_long,10,2,0.8488,0.1219,0.0,0.073,,0.0,
25,3,0.12,30,always_long,10,1,0.8488,0.1219,0.0,0.0041,,0.0,
25,3,0.12,30,alternate,50,1,0.8511,0.1198,0.0,0.3676,,0.0,
25,3,0.12,30,alternate,40,1,0.8511,0.1198,0.0,0.3967,,0.0,
25,3,0.12,30,alternate,30,2,0.8511,0.1198,0.0,0.6984,,0.0,
25,3,0.12,30,alternate,30,1,0.8511,0.1198,0.0,0.3891,,0.0,
25,3,0.12,30,alternate,20,2,0.8511,0.1198,0.0,0.4639,,0.0,
25,3,0.12,30,alternate,20,1,0.8511,0.1198,0.0,0.1765,,0.0,
25,3,0.12,30,alternate,10,2,0.8511,0.1198,0.0,0.069,,0.0,
25,3,0.12,30,alternate,10,1,0.8511,0.1198,0.0,0.004,,0.0,
25,2,0.08,130,always_short,50,2,0.8765,0.1303,0.0,0.6684,,0.0,
25,2,0.08,130,always_short,50,1,0.8765,0.1303,0.0,0.321,,0.0,
25,2,0.08,130,always_short,40,2,0.8765,0.1303,0.0,0.7031,,0.0,
25,2,0.08,130,always_short,40,1,0.8765,0.1303,0.0,0.321,,0.0,
25,2,0.08,130,alternate,20,1,0.8745,0.1328,0.0,0.1119,,0.0,
25,2,0.08,130,alternate,10,1,0.8745,0.1328,0.0,0.0014,,0.0,
25,3,0.12,30,always_short,10,1,0.8533,0.1176,0.0,0.0037,,0.0,
25,2,0.08,100,alternate,40,2,0.8745,0.1327,0.0,0.7163,,0.0,
25,2,0.08,100,alternate,30,2,0.8745,0.1327,0.0,0.7054,,0.0,
25,2,0.08,100,alternate,30,1,0.8745,0.1327,0.0,0.2925,,0.0,
25,2,0.08,100,alternate,20,2,0.8745,0.1327,0.0,0.4819,,0.0,
25,2,0.08,100,alternate,20,1,0.8745,0.1327,0.0,0.1118,,0.0,
25,2,0.08,100,alternate,10,2,0.8745,0.1327,0.0,0.0634,,0.0,
25,2,0.08,100,alternate,10,1,0.8745,0.1327,0.0,0.0014,,0.0,
25,2,0.08,66,always_short,50,2,0.8766,0.1302,0.0,0.6679,,0.0,
25,2,0.08,66,always_short,50,1,0.8766,0.1302,0.0,0.3206,,0.0,
25,2,0.08,66,always_short,40,2,0.8766,0.1302,0.0,0.7026,,0.0,
25,2,0.08,66,always_short,40,1,0.8766,0.1302,0.0,0.3206,,0.0,
25,2,0.08,66,always_short,30,2,0.8766,0.1302,0.0,0.6919,,0.0,
25,2,0.08,66,always_short,30,1,0.8766,0.1302,0.0,0.2833,,0.0,
25,2,0.08,66,always_short,20,2,0.8766,0.1302,0.0,0.4688,,0.0,
25,2,0.08,66,always_short,20,1,0.8766,0.1302,0.0,0.1064,,0.0,
25,2,0.08,66,always_short,10,2,0.8766,0.1302,0.0,0.0583,,0.0,
25,2,0.08,66,always_short,10,1,0.8766,0.1302,0.0,0.0011,,0.0,
25,2,0.08,66,always_long,50,2,0.8725,0.1352,0.0,0.691,,0.0,
25,2,0.08,66,always_long,50,1,0.8725,0.1352,0.0,0.3382,,0.0,
25,2,0.08,66,always_long,40,2,0.8725,0.1352,0.0,0.7265,,0.0,
25,2,0.08,100,alternate,40,1,0.8745,0.1327,0.0,0.3302,,0.0,
25,2,0.08,100,alternate,50,1,0.8745,0.1327,0.0,0.3302,,0.0,
25,2,0.08,100,always_short,50,2,0.8766,0.1302,0.0,0.6681,,0.0,
25,2,0.08,100,alternate,50,2,0.8745,0.1327,0.0,0.6807,,0.0,
25,2,0.08,100,always_short,50,1,0.8766,0.1302,0.0,0.321,,0.0,
25,2,0.08,100,always_short,40,2,0.8766,0.1302,0.0,0.7029,,0.0,
25,2,0.08,100,always_short,40,1,0.8766,0.1302,0.0,0.321,,0.0,
25,2,0.08,100,always_short,30,2,0.8766,0.1302,0.0,0.692,,0.0,
25,2,0.08,100,always_short,30,1,0.8766,0.1302,0.0,0.2836,,0.0,
25,2,0.08,100,always_short,20,2,0.8766,0.1302,0.0,0.4694,,0.0,
25,2,0.08,100,always_short,20,1,0.8766,0.1302,0.0,0.1064,,0.0,
25,2,0.08,100,always_short,10,2,0.8766,0.1302,0.0,0.0584,,0.0,
25,2,0.08,100,always_short,10,1,0.8766,0.1302,0.0,0.0011,,0.0,
25,2,0.08,100,always_long,50,2,0.8724,0.1352,0.0,0.6911,,0.0,
25,2,0.08,100,always_long,50,1,0.8724,0.1352,0.0,0.3385,,0.0,
25,2,0.08,100,always_long,40,2,0.8724,0.1352,0.0,0.7266,,0.0,
25,2,0.08,100,always_long,40,1,0.8724,0.1352,0.0,0.3385,,0.0,
25,2,0.08,100,always_long,30,2,0.8724,0.1352,0.0,0.7169,,0.0,
25,2,0.08,100,always_long,30,1,0.8724,0.1352,0.0,0.3005,,0.0,
25,2,0.08,100,always_long,20,2,0.8724,0.1352,0.0,0.4959,,0.0,
25,2,0.08,100,always_long,20,1,0.8724,0.1352,0.0,0.1179,,0.0,
25,2,0.08,100,always_long,10,2,0.8724,0.1352,0.0,0.0671,,0.0,
25,2,0.08,100,always_long,10,1,0.8724,0.1352,0.0,0.0016,,0.0,
25,3,0.12,30,always_long,50,1,0.8488,0.1219,0.0,0.3754,,0.0,
25,3,0.12,30,always_short,10,2,0.8533,0.1176,0.0,0.0641,,0.0,
30,2,0.067,45,always_short,20,2,0.9034,0.0913,0.0,0.4054,,0.0,
25,3,0.12,100,always_long,30,2,0.8488,0.122,0.0,0.711,,0.0,
25,3,0.12,100,always_long,20,2,0.8488,0.122,0.0,0.4778,,0.0,
25,3,0.12,100,always_long,20,1,0.8488,0.122,0.0,0.1835,,0.0,
25,3,0.12,100,always_long,10,2,0.8488,0.122,0.0,0.073,,0.0,
25,3,0.12,100,always_long,10,1,0.8488,0.122,0.0,0.0041,,0.0,
25,3,0.12,100,alternate,50,1,0.8512,0.1199,0.0,0.3673,,0.0,
25,3,0.12,100,alternate,40,1,0.8512,0.1199,0.0,0.3964,,0.0,
25,3,0.12,100,alternate,30,2,0.8512,0.1199,0.0,0.6977,,0.0,
25,3,0.12,100,alternate,30,1,0.8512,0.1199,0.0,0.3889,,0.0,
25,3,0.12,100,alternate,20,2,0.8512,0.1199,0.0,0.4639,,0.0,
25,3,0.12,100,alternate,20,1,0.8512,0.1199,0.0,0.1762,,0.0,
25,3,0.12,100,alternate,10,2,0.8512,0.1199,0.0,0.0688,,0.0,
25,3,0.12,100,alternate,10,1,0.8512,0.1199,0.0,0.004,,0.0,
25,3,0.12,66,always_short,50,1,0.8536,0.1177,0.0,0.3581,,0.0,
25,3,0.12,66,always_short,40,1,0.8536,0.1177,0.0,0.3857,,0.0,
25,3,0.12,66,always_short,30,2,0.8536,0.1177,0.0,0.6859,,0.0,
25,3,0.12,66,always_short,30,1,0.8536,0.1177,0.0,0.3774,,0.0,
25,3,0.12,66,always_short,20,2,0.8536,0.1177,0.0,0.4515,,0.0,
25,3,0.12,66,always_short,20,1,0.8536,0.1177,0.0,0.1691,,0.0,
25,3,0.12,66,always_short,10,2,0.8536,0.1177,0.0,0.0638,,0.0,
25,3,0.12,100,always_long,30,1,0.8488,0.122,0.0,0.3999,,0.0,
25,3,0.12,100,always_long,40,1,0.8488,0.122,0.0,0.406,,0.0,
25,3,0.12,66,always_long,50,1,0.8488,0.122,0.0,0.3754,,0.0,
25,3,0.12,100,always_long,50,1,0.8488,0.122,0.0,0.3755,,0.0,
25,3,0.12,130,always_long,20,1,0.8488,0.1221,0.0,0.1835,,0.0,
25,3,0.12,130,always_long,10,2,0.8488,0.1221,0.0,0.073,,0.0,
25,3,0.12,130,always_long,10,1,0.8488,0.1221,0.0,0.0041,,0.0,
25,3,0.12,130,alternate,50,1,0.8512,0.12,0.0,0.3674,,0.0,
25,3,0.12,130,alternate,40,1,0.8512,0.12,0.0,0.3965,,0.0,
25,3,0.12,130,alternate,30,2,0.8512,0.12,0.0,0.6977,,0.0,
25,3,0.12,130,alternate,30,1,0.8512,0.12,0.0,0.3889,,0.0,
25,3,0.12,130,alternate,20,2,0.8512,0.12,0.0,0.4639,,0.0,
25,3,0.12,130,alternate,20,1,0.8512,0.12,0.0,0.1764,,0.0,
25,3,0.12,130,alternate,10,2,0.8512,0.12,0.0,0.0688,,0.0,
25,3,0.12,130,alternate,10,1,0.8512,0.12,0.0,0.004,,0.0,
25,3,0.12,100,always_short,50,1,0.8536,0.1177,0.0,0.3578,,0.0,
25,3,0.12,100,always_short,40,1,0.8536,0.1177,0.0,0.3854,,0.0,
25,3,0.12,100,always_short,30,2,0.8536,0.1177,0.0,0.6857,,0.0,
25,3,0.12,100,always_short,30,1,0.8536,0.1177,0.0,0.3771,,0.0,
25,3,0.12,100,always_short,20,2,0.8536,0.1177,0.0,0.4512,,0.0,
25,3,0.12,100,always_short,20,1,0.8536,0.1177,0.0,0.1689,,0.0,
25,3,0.12,100,always_short,10,2,0.8536,0.1177,0.0,0.0636,,0.0,
25,3,0.12,100,always_short,10,1,0.8536,0.1177,0.0,0.0036,,0.0,
25,3,0.12,66,always_short,10,1,0.8536,0.1177,0.0,0.0036,,0.0,
25,3,0.12,66,always_long,40,1,0.8488,0.122,0.0,0.406,,0.0,
25,3,0.12,30,always_short,20,1,0.8533,0.1176,0.0,0.1698,,0.0,
25,3,0.12,45,always_long,50,1,0.8489,0.1219,0.0,0.3754,,0.0,
25,3,0.12,45,always_long,30,2,0.8489,0.1219,0.0,0.7104,,0.0,
25,3,0.12,45,always_long,30,1,0.8489,0.1219,0.0,0.3997,,0.0,
25,3,0.12,45,always_long,20,2,0.8489,0.1219,0.0,0.4778,,0.0,
25,3,0.12,45,always_long,20,1,0.8489,0.1219,0.0,0.1834,,0.0,
25,3,0.12,45,always_long,10,2,0.8489,0.1219,0.0,0.0729,,0.0,
25,3,0.12,45,always_long,10,1,0.8489,0.1219,0.0,0.0041,,0.0,
25,3,0.12,45,alternate,50,1,0.8512,0.1198,0.0,0.3674,,0.0,
25,3,0.12,45,alternate,40,1,0.8512,0.1198,0.0,0.3965,,0.0,
25,3,0.12,45,alternate,30,2,0.8512,0.1198,0.0,0.6977,,0.0,
25,3,0.12,45,alternate,30,1,0.8512,0.1198,0.0,0.3889,,0.0,
25,3,0.12,45,alternate,20,2,0.8512,0.1198,0.0,0.4639,,0.0,
25,3,0.12,45,alternate,20,1,0.8512,0.1198,0.0,0.1764,,0.0,
25,3,0.12,45,alternate,10,2,0.8512,0.1198,0.0,0.0688,,0.0,
25,3,0.12,45,alternate,10,1,0.8512,0.1198,0.0,0.004,,0.0,
25,3,0.12,30,always_short,50,1,0.8533,0.1176,0.0,0.3589,,0.0,
25,3,0.12,30,always_short,40,1,0.8533,0.1176,0.0,0.3866,,0.0,
25,3,0.12,30,always_short,30,2,0.8533,0.1176,0.0,0.6875,,0.0,
25,3,0.12,30,always_short,30,1,0.8533,0.1176,0.0,0.3781,,0.0,
25,3,0.12,30,always_short,20,2,0.8533,0.1176,0.0,0.452,,0.0,
25,3,0.12,45,always_long,40,1,0.8489,0.1219,0.0,0.4059,,0.0,
25,3,0.12,45,always_short,10,1,0.8535,0.1177,0.0,0.0036,,0.0,
25,3,0.12,66,always_long,30,2,0.8488,0.122,0.0,0.711,,0.0,
25,3,0.12,45,always_short,10,2,0.8535,0.1177,0.0,0.0638,,0.0,
25,3,0.12,66,always_long,30,1,0.8488,0.122,0.0,0.3999,,0.0,
25,3,0.12,66,always_long,20,2,0.8488,0.122,0.0,0.4778,,0.0,
25,3,0.12,66,always_long,20,1,0.8488,0.122,0.0,0.1834,,0.0,
25,3,0.12,66,always_long,10,2,0.8488,0.122,0.0,0.073,,0.0,
25,3,0.12,66,always_long,10,1,0.8488,0.122,0.0,0.0041,,0.0,
25,3,0.12,66,alternate,50,1,0.8512,0.1199,0.0,0.3673,,0.0,
25,3,0.12,66,alternate,40,1,0.8512,0.1199,0.0,0.3964,,0.0,
25,3,0.12,66,alternate,30,2,0.8512,0.1199,0.0,0.6977,,0.0,
25,3,0.12,66,alternate,30,1,0.8512,0.1199,0.0,0.3889,,0.0,
25,3,0.12,66,alternate,20,2,0.8512,0.1199,0.0,0.4639,,0.0,
25,3,0.12,66,alternate,20,1,0.8512,0.1199,0.0,0.1762,,0.0,
25,3,0.12,66,alternate,10,2,0.8512,0.1199,0.0,0.0688,,0.0,
25,3,0.12,66,alternate,10,1,0.8512,0.1199,0.0,0.004,,0.0,
25,3,0.12,45,always_short,50,1,0.8535,0.1177,0.0,0.3581,,0.0,
25,3,0.12,45,always_short,40,1,0.8535,0.1177,0.0,0.3857,,0.0,
25,3,0.12,45,always_short,30,2,0.8535,0.1177,0.0,0.6865,,0.0,
25,3,0.12,45,always_short,30,1,0.8535,0.1177,0.0,0.3774,,0.0,
25,3,0.12,45,always_short,20,2,0.8535,0.1177,0.0,0.4515,,0.0,
25,3,0.12,45,always_short,20,1,0.8535,0.1177,0.0,0.1691,,0.0,
25,2,0.08,66,always_long,40,1,0.8725,0.1352,0.0,0.3382,,0.0,
25,2,0.08,66,always_long,30,2,0.8725,0.1352,0.0,0.7167,,0.0,
25,2,0.08,66,always_long,30,1,0.8725,0.1352,0.0,0.3003,,0.0,
20,8,0.4,100,always_short,20,1,0.6999,0.1074,0.0,0.2399,,0.0,
20,8,0.4,100,always_short,10,1,0.6999,0.1074,0.0,0.009,,0.0,
20,8,0.4,100,always_long,20,1,0.6909,0.1058,0.0,0.2617,,0.0,
20,8,0.4,100,always_long,10,2,0.6909,0.1058,0.0,0.0986,,0.0,
20,8,0.4,100,always_long,10,1,0.6909,0.1058,0.0,0.012,,0.0,
20,8,0.4,100,alternate,20,1,0.6954,0.1066,0.0,0.2497,,0.0,
20,8,0.4,100,alternate,10,2,0.6954,0.1066,0.0,0.0897,,0.0,
20,8,0.4,100,alternate,10,1,0.6954,0.1066,0.0,0.0107,,0.0,
20,8,0.4,66,always_short,20,1,0.6998,0.1074,0.0,0.2401,,0.0,
20,8,0.4,66,always_short,10,2,0.6998,0.1074,0.0,0.0826,,0.0,
20,8,0.4,66,always_short,10,1,0.6998,0.1074,0.0,0.009,,0.0,
20,8,0.4,66,always_long,20,1,0.6909,0.1057,0.0,0.2617,,0.0,
20,8,0.4,66,always_long,10,2,0.6909,0.1057,0.0,0.0985,,0.0,
20,8,0.4,66,always_long,10,1,0.6909,0.1057,0.0,0.012,,0.0,
20,8,0.4,66,alternate,20,1,0.6954,0.1065,0.0,0.2497,,0.0,
20,8,0.4,66,alternate,10,2,0.6954,0.1065,0.0,0.0897,,0.0,
20,8,0.4,66,alternate,10,1,0.6954,0.1065,0.0,0.0107,,0.0,
20,8,0.4,45,always_short,20,1,0.6998,0.1073,0.0,0.2402,,0.0,
20,8,0.4,45,always_short,10,2,0.6998,0.1073,0.0,0.0828,,0.0,
20,8,0.4,45,always_short,10,1,0.6998,0.1073,0.0,0.009,,0.0,
20,8,0.4,100,always_short,10,2,0.6999,0.1074,0.0,0.0826,,0.0,
20,8,0.4,130,alternate,10,1,0.6954,0.1067,0.0,0.0107,,0.0,
20,8,0.4,45,always_long,10,2,0.691,0.1056,0.0,0.0983,,0.0,
20,8,0.4,130,alternate,10,2,0.6954,0.1067,0.0,0.0897,,0.0,
20,10,0.5,45,always_short,10,2,0.66,0.089,0.0,0.1017,,0.0,
20,10,0.5,45,always_short,10,1,0.66,0.089,0.0,0.0143,,0.0,
20,10,0.5,45,always_long,10,2,0.6498,0.0891,0.0,0.125,,0.0,
20,10,0.5,45,always_long,10,1,0.6498,0.0891,0.0,0.0175,,0.0,
20,10,0.5,45,alternate,10,2,0.6549,0.0891,0.0,0.1136,,0.0,
20,10,0.5,45,alternate,10,1,0.6549,0.0891,0.0,0.0159,,0.0,
20,10,0.5,30,always_short,10,2,0.6597,0.089,0.0,0.1022,,0.0,
20,10,0.5,30,always_short,10,1,0.6597,0.089,0.0,0.0145,,0.0,
20,10,0.5,30,always_long,10,2,0.6495,0.0891,0.0,0.1254,,0.0,
20,10,0.5,30,always_long,10,1,0.6495,0.0891,0.0,0.0175,,0.0,
20,10,0.5,30,alternate,10,2,0.6546,0.089,0.0,0.1143,,0.0,
20,10,0.5,30,alternate,10,1,0.6546,0.089,0.0,0.0161,,0.0,
20,8,0.4,130,always_short,20,1,0.7,0.1075,0.0,0.2397,,0.0,
20,8,0.4,130,always_short,10,2,0.7,0.1075,0.0,0.0824,,0.0,
20,8,0.4,130,always_short,10,1,0.7,0.1075,0.0,0.0089,,0.0,
20,8,0.4,130,always_long,20,1,0.6908,0.1058,0.0,0.2619,,0.0,
20,8,0.4,130,always_long,10,2,0.6908,0.1058,0.0,0.0989,,0.0,
20,8,0.4,130,always_long,10,1,0.6908,0.1058,0.0,0.012,,0.0,
20,8,0.4,130,alternate,20,1,0.6954,0.1067,0.0,0.2497,,0.0,
20,8,0.4,45,always_long,20,1,0.691,0.1056,0.0,0.2615,,0.0,
20,8,0.4,45,always_long,10,1,0.691,0.1056,0.0,0.0119,,0.0,
25,2,0.08,66,always_long,20,2,0.8725,0.1352,0.0,0.4955,,0.0,
20,6,0.3,130,alternate,10,2,0.7388,0.1272,0.0,0.0783,,0.0,
20,6,0.3,100,always_short,30,1,0.7427,0.1262,0.0,0.4734,,0.0,
20,6,0.3,100,always_short,20,1,0.7427,0.1262,0.0,0.202,,0.0,
20,6,0.3,100,always_short,10,2,0.7427,0.1262,0.0,0.0704,,0.0,
20,6,0.3,100,always_short,10,1,0.7427,0.1262,0.0,0.004,,0.0,
20,6,0.3,100,always_long,30,1,0.7349,0.128,0.0,0.4984,,0.0,
20,6,0.3,100,always_long,20,1,0.7349,0.128,0.0,0.2265,,0.0,
20,6,0.3,100,always_long,10,2,0.7349,0.128,0.0,0.0848,,0.0,
20,6,0.3,100,always_long,10,1,0.7349,0.128,0.0,0.0055,,0.0,
20,6,0.3,100,alternate,30,1,0.7388,0.1271,0.0,0.4869,,0.0,
20,6,0.3,100,alternate,20,1,0.7388,0.1271,0.0,0.2145,,0.0,
20,6,0.3,100,alternate,10,2,0.7388,0.1271,0.0,0.0783,,0.0,
20,6,0.3,100,alternate,10,1,0.7388,0.1271,0.0,0.005,,0.0,
20,6,0.3,66,always_short,30,1,0.7427,0.1262,0.0,0.4735,,0.0,
20,6,0.3,66,always_short,20,1,0.7427,0.1262,0.0,0.202,,0.0,
20,6,0.3,66,always_short,10,2,0.7427,0.1262,0.0,0.0705,,0.0,
20,6,0.3,66,always_short,10,1,0.7427,0.1262,0.0,0.004,,0.0,
20,6,0.3,66,always_long,30,1,0.735,0.1279,0.0,0.4981,,0.0,
20,6,0.3,66,always_long,20,1,0.735,0.1279,0.0,0.2264,,0.0,
20,6,0.3,66,always_long,10,2,0.735,0.1279,0.0,0.0846,,0.0,
20,6,0.3,130,alternate,10,1,0.7388,0.1272,0.0,0.005,,0.0,
20,6,0.3,130,alternate,20,1,0.7388,0.1272,0.0,0.2144,,0.0,
20,8,0.4,45,alternate,20,1,0.6954,0.1065,0.0,0.2497,,0.0,
20,6,0.3,130,alternate,30,1,0.7388,0.1272,0.0,0.4869,,0.0,
20,8,0.4,45,alternate,10,2,0.6954,0.1065,0.0,0.0897,,0.0,
20,8,0.4,45,alternate,10,1,0.6954,0.1065,0.0,0.0107,,0.0,
20,8,0.4,30,always_short,20,1,0.6994,0.1073,0.0,0.2411,,0.0,
20,8,0.4,30,always_short,10,2,0.6994,0.1073,0.0,0.083,,0.0,
20,8,0.4,30,always_short,10,1,0.6994,0.1073,0.0,0.009,,0.0,
20,8,0.4,30,always_long,20,1,0.6907,0.1056,0.0,0.2619,,0.0,
20,8,0.4,30,always_long,10,2,0.6907,0.1056,0.0,0.0989,,0.0,
20,8,0.4,30,always_long,10,1,0.6907,0.1056,0.0,0.0121,,0.0,
20,8,0.4,30,alternate,20,1,0.6951,0.1064,0.0,0.2505,,0.0,
20,8,0.4,30,alternate,10,2,0.6951,0.1064,0.0,0.0905,,0.0,
20,8,0.4,30,alternate,10,1,0.6951,0.1064,0.0,0.011,,0.0,
20,6,0.3,130,always_short,30,1,0.7428,0.1263,0.0,0.4734,,0.0,
20,6,0.3,130,always_short,20,1,0.7428,0.1263,0.0,0.2019,,0.0,
20,6,0.3,130,always_short,10,2,0.7428,0.1263,0.0,0.0701,,0.0,
20,6,0.3,130,always_short,10,1,0.7428,0.1263,0.0,0.004,,0.0,
20,6,0.3,130,always_long,30,1,0.7349,0.1281,0.0,0.4985,,0.0,
20,6,0.3,130,always_long,20,1,0.7349,0.1281,0.0,0.2265,,0.0,
20,6,0.3,130,always_long,10,2,0.7349,0.1281,0.0,0.0848,,0.0,
20,6,0.3,130,always_long,10,1,0.7349,0.1281,0.0,0.0055,,0.0,
20,10,0.5,66,alternate,10,1,0.6549,0.0891,0.0,0.0159,,0.0,
20,10,0.5,66,alternate,10,2,0.6549,0.0891,0.0,0.1136,,0.0,
20,10,0.5,66,always_long,10,1,0.6497,0.0892,0.0,0.0175,,0.0,
25,2,0.08,45,always_short,10,2,0.8767,0.1302,0.0,0.0581,,0.0,
25,2,0.08,45,always_long,50,2,0.8725,0.1351,0.0,0.6909,,0.0,
25,2,0.08,45,always_long,50,1,0.8725,0.1351,0.0,0.3382,,0.0,
25,2,0.08,45,always_long,40,2,0.8725,0.1351,0.0,0.7264,,0.0,
25,2,0.08,45,always_long,40,1,0.8725,0.1351,0.0,0.3382,,0.0,
25,2,0.08,45,always_long,30,2,0.8725,0.1351,0.0,0.7166,,0.0,
25,2,0.08,45,always_long,30,1,0.8725,0.1351,0.0,0.3003,,0.0,
25,2,0.08,45,always_long,20,2,0.8725,0.1351,0.0,0.4954,,0.0,
25,2,0.08,45,always_long,20,1,0.8725,0.1351,0.0,0.1177,,0.0,
25,2,0.08,45,always_long,10,2,0.8725,0.1351,0.0,0.0668,,0.0,
25,2,0.08,45,always_long,10,1,0.8725,0.1351,0.0,0.0015,,0.0,
25,2,0.08,45,alternate,50,2,0.8746,0.1326,0.0,0.6805,,0.0,
25,2,0.08,45,alternate,50,1,0.8746,0.1326,0.0,0.3301,,0.0,
25,2,0.08,45,alternate,40,2,0.8746,0.1326,0.0,0.716,,0.0,
25,2,0.08,45,alternate,40,1,0.8746,0.1326,0.0,0.3301,,0.0,
25,2,0.08,45,alternate,30,2,0.8746,0.1326,0.0,0.705,,0.0,
25,2,0.08,45,alternate,30,1,0.8746,0.1326,0.0,0.2925,,0.0,
25,2,0.08,45,alternate,20,2,0.8746,0.1326,0.0,0.4815,,0.0,
25,2,0.08,45,alternate,20,1,0.8746,0.1326,0.0,0.1114,,0.0,
25,2,0.08,45,alternate,10,2,0.8746,0.1326,0.0,0.0626,,0.0,
25,2,0.08,45,always_short,10,1,0.8767,0.1302,0.0,0.0011,,0.0,
25,2,0.08,45,always_short,20,1,0.8767,0.1302,0.0,0.1064,,0.0,
20,10,0.5,66,always_long,10,2,0.6497,0.0892,0.0,0.1253,,0.0,
25,2,0.08,45,always_short,20,2,0.8767,0.1302,0.0,0.4686,,0.0,
25,2,0.08,66,always_long,20,1,0.8725,0.1352,0.0,0.1179,,0.0,
25,2,0.08,66,always_long,10,2,0.8725,0.1352,0.0,0.0669,,0.0,
25,2,0.08,66,always_long,10,1,0.8725,0.1352,0.0,0.0016,,0.0,
25,2,0.08,66,alternate,50,2,0.8745,0.1327,0.0,0.6805,,0.0,
25,2,0.08,66,alternate,50,1,0.8745,0.1327,0.0,0.3301,,0.0,
25,2,0.08,66,alternate,40,2,0.8745,0.1327,0.0,0.716,,0.0,
25,2,0.08,66,alternate,40,1,0.8745,0.1327,0.0,0.3301,,0.0,
25,2,0.08,66,alternate,30,2,0.8745,0.1327,0.0,0.7051,,0.0,
25,2,0.08,66,alternate,30,1,0.8745,0.1327,0.0,0.2925,,0.0,
25,2,0.08,66,alternate,20,2,0.8745,0.1327,0.0,0.4815,,0.0,
25,2,0.08,66,alternate,20,1,0.8745,0.1327,0.0,0.1115,,0.0,
25,2,0.08,66,alternate,10,2,0.8745,0.1327,0.0,0.0629,,0.0,
25,2,0.08,66,alternate,10,1,0.8745,0.1327,0.0,0.0014,,0.0,
25,2,0.08,45,always_short,50,2,0.8767,0.1302,0.0,0.6675,,0.0,
25,2,0.08,45,always_short,50,1,0.8767,0.1302,0.0,0.3205,,0.0,
25,2,0.08,45,always_short,40,2,0.8767,0.1302,0.0,0.7021,,0.0,
25,2,0.08,45,always_short,40,1,0.8767,0.1302,0.0,0.3205,,0.0,
25,2,0.08,45,always_short,30,2,0.8767,0.1302,0.0,0.6914,,0.0,
25,2,0.08,45,always_short,30,1,0.8767,0.1302,0.0,0.2831,,0.0,
25,2,0.08,45,alternate,10,1,0.8746,0.1326,0.0,0.0014,,0.0,
25,2,0.08,30,always_short,50,2,0.8766,0.1301,0.0,0.6681,,0.0,
25,2,0.08,30,always_short,50,1,0.8766,0.1301,0.0,0.321,,0.0,
25,2,0.08,30,always_short,40,2,0.8766,0.1301,0.0,0.7029,,0.0,
25,2,0.08,30,alternate,30,1,0.8745,0.1326,0.0,0.2925,,0.0,
25,2,0.08,30,alternate,20,2,0.8745,0.1326,0.0,0.4816,,0.0,
25,2,0.08,30,alternate,20,1,0.8745,0.1326,0.0,0.1116,,0.0,
25,2,0.08,30,alternate,10,2,0.8745,0.1326,0.0,0.063,,0.0,
25,2,0.08,30,alternate,10,1,0.8745,0.1326,0.0,0.0014,,0.0,
20,10,0.5,130,always_short,10,2,0.6602,0.0892,0.0,0.1014,,0.0,
20,10,0.5,130,always_short,10,1,0.6602,0.0892,0.0,0.0143,,0.0,
20,10,0.5,130,always_long,10,2,0.6497,0.0893,0.0,0.1253,,0.0,
20,10,0.5,130,always_long,10,1,0.6497,0.0893,0.0,0.0175,,0.0,
20,10,0.5,130,alternate,10,2,0.655,0.0892,0.0,0.1135,,0.0,
20,10,0.5,130,alternate,10,1,0.655,0.0892,0.0,0.0159,,0.0,
20,10,0.5,100,always_short,10,2,0.6602,0.0891,0.0,0.1017,,0.0,
20,10,0.5,100,always_short,10,1,0.6602,0.0891,0.0,0.0143,,0.0,
20,10,0.5,100,always_long,10,2,0.6498,0.0892,0.0,0.125,,0.0,
20,10,0.5,100,always_long,10,1,0.6498,0.0892,0.0,0.0175,,0.0,
20,10,0.5,100,alternate,10,2,0.655,0.0892,0.0,0.1135,,0.0,
20,10,0.5,100,alternate,10,1,0.655,0.0892,0.0,0.0159,,0.0,
20,10,0.5,66,always_short,10,2,0.6601,0.0891,0.0,0.1017,,0.0,
20,10,0.5,66,always_short,10,1,0.6601,0.0891,0.0,0.0143,,0.0,
25,2,0.08,30,alternate,30,2,0.8745,0.1326,0.0,0.7051,,0.0,
25,2,0.08,30,alternate,40,1,0.8745,0.1326,0.0,0.3301,,0.0,
25,2,0.08,30,alternate,40,2,0.8745,0.1326,0.0,0.716,,0.0,
25,2,0.08,30,always_long,50,1,0.8725,0.1351,0.0,0.3382,,0.0,
25,2,0.08,30,always_short,40,1,0.8766,0.1301,0.0,0.321,,0.0,
25,2,0.08,30,always_short,30,2,0.8766,0.1301,0.0,0.692,,0.0,
25,2,0.08,30,always_short,30,1,0.8766,0.1301,0.0,0.2836,,0.0,
25,2,0.08,30,always_short,20,2,0.8766,0.1301,0.0,0.4694,,0.0,
25,2,0.08,30,always_short,20,1,0.8766,0.1301,0.0,0.1064,,0.0,
25,2,0.08,30,always_short,10,2,0.8766,0.1301,0.0,0.0585,,0.0,
25,2,0.08,30,always_short,10,1,0.8766,0.1301,0.0,0.0011,,0.0,
25,2,0.08,30,always_long,50,2,0.8725,0.1351,0.0,0.6909,,0.0,
25,2,0.08,30,always_long,40,2,0.8725,0.1351,0.0,0.7264,,0.0,
25,2,0.08,30,alternate,50,1,0.8745,0.1326,0.0,0.3301,,0.0,
25,2,0.08,30,always_long,40,1,0.8725,0.1351,0.0,0.3382,,0.0,
25,2,0.08,30,always_long,30,2,0.8725,0.1351,0.0,0.7166,,0.0,
25,2,0.08,30,always_long,30,1,0.8725,0.1351,0.0,0.3003,,0.0,
25,2,0.08,30,always_long,20,2,0.8725,0.1351,0.0,0.4954,,0.0,
25,2,0.08,30,always_long,20,1,0.8725,0.1351,0.0,0.1177,,0.0,
25,2,0.08,30,always_long,10,2,0.8725,0.1351,0.0,0.0668,,0.0,
25,2,0.08,30,always_long,10,1,0.8725,0.1351,0.0,0.0015,,0.0,
25,2,0.08,30,alternate,50,2,0.8745,0.1326,0.0,0.6805,,0.0,
25,3,0.12,130,always_long,20,2,0.8488,0.1221,0.0,0.4778,,0.0,
25,3,0.12,130,always_long,30,1,0.8488,0.1221,0.0,0.4,,0.0,
25,3,0.12,130,always_long,30,2,0.8488,0.1221,0.0,0.711,,0.0,
25,8,0.32,45,always_short,10,1,0.7466,0.0751,0.0,0.0191,,0.0,
25,8,0.32,45,always_long,10,2,0.7385,0.0738,0.0,0.148,,0.0,
25,8,0.32,45,always_long,10,1,0.7385,0.0738,0.0,0.0227,,0.0,
25,8,0.32,45,alternate,20,1,0.7426,0.0744,0.0,0.318,,0.0,
25,8,0.32,45,alternate,10,2,0.7426,0.0744,0.0,0.1348,,0.0,
25,8,0.32,45,alternate,10,1,0.7426,0.0744,0.0,0.0206,,0.0,
25,8,0.32,30,always_short,20,1,0.7459,0.075,0.0,0.3084,,0.0,
25,8,0.32,30,always_short,10,2,0.7459,0.075,0.0,0.126,,0.0,
25,8,0.32,30,always_short,10,1,0.7459,0.075,0.0,0.0195,,0.0,
25,8,0.32,30,always_long,20,1,0.7382,0.0738,0.0,0.3317,,0.0,
25,8,0.32,30,always_long,10,2,0.7382,0.0738,0.0,0.1486,,0.0,
25,8,0.32,30,always_long,10,1,0.7382,0.0738,0.0,0.023,,0.0,
25,8,0.32,30,alternate,20,1,0.7421,0.0744,0.0,0.3196,,0.0,
25,8,0.32,30,alternate,10,2,0.7421,0.0744,0.0,0.1364,,0.0,
25,8,0.32,30,alternate,10,1,0.7421,0.0744,0.0,0.021,,0.0,
25,6,0.24,130,always_short,30,1,0.7872,0.0884,0.0,0.4764,,0.0,
25,6,0.24,130,always_short,20,1,0.7872,0.0884,0.0,0.2336,,0.0,
25,6,0.24,130,always_short,10,2,0.7872,0.0884,0.0,0.0864,,0.0,
25,6,0.24,130,always_short,10,1,0.7872,0.0884,0.0,0.0105,,0.0,
25,6,0.24,130,always_long,30,1,0.7796,0.0897,0.0,0.5019,,0.0,
25,8,0.32,45,always_long,20,1,0.7385,0.0738,0.0,0.3309,,0.0,
25,8,0.32,45,always_short,10,2,0.7466,0.0751,0.0,0.1244,,0.0,
25,6,0.24,130,always_long,10,2,0.7796,0.0897,0.0,0.1036,,0.0,
25,8,0.32,45,always_short,20,1,0.7466,0.0751,0.0,0.3068,,0.0,
25,8,0.32,130,alternate,10,1,0.7426,0.0746,0.0,0.0206,,0.0,
25,8,0.32,100,always_short,20,1,0.7468,0.0751,0.0,0.3066,,0.0,
25,8,0.32,100,always_short,10,2,0.7468,0.0751,0.0,0.1237,,0.0,
25,8,0.32,100,always_short,10,1,0.7468,0.0751,0.0,0.019,,0.0,
25,8,0.32,100,always_long,20,1,0.7384,0.0739,0.0,0.3314,,0.0,
25,8,0.32,100,always_long,10,2,0.7384,0.0739,0.0,0.148,,0.0,
25,8,0.32,100,always_long,10,1,0.7384,0.0739,0.0,0.0229,,0.0,
25,8,0.32,100,alternate,20,1,0.7426,0.0745,0.0,0.318,,0.0,
25,8,0.32,100,alternate,10,2,0.7426,0.0745,0.0,0.1348,,0.0,
25,8,0.32,100,alternate,10,1,0.7426,0.0745,0.0,0.0206,,0.0,
25,8,0.32,66,always_short,20,1,0.7467,0.0751,0.0,0.3068,,0.0,
25,8,0.32,66,always_short,10,2,0.7467,0.0751,0.0,0.1239,,0.0,
25,8,0.32,66,always_short,10,1,0.7467,0.0751,0.0,0.019,,0.0,
25,8,0.32,66,always_long,20,1,0.7384,0.0739,0.0,0.3311,,0.0,
25,8,0.32,66,always_long,10,2,0.7384,0.0739,0.0,0.148,,0.0,
25,8,0.32,66,always_long,10,1,0.7384,0.0739,0.0,0.0229,,0.0,
25,8,0.32,66,alternate,20,1,0.7426,0.0745,0.0,0.318,,0.0,
25,8,0.32,66,alternate,10,2,0.7426,0.0745,0.0,0.1348,,0.0,
25,8,0.32,66,alternate,10,1,0.7426,0.0745,0.0,0.0206,,0.0,
25,6,0.24,130,always_long,20,1,0.7796,0.0897,0.0,0.2579,,0.0,
25,6,0.24,130,always_long,10,1,0.7796,0.0897,0.0,0.0131,,0.0,
25,6,0.24,30,always_long,30,1,0.7794,0.0895,0.0,0.5025,,0.0,
25,6,0.24,66,always_long,10,2,0.7796,0.0896,0.0,0.1035,,0.0,
25,6,0.24,66,alternate,30,1,0.7834,0.089,0.0,0.4896,,0.0,
25,6,0.24,66,alternate,20,1,0.7834,0.089,0.0,0.2449,,0.0,
25,6,0.24,66,alternate,10,2,0.7834,0.089,0.0,0.0949,,0.0,
25,6,0.24,66,alternate,10,1,0.7834,0.089,0.0,0.0115,,0.0,
25,6,0.24,45,always_short,30,1,0.787,0.0883,0.0,0.4769,,0.0,
25,6,0.24,45,always_short,20,1,0.787,0.0883,0.0,0.234,,0.0,
25,6,0.24,45,always_short,10,2,0.787,0.0883,0.0,0.0864,,0.0,
25,6,0.24,45,always_short,10,1,0.787,0.0883,0.0,0.0106,,0.0,
25,6,0.24,45,always_long,30,1,0.7797,0.0896,0.0,0.5015,,0.0,
25,6,0.24,45,always_long,20,1,0.7797,0.0896,0.0,0.2579,,0.0,
25,6,0.24,45,always_long,10,2,0.7797,0.0896,0.0,0.1032,,0.0,
25,6,0.24,45,always_long,10,1,0.7797,0.0896,0.0,0.0129,,0.0,
25,6,0.24,45,alternate,30,1,0.7834,0.089,0.0,0.4898,,0.0,
25,6,0.24,45,alternate,20,1,0.7834,0.089,0.0,0.2449,,0.0,
25,6,0.24,45,alternate,10,2,0.7834,0.089,0.0,0.0949,,0.0,
25,6,0.24,45,alternate,10,1,0.7834,0.089,0.0,0.0115,,0.0,
25,6,0.24,30,always_short,30,1,0.7865,0.0883,0.0,0.4781,,0.0,
25,6,0.24,30,always_short,20,1,0.7865,0.0883,0.0,0.2356,,0.0,
25,6,0.24,30,always_short,10,2,0.7865,0.0883,0.0,0.0881,,0.0,
25,6,0.24,66,always_long,10,1,0.7796,0.0896,0.0,0.013,,0.0,
25,6,0.24,66,always_long,20,1,0.7796,0.0896,0.0,0.2579,,0.0,
25,6,0.24,130,alternate,30,1,0.7834,0.0891,0.0,0.4895,,0.0,
25,6,0.24,66,always_long,30,1,0.7796,0.0896,0.0,0.5016,,0.0,
25,6,0.24,130,alternate,20,1,0.7834,0.0891,0.0,0.2449,,0.0,
25,6,0.24,130,alternate,10,2,0.7834,0.0891,0.0,0.0949,,0.0,
25,6,0.24,130,alternate,10,1,0.7834,0.0891,0.0,0.0115,,0.0,
25,6,0.24,100,always_short,30,1,0.7871,0.0883,0.0,0.4765,,0.0,
25,6,0.24,100,always_short,20,1,0.7871,0.0883,0.0,0.2339,,0.0,
25,6,0.24,100,always_short,10,2,0.7871,0.0883,0.0,0.0864,,0.0,
25,6,0.24,100,always_short,10,1,0.7871,0.0883,0.0,0.0105,,0.0,
25,6,0.24,100,always_long,30,1,0.7796,0.0897,0.0,0.5018,,0.0,
25,6,0.24,100,always_long,20,1,0.7796,0.0897,0.0,0.2579,,0.0,
25,6,0.24,100,always_long,10,2,0.7796,0.0897,0.0,0.1036,,0.0,
25,6,0.24,100,always_long,10,1,0.7796,0.0897,0.0,0.0131,,0.0,
25,6,0.24,100,alternate,30,1,0.7834,0.089,0.0,0.4896,,0.0,
25,6,0.24,100,alternate,20,1,0.7834,0.089,0.0,0.2449,,0.0,
25,6,0.24,100,alternate,10,2,0.7834,0.089,0.0,0.0949,,0.0,
25,6,0.24,100,alternate,10,1,0.7834,0.089,0.0,0.0115,,0.0,
25,6,0.24,66,always_short,30,1,0.7871,0.0884,0.0,0.4765,,0.0,
25,6,0.24,66,always_short,20,1,0.7871,0.0884,0.0,0.2339,,0.0,
25,6,0.24,66,always_short,10,2,0.7871,0.0884,0.0,0.0864,,0.0,
25,6,0.24,66,always_short,10,1,0.7871,0.0884,0.0,0.0105,,0.0,
25,8,0.32,130,alternate,10,2,0.7426,0.0746,0.0,0.1346,,0.0,
25,8,0.32,130,alternate,20,1,0.7426,0.0746,0.0,0.318,,0.0,
25,8,0.32,130,always_long,10,1,0.7384,0.074,0.0,0.023,,0.0,
30,2,0.067,45,alternate,10,2,0.9012,0.0938,0.0,0.0705,,0.0,
30,2,0.067,30,always_short,50,2,0.9032,0.0912,0.0,0.5101,,0.0,
30,2,0.067,30,always_short,50,1,0.9032,0.0912,0.0,0.211,,0.0,
30,2,0.067,30,always_short,40,2,0.9032,0.0912,0.0,0.547,,0.0,
30,2,0.067,30,always_short,40,1,0.9032,0.0912,0.0,0.211,,0.0,
30,2,0.067,30,always_short,30,2,0.9032,0.0912,0.0,0.5757,,0.0,
30,2,0.067,30,always_short,30,1,0.9032,0.0912,0.0,0.211,,0.0,
30,2,0.067,30,always_short,20,2,0.9032,0.0912,0.0,0.4064,,0.0,
30,2,0.067,30,always_short,20,1,0.9032,0.0912,0.0,0.1786,,0.0,
30,2,0.067,30,always_short,10,2,0.9032,0.0912,0.0,0.0643,,0.0,
30,2,0.067,30,always_short,10,1,0.9032,0.0912,0.0,0.0019,,0.0,
30,2,0.067,30,always_long,50,2,0.899,0.0964,0.0,0.5376,,0.0,
30,2,0.067,30,always_long,50,1,0.899,0.0964,0.0,0.2276,,0.0,
30,2,0.067,30,always_long,40,2,0.899,0.0964,0.0,0.5753,,0.0,
30,2,0.067,30,always_long,40,1,0.899,0.0964,0.0,0.2276,,0.0,
30,2,0.067,30,always_long,30,2,0.899,0.0964,0.0,0.6054,,0.0,
30,2,0.067,30,always_long,30,1,0.899,0.0964,0.0,0.2276,,0.0,
30,2,0.067,30,always_long,20,2,0.899,0.0964,0.0,0.4348,,0.0,
30,2,0.067,30,always_long,20,1,0.899,0.0964,0.0,0.1941,,0.0,
30,2,0.067,30,always_long,10,2,0.899,0.0964,0.0,0.0769,,0.0,
30,2,0.067,45,alternate,10,1,0.9012,0.0938,0.0,0.0019,,0.0,
30,2,0.067,45,alternate,20,1,0.9012,0.0938,0.0,0.1871,,0.0,
25,8,0.32,130,always_long,10,2,0.7384,0.074,0.0,0.148,,0.0,
30,2,0.067,45,alternate,20,2,0.9012,0.0938,0.0,0.4211,,0.0,
30,2,0.067,45,always_short,20,1,0.9034,0.0913,0.0,0.1781,,0.0,
30,2,0.067,45,always_short,10,2,0.9034,0.0913,0.0,0.0643,,0.0,
30,2,0.067,45,always_short,10,1,0.9034,0.0913,0.0,0.0019,,0.0,
30,2,0.067,45,always_long,50,2,0.8991,0.0964,0.0,0.5376,,0.0,
30,2,0.067,45,always_long,50,1,0.8991,0.0964,0.0,0.2276,,0.0,
30,2,0.067,45,always_long,40,2,0.8991,0.0964,0.0,0.5753,,0.0,
30,2,0.067,45,always_long,40,1,0.8991,0.0964,0.0,0.2276,,0.0,
30,2,0.067,45,always_long,30,2,0.8991,0.0964,0.0,0.6054,,0.0,
30,2,0.067,45,always_long,30,1,0.8991,0.0964,0.0,0.2276,,0.0,
30,2,0.067,45,always_long,20,2,0.8991,0.0964,0.0,0.4346,,0.0,
30,2,0.067,45,always_long,20,1,0.8991,0.0964,0.0,0.1941,,0.0,
30,2,0.067,45,always_long,10,2,0.8991,0.0964,0.0,0.0769,,0.0,
30,2,0.067,45,always_long,10,1,0.8991,0.0964,0.0,0.0022,,0.0,
30,2,0.067,45,alternate,50,2,0.9012,0.0938,0.0,0.5242,,0.0,
30,2,0.067,45,alternate,50,1,0.9012,0.0938,0.0,0.2198,,0.0,
30,2,0.067,45,alternate,40,2,0.9012,0.0938,0.0,0.561,,0.0,
30,2,0.067,45,alternate,40,1,0.9012,0.0938,0.0,0.2198,,0.0,
30,2,0.067,45,alternate,30,2,0.9012,0.0938,0.0,0.5907,,0.0,
30,2,0.067,45,alternate,30,1,0.9012,0.0938,0.0,0.2198,,0.0,
30,2,0.067,30,always_long,10,1,0.899,0.0964,0.0,0.0022,,0.0,
30,2,0.067,30,alternate,50,2,0.9011,0.0938,0.0,0.5248,,0.0,
30,2,0.067,30,alternate,50,1,0.9011,0.0938,0.0,0.2203,,0.0,
30,2,0.067,30,alternate,40,2,0.9011,0.0938,0.0,0.5614,,0.0,
25,10,0.4,130,always_short,10,1,0.7097,0.063,0.0,0.0306,,0.0,
25,10,0.4,130,always_long,10,1,0.6987,0.0621,0.0,0.0382,,0.0,
25,10,0.4,130,alternate,10,1,0.7042,0.0625,0.0,0.0338,,0.0,
25,10,0.4,100,always_short,10,1,0.7096,0.0629,0.0,0.0306,,0.0,
25,10,0.4,100,always_long,10,1,0.6987,0.062,0.0,0.0382,,0.0,
25,10,0.4,100,alternate,10,1,0.7042,0.0625,0.0,0.0338,,0.0,
25,10,0.4,66,always_short,10,1,0.7095,0.0629,0.0,0.0306,,0.0,
25,10,0.4,66,always_long,10,1,0.6986,0.062,0.0,0.0382,,0.0,
25,10,0.4,66,alternate,10,1,0.7041,0.0624,0.0,0.0338,,0.0,
25,10,0.4,45,always_short,10,1,0.7095,0.0629,0.0,0.0306,,0.0,
25,10,0.4,45,always_long,10,1,0.6986,0.0619,0.0,0.0382,,0.0,
25,10,0.4,45,alternate,10,1,0.7041,0.0624,0.0,0.0338,,0.0,
25,10,0.4,30,always_short,10,1,0.7088,0.0629,0.0,0.0307,,0.0,
25,10,0.4,30,always_long,10,1,0.6983,0.0619,0.0,0.0386,,0.0,
25,10,0.4,30,alternate,10,1,0.7035,0.0624,0.0,0.0343,,0.0,
25,8,0.32,130,always_short,20,1,0.7468,0.0752,0.0,0.3061,,0.0,
25,8,0.32,130,always_short,10,2,0.7468,0.0752,0.0,0.1235,,0.0,
25,8,0.32,130,always_short,10,1,0.7468,0.0752,0.0,0.019,,0.0,
25,8,0.32,130,always_long,20,1,0.7384,0.074,0.0,0.3314,,0.0,
25,12,0.48,30,alternate,10,1,0.6681,0.0529,0.0,0.0471,,0.0,
25,12,0.48,30,always_long,10,1,0.6625,0.0525,0.0,0.0515,,0.0,
25,12,0.48,30,always_short,10,1,0.6738,0.0533,0.0,0.044,,0.0,
25,12,0.48,130,always_long,10,1,0.6628,0.0526,0.0,0.0514,,0.0,
30,2,0.067,30,alternate,40,1,0.9011,0.0938,0.0,0.2203,,0.0,
30,2,0.067,30,alternate,30,2,0.9011,0.0938,0.0,0.5911,,0.0,
30,2,0.067,30,alternate,30,1,0.9011,0.0938,0.0,0.2203,,0.0,
30,2,0.067,30,alternate,20,2,0.9011,0.0938,0.0,0.4215,,0.0,
30,2,0.067,30,alternate,20,1,0.9011,0.0938,0.0,0.1876,,0.0,
30,2,0.067,30,alternate,10,2,0.9011,0.0938,0.0,0.0709,,0.0,
30,2,0.067,30,alternate,10,1,0.9011,0.0938,0.0,0.002,,0.0,
25,12,0.48,130,always_short,10,1,0.6747,0.0535,0.0,0.0431,,0.0,
25,12,0.48,130,alternate,10,1,0.6688,0.053,0.0,0.047,,0.0,
25,12,0.48,45,alternate,10,1,0.6687,0.0529,0.0,0.047,,0.0,
25,12,0.48,100,always_short,10,1,0.6747,0.0534,0.0,0.0431,,0.0,
25,12,0.48,100,always_long,10,1,0.6629,0.0526,0.0,0.0512,,0.0,
25,12,0.48,100,alternate,10,1,0.6688,0.053,0.0,0.047,,0.0,
25,12,0.48,66,always_short,10,1,0.6746,0.0534,0.0,0.0432,,0.0,
25,12,0.48,66,always_long,10,1,0.6628,0.0525,0.0,0.0514,,0.0,
25,12,0.48,66,alternate,10,1,0.6687,0.053,0.0,0.047,,0.0,
25,12,0.48,45,always_short,10,1,0.6746,0.0534,0.0,0.0432,,0.0,
25,12,0.48,45,always_long,10,1,0.6627,0.0525,0.0,0.0514,,0.0,
25,6,0.24,30,always_short,10,1,0.7865,0.0883,0.0,0.011,,0.0,
25,6,0.24,30,always_long,20,1,0.7794,0.0895,0.0,0.2582,,0.0,
25,3,0.12,130,always_long,40,1,0.8488,0.1221,0.0,0.4061,,0.0,
25,4,0.16,66,always_short,10,2,0.8314,0.1066,0.0,0.0671,,0.0,
25,4,0.16,66,always_long,50,1,0.8269,0.1108,0.0,0.411,,0.0,
25,4,0.16,66,always_long,40,1,0.8269,0.1108,0.0,0.4396,,0.0,
25,4,0.16,66,always_long,30,1,0.8269,0.1108,0.0,0.4291,,0.0,
25,4,0.16,66,always_long,20,2,0.8269,0.1108,0.0,0.465,,0.0,
25,4,0.16,66,always_long,20,1,0.8269,0.1108,0.0,0.1901,,0.0,
25,4,0.16,66,always_long,10,2,0.8269,0.1108,0.0,0.0769,,0.0,
25,4,0.16,66,always_long,10,1,0.8269,0.1108,0.0,0.0076,,0.0,
25,4,0.16,66,alternate,50,1,0.8292,0.1087,0.0,0.4037,,0.0,
25,4,0.16,66,alternate,40,1,0.8292,0.1087,0.0,0.432,,0.0,
25,4,0.16,66,alternate,30,1,0.8292,0.1087,0.0,0.4193,,0.0,
25,4,0.16,66,alternate,20,2,0.8292,0.1087,0.0,0.4539,,0.0,
25,4,0.16,66,alternate,20,1,0.8292,0.1087,0.0,0.185,,0.0,
25,4,0.16,66,alternate,10,2,0.8292,0.1087,0.0,0.0719,,0.0,
25,4,0.16,66,alternate,10,1,0.8292,0.1087,0.0,0.0067,,0.0,
25,4,0.16,45,always_short,50,1,0.8313,0.1065,0.0,0.3959,,0.0,
25,4,0.16,45,always_short,40,1,0.8313,0.1065,0.0,0.424,,0.0,
25,4,0.16,45,always_short,30,1,0.8313,0.1065,0.0,0.4115,,0.0,
25,4,0.16,45,always_short,20,2,0.8313,0.1065,0.0,0.4455,,0.0,
25,4,0.16,45,always_short,20,1,0.8313,0.1065,0.0,0.1794,,0.0,
25,4,0.16,66,always_short,10,1,0.8314,0.1066,0.0,0.0063,,0.0,
25,4,0.16,66,always_short,20,1,0.8314,0.1066,0.0,0.1792,,0.0,
25,4,0.16,45,always_short,10,1,0.8313,0.1065,0.0,0.0063,,0.0,
25,4,0.16,66,always_short,20,2,0.8314,0.1066,0.0,0.4451,,0.0,
25,4,0.16,100,always_short,10,2,0.8314,0.1066,0.0,0.0671,,0.0,
25,4,0.16,100,always_short,10,1,0.8314,0.1066,0.0,0.0063,,0.0,
25,4,0.16,100,always_long,50,1,0.8269,0.1109,0.0,0.411,,0.0,
25,4,0.16,100,always_long,40,1,0.8269,0.1109,0.0,0.4396,,0.0,
25,4,0.16,100,always_long,30,1,0.8269,0.1109,0.0,0.4291,,0.0,
25,4,0.16,100,always_long,20,2,0.8269,0.1109,0.0,0.4651,,0.0,
25,4,0.16,100,always_long,20,1,0.8269,0.1109,0.0,0.1901,,0.0,
25,4,0.16,100,always_long,10,2,0.8269,0.1109,0.0,0.077,,0.0,
25,4,0.16,100,always_long,10,1,0.8269,0.1109,0.0,0.0076,,0.0,
25,4,0.16,100,alternate,50,1,0.8292,0.1087,0.0,0.4037,,0.0,
25,4,0.16,100,alternate,40,1,0.8292,0.1087,0.0,0.4321,,0.0,
25,4,0.16,100,alternate,30,1,0.8292,0.1087,0.0,0.4194,,0.0,
25,4,0.16,100,alternate,20,2,0.8292,0.1087,0.0,0.4539,,0.0,
25,4,0.16,100,alternate,20,1,0.8292,0.1087,0.0,0.185,,0.0,
25,4,0.16,100,alternate,10,2,0.8292,0.1087,0.0,0.072,,0.0,
25,4,0.16,100,alternate,10,1,0.8292,0.1087,0.0,0.0067,,0.0,
25,4,0.16,66,always_short,50,1,0.8314,0.1066,0.0,0.3959,,0.0,
25,4,0.16,66,always_short,40,1,0.8314,0.1066,0.0,0.424,,0.0,
25,4,0.16,66,always_short,30,1,0.8314,0.1066,0.0,0.4115,,0.0,
25,4,0.16,45,always_short,10,2,0.8313,0.1065,0.0,0.0674,,0.0,
25,4,0.16,45,always_long,50,1,0.827,0.1108,0.0,0.4106,,0.0,
25,6,0.24,30,always_long,10,2,0.7794,0.0895,0.0,0.1037,,0.0,
25,4,0.16,30,always_long,30,1,0.8269,0.1107,0.0,0.4293,,0.0,
25,4,0.16,30,always_long,20,1,0.8269,0.1107,0.0,0.1904,,0.0,
25,4,0.16,30,always_long,10,2,0.8269,0.1107,0.0,0.077,,0.0,
25,4,0.16,30,always_long,10,1,0.8269,0.1107,0.0,0.0076,,0.0,
25,4,0.16,30,alternate,50,1,0.8289,0.1086,0.0,0.4042,,0.0,
25,4,0.16,30,alternate,40,1,0.8289,0.1086,0.0,0.4326,,0.0,
25,4,0.16,30,alternate,30,1,0.8289,0.1086,0.0,0.4199,,0.0,
25,4,0.16,30,alternate,20,2,0.8289,0.1086,0.0,0.455,,0.0,
25,4,0.16,30,alternate,20,1,0.8289,0.1086,0.0,0.1857,,0.0,
25,4,0.16,30,alternate,10,2,0.8289,0.1086,0.0,0.0724,,0.0,
25,4,0.16,30,alternate,10,1,0.8289,0.1086,0.0,0.0069,,0.0,
25,3,0.12,130,always_short,50,1,0.8536,0.1178,0.0,0.358,,0.0,
25,3,0.12,130,always_short,40,1,0.8536,0.1178,0.0,0.3856,,0.0,
25,3,0.12,130,always_short,30,2,0.8536,0.1178,0.0,0.6859,,0.0,
25,3,0.12,130,always_short,30,1,0.8536,0.1178,0.0,0.3772,,0.0,
25,3,0.12,130,always_short,20,2,0.8536,0.1178,0.0,0.4514,,0.0,
25,3,0.12,130,always_short,20,1,0.8536,0.1178,0.0,0.169,,0.0,
25,3,0.12,130,always_short,10,2,0.8536,0.1178,0.0,0.0636,,0.0,
25,3,0.12,130,always_short,10,1,0.8536,0.1178,0.0,0.0036,,0.0,
25,3,0.12,130,always_long,50,1,0.8488,0.1221,0.0,0.3756,,0.0,
25,4,0.16,30,always_long,20,2,0.8269,0.1107,0.0,0.4654,,0.0,
25,4,0.16,30,always_long,40,1,0.8269,0.1107,0.0,0.4397,,0.0,
25,4,0.16,45,always_long,40,1,0.827,0.1108,0.0,0.4392,,0.0,
25,4,0.16,30,always_long,50,1,0.8269,0.1107,0.0,0.4111,,0.0,
25,4,0.16,45,always_long,30,1,0.827,0.1108,0.0,0.4285,,0.0,
25,4,0.16,45,always_long,20,2,0.827,0.1108,0.0,0.4645,,0.0,
25,4,0.16,45,always_long,20,1,0.827,0.1108,0.0,0.19,,0.0,
25,4,0.16,45,always_long,10,2,0.827,0.1108,0.0,0.0767,,0.0,
25,4,0.16,45,always_long,10,1,0.827,0.1108,0.0,0.0076,,0.0,
25,4,0.16,45,alternate,50,1,0.8292,0.1086,0.0,0.4037,,0.0,
25,4,0.16,45,alternate,40,1,0.8292,0.1086,0.0,0.4321,,0.0,
25,4,0.16,45,alternate,30,1,0.8292,0.1086,0.0,0.4194,,0.0,
25,4,0.16,45,alternate,20,2,0.8292,0.1086,0.0,0.4539,,0.0,
25,4,0.16,45,alternate,20,1,0.8292,0.1086,0.0,0.185,,0.0,
25,4,0.16,45,alternate,10,2,0.8292,0.1086,0.0,0.072,,0.0,
25,4,0.16,45,alternate,10,1,0.8292,0.1086,0.0,0.0067,,0.0,
25,4,0.16,30,always_short,50,1,0.831,0.1065,0.0,0.3974,,0.0,
25,4,0.16,30,always_short,40,1,0.831,0.1065,0.0,0.4255,,0.0,
25,4,0.16,30,always_short,30,1,0.831,0.1065,0.0,0.413,,0.0,
25,4,0.16,30,always_short,20,2,0.831,0.1065,0.0,0.4467,,0.0,
25,4,0.16,30,always_short,20,1,0.831,0.1065,0.0,0.18,,0.0,
25,4,0.16,30,always_short,10,2,0.831,0.1065,0.0,0.0684,,0.0,
25,4,0.16,30,always_short,10,1,0.831,0.1065,0.0,0.0063,,0.0,
25,4,0.16,100,always_short,20,1,0.8314,0.1066,0.0,0.1792,,0.0,
25,4,0.16,100,always_short,20,2,0.8314,0.1066,0.0,0.4451,,0.0,
25,4,0.16,100,always_short,30,1,0.8314,0.1066,0.0,0.4115,,0.0,
25,5,0.2,100,always_long,30,1,0.8029,0.0994,0.0,0.4791,,0.0,
25,5,0.2,100,always_long,10,2,0.8029,0.0994,0.0,0.0876,,0.0,
25,5,0.2,100,always_long,10,1,0.8029,0.0994,0.0,0.0077,,0.0,
25,5,0.2,100,alternate,30,1,0.8061,0.0981,0.0,0.4662,,0.0,
25,5,0.2,100,alternate,20,1,0.8061,0.0981,0.0,0.2029,,0.0,
25,5,0.2,100,alternate,10,2,0.8061,0.0981,0.0,0.0805,,0.0,
25,5,0.2,100,alternate,10,1,0.8061,0.0981,0.0,0.0073,,0.0,
25,5,0.2,66,always_short,30,1,0.8094,0.0968,0.0,0.451,,0.0,
25,5,0.2,66,always_short,20,1,0.8094,0.0968,0.0,0.1948,,0.0,
25,5,0.2,66,always_short,10,2,0.8094,0.0968,0.0,0.0735,,0.0,
25,5,0.2,66,always_short,10,1,0.8094,0.0968,0.0,0.0064,,0.0,
25,5,0.2,66,always_long,30,1,0.8029,0.0994,0.0,0.4793,,0.0,
25,5,0.2,66,always_long,20,1,0.8029,0.0994,0.0,0.213,,0.0,
25,5,0.2,66,always_long,10,2,0.8029,0.0994,0.0,0.0876,,0.0,
25,5,0.2,66,always_long,10,1,0.8029,0.0994,0.0,0.0077,,0.0,
25,5,0.2,66,alternate,30,1,0.8061,0.0981,0.0,0.4662,,0.0,
25,5,0.2,66,alternate,20,1,0.8061,0.0981,0.0,0.2029,,0.0,
25,5,0.2,66,alternate,10,2,0.8061,0.0981,0.0,0.0805,,0.0,
25,5,0.2,66,alternate,10,1,0.8061,0.0981,0.0,0.0073,,0.0,
25,5,0.2,45,always_short,30,1,0.8093,0.0967,0.0,0.4515,,0.0,
25,5,0.2,100,always_long,20,1,0.8029,0.0994,0.0,0.213,,0.0,
25,5,0.2,100,always_short,10,1,0.8094,0.0968,0.0,0.0064,,0.0,
25,4,0.16,100,always_short,40,1,0.8314,0.1066,0.0,0.424,,0.0,
25,5,0.2,100,always_short,10,2,0.8094,0.0968,0.0,0.0735,,0.0,
25,6,0.24,30,always_long,10,1,0.7794,0.0895,0.0,0.0131,,0.0,
25,6,0.24,30,alternate,30,1,0.783,0.0889,0.0,0.4909,,0.0,
25,6,0.24,30,alternate,20,1,0.783,0.0889,0.0,0.2462,,0.0,
25,6,0.24,30,alternate,10,2,0.783,0.0889,0.0,0.0958,,0.0,
25,6,0.24,30,alternate,10,1,0.783,0.0889,0.0,0.0115,,0.0,
25,5,0.2,130,always_short,30,1,0.8094,0.0968,0.0,0.4509,,0.0,
25,5,0.2,130,always_short,20,1,0.8094,0.0968,0.0,0.1948,,0.0,
25,5,0.2,130,always_short,10,2,0.8094,0.0968,0.0,0.0734,,0.0,
25,5,0.2,130,always_short,10,1,0.8094,0.0968,0.0,0.0064,,0.0,
25,5,0.2,130,always_long,30,1,0.8029,0.0995,0.0,0.4791,,0.0,
25,5,0.2,130,always_long,20,1,0.8029,0.0995,0.0,0.213,,0.0,
25,5,0.2,130,always_long,10,2,0.8029,0.0995,0.0,0.0876,,0.0,
25,5,0.2,130,always_long,10,1,0.8029,0.0995,0.0,0.0077,,0.0,
25,5,0.2,130,alternate,30,1,0.8062,0.0982,0.0,0.466,,0.0,
25,5,0.2,130,alternate,20,1,0.8062,0.0982,0.0,0.2029,,0.0,
25,5,0.2,130,alternate,10,2,0.8062,0.0982,0.0,0.0805,,0.0,
25,5,0.2,130,alternate,10,1,0.8062,0.0982,0.0,0.0073,,0.0,
25,5,0.2,100,always_short,30,1,0.8094,0.0968,0.0,0.4511,,0.0,
25,5,0.2,100,always_short,20,1,0.8094,0.0968,0.0,0.1948,,0.0,
25,5,0.2,45,always_short,20,1,0.8093,0.0967,0.0,0.1949,,0.0,
25,5,0.2,45,always_short,10,2,0.8093,0.0967,0.0,0.0735,,0.0,
25,5,0.2,45,always_short,10,1,0.8093,0.0967,0.0,0.0064,,0.0,
25,5,0.2,45,always_long,30,1,0.8029,0.0993,0.0,0.4791,,0.0,
25,4,0.16,130,always_short,20,2,0.8314,0.1066,0.0,0.4451,,0.0,
25,4,0.16,130,always_short,20,1,0.8314,0.1066,0.0,0.1792,,0.0,
25,4,0.16,130,always_short,10,2,0.8314,0.1066,0.0,0.0671,,0.0,
25,4,0.16,130,always_short,10,1,0.8314,0.1066,0.0,0.0063,,0.0,
25,4,0.16,130,always_long,50,1,0.8269,0.111,0.0,0.4111,,0.0,
25,4,0.16,130,always_long,40,1,0.8269,0.111,0.0,0.4397,,0.0,
25,4,0.16,130,always_long,30,1,0.8269,0.111,0.0,0.4293,,0.0,
25,4,0.16,130,always_long,20,2,0.8269,0.111,0.0,0.4655,,0.0,
25,4,0.16,130,always_long,20,1,0.8269,0.111,0.0,0.1904,,0.0,
25,4,0.16,130,always_long,10,2,0.8269,0.111,0.0,0.0771,,0.0,
25,4,0.16,130,always_long,10,1,0.8269,0.111,0.0,0.0076,,0.0,
25,4,0.16,130,alternate,50,1,0.8291,0.1088,0.0,0.4037,,0.0,
25,4,0.16,130,alternate,40,1,0.8291,0.1088,0.0,0.4321,,0.0,
25,4,0.16,130,alternate,30,1,0.8291,0.1088,0.0,0.4194,,0.0,
25,4,0.16,130,alternate,20,2,0.8291,0.1088,0.0,0.4539,,0.0,
25,4,0.16,130,alternate,20,1,0.8291,0.1088,0.0,0.185,,0.0,
25,4,0.16,130,alternate,10,2,0.8291,0.1088,0.0,0.072,,0.0,
25,4,0.16,130,alternate,10,1,0.8291,0.1088,0.0,0.0067,,0.0,
25,4,0.16,100,always_short,50,1,0.8314,0.1066,0.0,0.3959,,0.0,
25,4,0.16,130,always_short,30,1,0.8314,0.1066,0.0,0.4114,,0.0,
25,4,0.16,130,always_short,40,1,0.8314,0.1066,0.0,0.4239,,0.0,
25,4,0.16,130,always_short,50,1,0.8314,0.1066,0.0,0.3957,,0.0,
25,5,0.2,30,always_short,20,1,0.8089,0.0967,0.0,0.1959,,0.0,
25,5,0.2,45,always_long,20,1,0.8029,0.0993,0.0,0.213,,0.0,
25,5,0.2,45,always_long,10,2,0.8029,0.0993,0.0,0.0876,,0.0,
25,5,0.2,45,always_long,10,1,0.8029,0.0993,0.0,0.0077,,0.0,
25,5,0.2,45,alternate,30,1,0.8061,0.098,0.0,0.4662,,0.0,
25,5,0.2,45,alternate,20,1,0.8061,0.098,0.0,0.2031,,0.0,
25,5,0.2,45,alternate,10,2,0.8061,0.098,0.0,0.0805,,0.0,
25,5,0.2,45,alternate,10,1,0.8061,0.098,0.0,0.0073,,0.0,
25,5,0.2,30,always_short,30,1,0.8089,0.0967,0.0,0.4541,,0.0,
25,5,0.2,30,always_short,10,2,0.8089,0.0967,0.0,0.0744,,0.0,
25,5,0.2,30,alternate,10,1,0.8058,0.098,0.0,0.0073,,0.0,
25,5,0.2,30,always_short,10,1,0.8089,0.0967,0.0,0.0064,,0.0,
25,5,0.2,30,always_long,30,1,0.8027,0.0993,0.0,0.4803,,0.0,
25,5,0.2,30,always_long,20,1,0.8027,0.0993,0.0,0.2132,,0.0,
25,5,0.2,30,always_long,10,2,0.8027,0.0993,0.0,0.088,,0.0,
25,5,0.2,30,always_long,10,1,0.8027,0.0993,0.0,0.0079,,0.0,
25,5,0.2,30,alternate,30,1,0.8058,0.098,0.0,0.4681,,0.0,
25,5,0.2,30,alternate,20,1,0.8058,0.098,0.0,0.2039,,0.0,
25,5,0.2,30,alternate,10,2,0.8058,0.098,0.0,0.081,,0.0,
30,5,0.167,30,alternate,10,1,0.8373,0.0697,0.0,0.0145,,0.0,
